/home/comparendos/venv/lib/python3.12/site-packages/urllib3/connectionpool.py:1097: InsecureRequestWarning: Unverified HTTPS request is being made to host 'serviciosdigitales.movilidadavanzadabello.com.co'. Adding certificate verification is strongly advised. See: https://urllib3.readthedocs.io/en/latest/advanced-usage.html#tls-warnings
  warnings.warn(
/home/comparendos/venv/lib/python3.12/site-packages/urllib3/connectionpool.py:1097: InsecureRequestWarning: Unverified HTTPS request is being made to host 'serviciosdigitales.movilidadavanzadabello.com.co'. Adding certificate verification is strongly advised. See: https://urllib3.readthedocs.io/en/latest/advanced-usage.html#tls-warnings
  warnings.warn(
/home/comparendos/venv/lib/python3.12/site-packages/urllib3/connectionpool.py:1097: InsecureRequestWarning: Unverified HTTPS request is being made to host 'serviciosdigitales.movilidadavanzadabello.com.co'. Adding certificate verification is strongly advised. See: https://urllib3.readthedocs.io/en/latest/advanced-usage.html#tls-warnings
  warnings.warn(
/home/comparendos/venv/lib/python3.12/site-packages/urllib3/connectionpool.py:1097: InsecureRequestWarning: Unverified HTTPS request is being made to host 'serviciosdigitales.movilidadavanzadabello.com.co'. Adding certificate verification is strongly advised. See: https://urllib3.readthedocs.io/en/latest/advanced-usage.html#tls-warnings
  warnings.warn(
/home/comparendos/venv/lib/python3.12/site-packages/urllib3/connectionpool.py:1097: InsecureRequestWarning: Unverified HTTPS request is being made to host 'serviciosdigitales.movilidadavanzadabello.com.co'. Adding certificate verification is strongly advised. See: https://urllib3.readthedocs.io/en/latest/advanced-usage.html#tls-warnings
  warnings.warn(
/home/comparendos/venv/lib/python3.12/site-packages/urllib3/connectionpool.py:1097: InsecureRequestWarning: Unverified HTTPS request is being made to host 'serviciosdigitales.movilidadavanzadabello.com.co'. Adding certificate verification is strongly advised. See: https://urllib3.readthedocs.io/en/latest/advanced-usage.html#tls-warnings
  warnings.warn(
/home/comparendos/venv/lib/python3.12/site-packages/urllib3/connectionpool.py:1097: InsecureRequestWarning: Unverified HTTPS request is being made to host 'serviciosdigitales.movilidadavanzadabello.com.co'. Adding certificate verification is strongly advised. See: https://urllib3.readthedocs.io/en/latest/advanced-usage.html#tls-warnings
  warnings.warn(
/home/comparendos/venv/lib/python3.12/site-packages/urllib3/connectionpool.py:1097: InsecureRequestWarning: Unverified HTTPS request is being made to host 'serviciosdigitales.movilidadavanzadabello.com.co'. Adding certificate verification is strongly advised. See: https://urllib3.readthedocs.io/en/latest/advanced-usage.html#tls-warnings
  warnings.warn(
/home/comparendos/venv/lib/python3.12/site-packages/urllib3/connectionpool.py:1097: InsecureRequestWarning: Unverified HTTPS request is being made to host 'serviciosdigitales.movilidadavanzadabello.com.co'. Adding certificate verification is strongly advised. See: https://urllib3.readthedocs.io/en/latest/advanced-usage.html#tls-warnings
  warnings.warn(
/home/comparendos/venv/lib/python3.12/site-packages/urllib3/connectionpool.py:1097: InsecureRequestWarning: Unverified HTTPS request is being made to host 'serviciosdigitales.movilidadavanzadabello.com.co'. Adding certificate verification is strongly advised. See: https://urllib3.readthedocs.io/en/latest/advanced-usage.html#tls-warnings
  warnings.warn(
/home/comparendos/venv/lib/python3.12/site-packages/urllib3/connectionpool.py:1097: InsecureRequestWarning: Unverified HTTPS request is being made to host 'serviciosdigitales.movilidadavanzadabello.com.co'. Adding certificate verification is strongly advised. See: https://urllib3.readthedocs.io/en/latest/advanced-usage.html#tls-warnings
  warnings.warn(
/home/comparendos/venv/lib/python3.12/site-packages/urllib3/connectionpool.py:1097: InsecureRequestWarning: Unverified HTTPS request is being made to host 'serviciosdigitales.movilidadavanzadabello.com.co'. Adding certificate verification is strongly advised. See: https://urllib3.readthedocs.io/en/latest/advanced-usage.html#tls-warnings
  warnings.warn(
/home/comparendos/venv/lib/python3.12/site-packages/urllib3/connectionpool.py:1097: InsecureRequestWarning: Unverified HTTPS request is being made to host 'serviciosdigitales.movilidadavanzadabello.com.co'. Adding certificate verification is strongly advised. See: https://urllib3.readthedocs.io/en/latest/advanced-usage.html#tls-warnings
  warnings.warn(
/home/comparendos/venv/lib/python3.12/site-packages/urllib3/connectionpool.py:1097: InsecureRequestWarning: Unverified HTTPS request is being made to host 'serviciosdigitales.movilidadavanzadabello.com.co'. Adding certificate verification is strongly advised. See: https://urllib3.readthedocs.io/en/latest/advanced-usage.html#tls-warnings
  warnings.warn(
/home/comparendos/venv/lib/python3.12/site-packages/urllib3/connectionpool.py:1097: InsecureRequestWarning: Unverified HTTPS request is being made to host 'serviciosdigitales.movilidadavanzadabello.com.co'. Adding certificate verification is strongly advised. See: https://urllib3.readthedocs.io/en/latest/advanced-usage.html#tls-warnings
  warnings.warn(
/home/comparendos/venv/lib/python3.12/site-packages/urllib3/connectionpool.py:1097: InsecureRequestWarning: Unverified HTTPS request is being made to host 'serviciosdigitales.movilidadavanzadabello.com.co'. Adding certificate verification is strongly advised. See: https://urllib3.readthedocs.io/en/latest/advanced-usage.html#tls-warnings
  warnings.warn(
/home/comparendos/venv/lib/python3.12/site-packages/urllib3/connectionpool.py:1097: InsecureRequestWarning: Unverified HTTPS request is being made to host 'serviciosdigitales.movilidadavanzadabello.com.co'. Adding certificate verification is strongly advised. See: https://urllib3.readthedocs.io/en/latest/advanced-usage.html#tls-warnings
  warnings.warn(
/home/comparendos/venv/lib/python3.12/site-packages/urllib3/connectionpool.py:1097: InsecureRequestWarning: Unverified HTTPS request is being made to host 'serviciosdigitales.movilidadavanzadabello.com.co'. Adding certificate verification is strongly advised. See: https://urllib3.readthedocs.io/en/latest/advanced-usage.html#tls-warnings
  warnings.warn(
/home/comparendos/venv/lib/python3.12/site-packages/urllib3/connectionpool.py:1097: InsecureRequestWarning: Unverified HTTPS request is being made to host 'serviciosdigitales.movilidadavanzadabello.com.co'. Adding certificate verification is strongly advised. See: https://urllib3.readthedocs.io/en/latest/advanced-usage.html#tls-warnings
  warnings.warn(
/home/comparendos/venv/lib/python3.12/site-packages/urllib3/connectionpool.py:1097: InsecureRequestWarning: Unverified HTTPS request is being made to host 'serviciosdigitales.movilidadavanzadabello.com.co'. Adding certificate verification is strongly advised. See: https://urllib3.readthedocs.io/en/latest/advanced-usage.html#tls-warnings
  warnings.warn(
/home/comparendos/venv/lib/python3.12/site-packages/urllib3/connectionpool.py:1097: InsecureRequestWarning: Unverified HTTPS request is being made to host 'serviciosdigitales.movilidadavanzadabello.com.co'. Adding certificate verification is strongly advised. See: https://urllib3.readthedocs.io/en/latest/advanced-usage.html#tls-warnings
  warnings.warn(
/home/comparendos/venv/lib/python3.12/site-packages/urllib3/connectionpool.py:1097: InsecureRequestWarning: Unverified HTTPS request is being made to host 'serviciosdigitales.movilidadavanzadabello.com.co'. Adding certificate verification is strongly advised. See: https://urllib3.readthedocs.io/en/latest/advanced-usage.html#tls-warnings
  warnings.warn(
/home/comparendos/venv/lib/python3.12/site-packages/urllib3/connectionpool.py:1097: InsecureRequestWarning: Unverified HTTPS request is being made to host 'serviciosdigitales.movilidadavanzadabello.com.co'. Adding certificate verification is strongly advised. See: https://urllib3.readthedocs.io/en/latest/advanced-usage.html#tls-warnings
  warnings.warn(
/home/comparendos/venv/lib/python3.12/site-packages/urllib3/connectionpool.py:1097: InsecureRequestWarning: Unverified HTTPS request is being made to host 'serviciosdigitales.movilidadavanzadabello.com.co'. Adding certificate verification is strongly advised. See: https://urllib3.readthedocs.io/en/latest/advanced-usage.html#tls-warnings
  warnings.warn(
/home/comparendos/venv/lib/python3.12/site-packages/urllib3/connectionpool.py:1097: InsecureRequestWarning: Unverified HTTPS request is being made to host 'serviciosdigitales.movilidadavanzadabello.com.co'. Adding certificate verification is strongly advised. See: https://urllib3.readthedocs.io/en/latest/advanced-usage.html#tls-warnings
  warnings.warn(
/home/comparendos/venv/lib/python3.12/site-packages/urllib3/connectionpool.py:1097: InsecureRequestWarning: Unverified HTTPS request is being made to host 'serviciosdigitales.movilidadavanzadabello.com.co'. Adding certificate verification is strongly advised. See: https://urllib3.readthedocs.io/en/latest/advanced-usage.html#tls-warnings
  warnings.warn(
/home/comparendos/venv/lib/python3.12/site-packages/urllib3/connectionpool.py:1097: InsecureRequestWarning: Unverified HTTPS request is being made to host 'serviciosdigitales.movilidadavanzadabello.com.co'. Adding certificate verification is strongly advised. See: https://urllib3.readthedocs.io/en/latest/advanced-usage.html#tls-warnings
  warnings.warn(
/home/comparendos/venv/lib/python3.12/site-packages/urllib3/connectionpool.py:1097: InsecureRequestWarning: Unverified HTTPS request is being made to host 'serviciosdigitales.movilidadavanzadabello.com.co'. Adding certificate verification is strongly advised. See: https://urllib3.readthedocs.io/en/latest/advanced-usage.html#tls-warnings
  warnings.warn(
/home/comparendos/venv/lib/python3.12/site-packages/urllib3/connectionpool.py:1097: InsecureRequestWarning: Unverified HTTPS request is being made to host 'serviciosdigitales.movilidadavanzadabello.com.co'. Adding certificate verification is strongly advised. See: https://urllib3.readthedocs.io/en/latest/advanced-usage.html#tls-warnings
  warnings.warn(
/home/comparendos/venv/lib/python3.12/site-packages/urllib3/connectionpool.py:1097: InsecureRequestWarning: Unverified HTTPS request is being made to host 'serviciosdigitales.movilidadavanzadabello.com.co'. Adding certificate verification is strongly advised. See: https://urllib3.readthedocs.io/en/latest/advanced-usage.html#tls-warnings
  warnings.warn(
Inicio del proceso mensual: [2026-04-27 09:00:02]
Procesando desde offset 9327, lote de 279 registros
Error al conectar o autenticar con SABANETA: 403 Client Error: Forbidden for url: https://transitosabaneta.utsetsa.com/backavit/avit/login
Error en SABANETA: Expecting value: line 1 column 1 (char 0)
Error en consulta_info_home_public para ITAGUI: HTTPSConnectionPool(host='movilidad.transitoitagui.gov.co', port=443): Read timed out. (read timeout=30)
Error en ITAGUI: 'NoneType' object has no attribute 'json'
Error en SABANETA: Expecting value: line 1 column 1 (char 0)
Error en consulta_info_home_public para ITAGUI: HTTPSConnectionPool(host='movilidad.transitoitagui.gov.co', port=443): Read timed out. (read timeout=30)
Error en ITAGUI: 'NoneType' object has no attribute 'json'
Error en SABANETA: Expecting value: line 1 column 1 (char 0)
Error en consulta_info_home_public para ITAGUI: HTTPSConnectionPool(host='movilidad.transitoitagui.gov.co', port=443): Read timed out. (read timeout=30)
Error en ITAGUI: 'NoneType' object has no attribute 'json'
Error en SABANETA: Expecting value: line 1 column 1 (char 0)
Error en consulta_info_home_public para ITAGUI: HTTPSConnectionPool(host='movilidad.transitoitagui.gov.co', port=443): Read timed out. (read timeout=30)
Error en ITAGUI: 'NoneType' object has no attribute 'json'
Error en SABANETA: Expecting value: line 1 column 1 (char 0)
Error en consulta_info_home_public para ITAGUI: HTTPSConnectionPool(host='movilidad.transitoitagui.gov.co', port=443): Read timed out. (read timeout=30)
Error en ITAGUI: 'NoneType' object has no attribute 'json'
Error en SABANETA: Expecting value: line 1 column 1 (char 0)
Error en consulta_info_home_public para ITAGUI: HTTPSConnectionPool(host='movilidad.transitoitagui.gov.co', port=443): Read timed out. (read timeout=30)
Error en ITAGUI: 'NoneType' object has no attribute 'json'
Error en SABANETA: Expecting value: line 1 column 1 (char 0)
Error en consulta_info_home_public para ITAGUI: HTTPSConnectionPool(host='movilidad.transitoitagui.gov.co', port=443): Read timed out. (read timeout=30)
Error en ITAGUI: 'NoneType' object has no attribute 'json'
Error en SABANETA: Expecting value: line 1 column 1 (char 0)
Error en consulta_info_home_public para ITAGUI: HTTPSConnectionPool(host='movilidad.transitoitagui.gov.co', port=443): Read timed out. (read timeout=30)
Error en ITAGUI: 'NoneType' object has no attribute 'json'
Error en SABANETA: Expecting value: line 1 column 1 (char 0)
Error en consulta_info_home_public para ITAGUI: HTTPSConnectionPool(host='movilidad.transitoitagui.gov.co', port=443): Read timed out. (read timeout=30)
Error en ITAGUI: 'NoneType' object has no attribute 'json'
Error en SABANETA: Expecting value: line 1 column 1 (char 0)
Error en consulta_info_home_public para ITAGUI: HTTPSConnectionPool(host='movilidad.transitoitagui.gov.co', port=443): Read timed out. (read timeout=30)
Error en ITAGUI: 'NoneType' object has no attribute 'json'
Error en SABANETA: Expecting value: line 1 column 1 (char 0)
Error en consulta_info_home_public para ITAGUI: HTTPSConnectionPool(host='movilidad.transitoitagui.gov.co', port=443): Read timed out. (read timeout=30)
Error en ITAGUI: 'NoneType' object has no attribute 'json'
Error en SABANETA: Expecting value: line 1 column 1 (char 0)
Error en consulta_info_home_public para ITAGUI: HTTPSConnectionPool(host='movilidad.transitoitagui.gov.co', port=443): Read timed out. (read timeout=30)
Error en ITAGUI: 'NoneType' object has no attribute 'json'
Error en SABANETA: Expecting value: line 1 column 1 (char 0)
Error en consulta_info_home_public para ITAGUI: HTTPSConnectionPool(host='movilidad.transitoitagui.gov.co', port=443): Read timed out. (read timeout=30)
Error en ITAGUI: 'NoneType' object has no attribute 'json'
Error en SABANETA: Expecting value: line 1 column 1 (char 0)
Error en consulta_info_home_public para ITAGUI: HTTPSConnectionPool(host='movilidad.transitoitagui.gov.co', port=443): Read timed out. (read timeout=30)
Error en ITAGUI: 'NoneType' object has no attribute 'json'
Error en SABANETA: Expecting value: line 1 column 1 (char 0)
Error en consulta_info_home_public para ITAGUI: HTTPSConnectionPool(host='movilidad.transitoitagui.gov.co', port=443): Read timed out. (read timeout=30)
Error en ITAGUI: 'NoneType' object has no attribute 'json'
Error en SABANETA: Expecting value: line 1 column 1 (char 0)
Error en consulta_info_home_public para ITAGUI: HTTPSConnectionPool(host='movilidad.transitoitagui.gov.co', port=443): Read timed out. (read timeout=30)
Error en ITAGUI: 'NoneType' object has no attribute 'json'
Error en SABANETA: Expecting value: line 1 column 1 (char 0)
Error en consulta_info_home_public para ITAGUI: HTTPSConnectionPool(host='movilidad.transitoitagui.gov.co', port=443): Read timed out. (read timeout=30)
Error en ITAGUI: 'NoneType' object has no attribute 'json'
Error en SABANETA: Expecting value: line 1 column 1 (char 0)
Error en consulta_info_home_public para ITAGUI: HTTPSConnectionPool(host='movilidad.transitoitagui.gov.co', port=443): Read timed out. (read timeout=30)
Error en ITAGUI: 'NoneType' object has no attribute 'json'
Error en SABANETA: Expecting value: line 1 column 1 (char 0)
Error en consulta_info_home_public para ITAGUI: HTTPSConnectionPool(host='movilidad.transitoitagui.gov.co', port=443): Read timed out. (read timeout=30)
Error en ITAGUI: 'NoneType' object has no attribute 'json'
Error en SABANETA: Expecting value: line 1 column 1 (char 0)
Error en consulta_info_home_public para ITAGUI: HTTPSConnectionPool(host='movilidad.transitoitagui.gov.co', port=443): Read timed out. (read timeout=30)
Error en ITAGUI: 'NoneType' object has no attribute 'json'
Error en SABANETA: Expecting value: line 1 column 1 (char 0)
Error en consulta_info_home_public para ITAGUI: HTTPSConnectionPool(host='movilidad.transitoitagui.gov.co', port=443): Read timed out. (read timeout=30)
Error en ITAGUI: 'NoneType' object has no attribute 'json'
El comparendo ya fue notificado previamente Documento: 15374848 Comparendo: 05001000000051618389
Error en SABANETA: Expecting value: line 1 column 1 (char 0)
Error en consulta_info_home_public para ITAGUI: HTTPSConnectionPool(host='movilidad.transitoitagui.gov.co', port=443): Read timed out. (read timeout=30)
Error en ITAGUI: 'NoneType' object has no attribute 'json'
Error en SABANETA: Expecting value: line 1 column 1 (char 0)
Error en consulta_info_home_public para ITAGUI: HTTPSConnectionPool(host='movilidad.transitoitagui.gov.co', port=443): Read timed out. (read timeout=30)
Error en ITAGUI: 'NoneType' object has no attribute 'json'
Error en SABANETA: Expecting value: line 1 column 1 (char 0)
Error en consulta_info_home_public para ITAGUI: HTTPSConnectionPool(host='movilidad.transitoitagui.gov.co', port=443): Read timed out. (read timeout=30)
Error en ITAGUI: 'NoneType' object has no attribute 'json'
Error en SABANETA: Expecting value: line 1 column 1 (char 0)
Error en consulta_info_home_public para ITAGUI: HTTPSConnectionPool(host='movilidad.transitoitagui.gov.co', port=443): Read timed out. (read timeout=30)
Error en ITAGUI: 'NoneType' object has no attribute 'json'
Error en SABANETA: Expecting value: line 1 column 1 (char 0)
Error en consulta_info_home_public para ITAGUI: HTTPSConnectionPool(host='movilidad.transitoitagui.gov.co', port=443): Read timed out. (read timeout=30)
Error en ITAGUI: 'NoneType' object has no attribute 'json'
Error en SABANETA: Expecting value: line 1 column 1 (char 0)
Error en consulta_info_home_public para ITAGUI: HTTPSConnectionPool(host='movilidad.transitoitagui.gov.co', port=443): Read timed out. (read timeout=30)
Error en ITAGUI: 'NoneType' object has no attribute 'json'
Error en SABANETA: Expecting value: line 1 column 1 (char 0)
Error en consulta_info_home_public para ITAGUI: HTTPSConnectionPool(host='movilidad.transitoitagui.gov.co', port=443): Read timed out. (read timeout=30)
Error en ITAGUI: 'NoneType' object has no attribute 'json'
Error en SABANETA: Expecting value: line 1 column 1 (char 0)
Error en consulta_info_home_public para ITAGUI: HTTPSConnectionPool(host='movilidad.transitoitagui.gov.co', port=443): Read timed out. (read timeout=30)/home/comparendos/venv/lib/python3.12/site-packages/urllib3/connectionpool.py:1097: InsecureRequestWarning: Unverified HTTPS request is being made to host 'serviciosdigitales.movilidadavanzadabello.com.co'. Adding certificate verification is strongly advised. See: https://urllib3.readthedocs.io/en/latest/advanced-usage.html#tls-warnings
  warnings.warn(
/home/comparendos/venv/lib/python3.12/site-packages/urllib3/connectionpool.py:1097: InsecureRequestWarning: Unverified HTTPS request is being made to host 'serviciosdigitales.movilidadavanzadabello.com.co'. Adding certificate verification is strongly advised. See: https://urllib3.readthedocs.io/en/latest/advanced-usage.html#tls-warnings
  warnings.warn(
/home/comparendos/venv/lib/python3.12/site-packages/urllib3/connectionpool.py:1097: InsecureRequestWarning: Unverified HTTPS request is being made to host 'serviciosdigitales.movilidadavanzadabello.com.co'. Adding certificate verification is strongly advised. See: https://urllib3.readthedocs.io/en/latest/advanced-usage.html#tls-warnings
  warnings.warn(
/home/comparendos/venv/lib/python3.12/site-packages/urllib3/connectionpool.py:1097: InsecureRequestWarning: Unverified HTTPS request is being made to host 'serviciosdigitales.movilidadavanzadabello.com.co'. Adding certificate verification is strongly advised. See: https://urllib3.readthedocs.io/en/latest/advanced-usage.html#tls-warnings
  warnings.warn(
/home/comparendos/venv/lib/python3.12/site-packages/urllib3/connectionpool.py:1097: InsecureRequestWarning: Unverified HTTPS request is being made to host 'serviciosdigitales.movilidadavanzadabello.com.co'. Adding certificate verification is strongly advised. See: https://urllib3.readthedocs.io/en/latest/advanced-usage.html#tls-warnings
  warnings.warn(
/home/comparendos/venv/lib/python3.12/site-packages/urllib3/connectionpool.py:1097: InsecureRequestWarning: Unverified HTTPS request is being made to host 'serviciosdigitales.movilidadavanzadabello.com.co'. Adding certificate verification is strongly advised. See: https://urllib3.readthedocs.io/en/latest/advanced-usage.html#tls-warnings
  warnings.warn(
/home/comparendos/venv/lib/python3.12/site-packages/urllib3/connectionpool.py:1097: InsecureRequestWarning: Unverified HTTPS request is being made to host 'serviciosdigitales.movilidadavanzadabello.com.co'. Adding certificate verification is strongly advised. See: https://urllib3.readthedocs.io/en/latest/advanced-usage.html#tls-warnings
  warnings.warn(
/home/comparendos/venv/lib/python3.12/site-packages/urllib3/connectionpool.py:1097: InsecureRequestWarning: Unverified HTTPS request is being made to host 'serviciosdigitales.movilidadavanzadabello.com.co'. Adding certificate verification is strongly advised. See: https://urllib3.readthedocs.io/en/latest/advanced-usage.html#tls-warnings
  warnings.warn(
/home/comparendos/venv/lib/python3.12/site-packages/urllib3/connectionpool.py:1097: InsecureRequestWarning: Unverified HTTPS request is being made to host 'serviciosdigitales.movilidadavanzadabello.com.co'. Adding certificate verification is strongly advised. See: https://urllib3.readthedocs.io/en/latest/advanced-usage.html#tls-warnings
  warnings.warn(
/home/comparendos/venv/lib/python3.12/site-packages/urllib3/connectionpool.py:1097: InsecureRequestWarning: Unverified HTTPS request is being made to host 'serviciosdigitales.movilidadavanzadabello.com.co'. Adding certificate verification is strongly advised. See: https://urllib3.readthedocs.io/en/latest/advanced-usage.html#tls-warnings
  warnings.warn(
/home/comparendos/venv/lib/python3.12/site-packages/urllib3/connectionpool.py:1097: InsecureRequestWarning: Unverified HTTPS request is being made to host 'serviciosdigitales.movilidadavanzadabello.com.co'. Adding certificate verification is strongly advised. See: https://urllib3.readthedocs.io/en/latest/advanced-usage.html#tls-warnings
  warnings.warn(
/home/comparendos/venv/lib/python3.12/site-packages/urllib3/connectionpool.py:1097: InsecureRequestWarning: Unverified HTTPS request is being made to host 'serviciosdigitales.movilidadavanzadabello.com.co'. Adding certificate verification is strongly advised. See: https://urllib3.readthedocs.io/en/latest/advanced-usage.html#tls-warnings
  warnings.warn(
/home/comparendos/venv/lib/python3.12/site-packages/urllib3/connectionpool.py:1097: InsecureRequestWarning: Unverified HTTPS request is being made to host 'serviciosdigitales.movilidadavanzadabello.com.co'. Adding certificate verification is strongly advised. See: https://urllib3.readthedocs.io/en/latest/advanced-usage.html#tls-warnings
  warnings.warn(
/home/comparendos/venv/lib/python3.12/site-packages/urllib3/connectionpool.py:1097: InsecureRequestWarning: Unverified HTTPS request is being made to host 'serviciosdigitales.movilidadavanzadabello.com.co'. Adding certificate verification is strongly advised. See: https://urllib3.readthedocs.io/en/latest/advanced-usage.html#tls-warnings
  warnings.warn(
/home/comparendos/venv/lib/python3.12/site-packages/urllib3/connectionpool.py:1097: InsecureRequestWarning: Unverified HTTPS request is being made to host 'serviciosdigitales.movilidadavanzadabello.com.co'. Adding certificate verification is strongly advised. See: https://urllib3.readthedocs.io/en/latest/advanced-usage.html#tls-warnings
  warnings.warn(
/home/comparendos/venv/lib/python3.12/site-packages/urllib3/connectionpool.py:1097: InsecureRequestWarning: Unverified HTTPS request is being made to host 'serviciosdigitales.movilidadavanzadabello.com.co'. Adding certificate verification is strongly advised. See: https://urllib3.readthedocs.io/en/latest/advanced-usage.html#tls-warnings
  warnings.warn(
/home/comparendos/venv/lib/python3.12/site-packages/urllib3/connectionpool.py:1097: InsecureRequestWarning: Unverified HTTPS request is being made to host 'serviciosdigitales.movilidadavanzadabello.com.co'. Adding certificate verification is strongly advised. See: https://urllib3.readthedocs.io/en/latest/advanced-usage.html#tls-warnings
  warnings.warn(
/home/comparendos/venv/lib/python3.12/site-packages/urllib3/connectionpool.py:1097: InsecureRequestWarning: Unverified HTTPS request is being made to host 'serviciosdigitales.movilidadavanzadabello.com.co'. Adding certificate verification is strongly advised. See: https://urllib3.readthedocs.io/en/latest/advanced-usage.html#tls-warnings
  warnings.warn(
/home/comparendos/venv/lib/python3.12/site-packages/urllib3/connectionpool.py:1097: InsecureRequestWarning: Unverified HTTPS request is being made to host 'serviciosdigitales.movilidadavanzadabello.com.co'. Adding certificate verification is strongly advised. See: https://urllib3.readthedocs.io/en/latest/advanced-usage.html#tls-warnings
  warnings.warn(
/home/comparendos/venv/lib/python3.12/site-packages/urllib3/connectionpool.py:1097: InsecureRequestWarning: Unverified HTTPS request is being made to host 'serviciosdigitales.movilidadavanzadabello.com.co'. Adding certificate verification is strongly advised. See: https://urllib3.readthedocs.io/en/latest/advanced-usage.html#tls-warnings
  warnings.warn(
/home/comparendos/venv/lib/python3.12/site-packages/urllib3/connectionpool.py:1097: InsecureRequestWarning: Unverified HTTPS request is being made to host 'serviciosdigitales.movilidadavanzadabello.com.co'. Adding certificate verification is strongly advised. See: https://urllib3.readthedocs.io/en/latest/advanced-usage.html#tls-warnings
  warnings.warn(
/home/comparendos/venv/lib/python3.12/site-packages/urllib3/connectionpool.py:1097: InsecureRequestWarning: Unverified HTTPS request is being made to host 'serviciosdigitales.movilidadavanzadabello.com.co'. Adding certificate verification is strongly advised. See: https://urllib3.readthedocs.io/en/latest/advanced-usage.html#tls-warnings
  warnings.warn(
/home/comparendos/venv/lib/python3.12/site-packages/urllib3/connectionpool.py:1097: InsecureRequestWarning: Unverified HTTPS request is being made to host 'serviciosdigitales.movilidadavanzadabello.com.co'. Adding certificate verification is strongly advised. See: https://urllib3.readthedocs.io/en/latest/advanced-usage.html#tls-warnings
  warnings.warn(
/home/comparendos/venv/lib/python3.12/site-packages/urllib3/connectionpool.py:1097: InsecureRequestWarning: Unverified HTTPS request is being made to host 'serviciosdigitales.movilidadavanzadabello.com.co'. Adding certificate verification is strongly advised. See: https://urllib3.readthedocs.io/en/latest/advanced-usage.html#tls-warnings
  warnings.warn(
/home/comparendos/venv/lib/python3.12/site-packages/urllib3/connectionpool.py:1097: InsecureRequestWarning: Unverified HTTPS request is being made to host 'serviciosdigitales.movilidadavanzadabello.com.co'. Adding certificate verification is strongly advised. See: https://urllib3.readthedocs.io/en/latest/advanced-usage.html#tls-warnings
  warnings.warn(
/home/comparendos/venv/lib/python3.12/site-packages/urllib3/connectionpool.py:1097: InsecureRequestWarning: Unverified HTTPS request is being made to host 'serviciosdigitales.movilidadavanzadabello.com.co'. Adding certificate verification is strongly advised. See: https://urllib3.readthedocs.io/en/latest/advanced-usage.html#tls-warnings
  warnings.warn(
/home/comparendos/venv/lib/python3.12/site-packages/urllib3/connectionpool.py:1097: InsecureRequestWarning: Unverified HTTPS request is being made to host 'serviciosdigitales.movilidadavanzadabello.com.co'. Adding certificate verification is strongly advised. See: https://urllib3.readthedocs.io/en/latest/advanced-usage.html#tls-warnings
  warnings.warn(
/home/comparendos/venv/lib/python3.12/site-packages/urllib3/connectionpool.py:1097: InsecureRequestWarning: Unverified HTTPS request is being made to host 'serviciosdigitales.movilidadavanzadabello.com.co'. Adding certificate verification is strongly advised. See: https://urllib3.readthedocs.io/en/latest/advanced-usage.html#tls-warnings
  warnings.warn(
/home/comparendos/venv/lib/python3.12/site-packages/urllib3/connectionpool.py:1097: InsecureRequestWarning: Unverified HTTPS request is being made to host 'serviciosdigitales.movilidadavanzadabello.com.co'. Adding certificate verification is strongly advised. See: https://urllib3.readthedocs.io/en/latest/advanced-usage.html#tls-warnings
  warnings.warn(

Error en ITAGUI: 'NoneType' object has no attribute 'json'
Error en SABANETA: Expecting value: line 1 column 1 (char 0)
Error en consulta_info_home_public para ITAGUI: HTTPSConnectionPool(host='movilidad.transitoitagui.gov.co', port=443): Read timed out. (read timeout=30)
Error en ITAGUI: 'NoneType' object has no attribute 'json'
Error en SABANETA: Expecting value: line 1 column 1 (char 0)
Error en consulta_info_home_public para ITAGUI: HTTPSConnectionPool(host='movilidad.transitoitagui.gov.co', port=443): Read timed out. (read timeout=30)
Error en ITAGUI: 'NoneType' object has no attribute 'json'
Error en SABANETA: Expecting value: line 1 column 1 (char 0)
Error en consulta_info_home_public para ITAGUI: HTTPSConnectionPool(host='movilidad.transitoitagui.gov.co', port=443): Read timed out. (read timeout=30)
Error en ITAGUI: 'NoneType' object has no attribute 'json'
Error en SABANETA: Expecting value: line 1 column 1 (char 0)
Error en consulta_info_home_public para ITAGUI: HTTPSConnectionPool(host='movilidad.transitoitagui.gov.co', port=443): Read timed out. (read timeout=30)
Error en ITAGUI: 'NoneType' object has no attribute 'json'
Error en SABANETA: Expecting value: line 1 column 1 (char 0)
Error en consulta_info_home_public para ITAGUI: HTTPSConnectionPool(host='movilidad.transitoitagui.gov.co', port=443): Read timed out. (read timeout=30)
Error en ITAGUI: 'NoneType' object has no attribute 'json'
Error en SABANETA: Expecting value: line 1 column 1 (char 0)
Error en consulta_info_home_public para ITAGUI: HTTPSConnectionPool(host='movilidad.transitoitagui.gov.co', port=443): Read timed out. (read timeout=30)
Error en ITAGUI: 'NoneType' object has no attribute 'json'
Error en SABANETA: Expecting value: line 1 column 1 (char 0)
Error en consulta_info_home_public para ITAGUI: HTTPSConnectionPool(host='movilidad.transitoitagui.gov.co', port=443): Read timed out. (read timeout=30)
Error en ITAGUI: 'NoneType' object has no attribute 'json'
Error en SABANETA: Expecting value: line 1 column 1 (char 0)
Error en consulta_info_home_public para ITAGUI: HTTPSConnectionPool(host='movilidad.transitoitagui.gov.co', port=443): Read timed out. (read timeout=30)
Error en ITAGUI: 'NoneType' object has no attribute 'json'
Error en SABANETA: Expecting value: line 1 column 1 (char 0)
Error en consulta_info_home_public para ITAGUI: HTTPSConnectionPool(host='movilidad.transitoitagui.gov.co', port=443): Read timed out. (read timeout=30)
Error en ITAGUI: 'NoneType' object has no attribute 'json'
Error en SABANETA: Expecting value: line 1 column 1 (char 0)
Error en consulta_info_home_public para ITAGUI: HTTPSConnectionPool(host='movilidad.transitoitagui.gov.co', port=443): Read timed out. (read timeout=30)
Error en ITAGUI: 'NoneType' object has no attribute 'json'
Error en SABANETA: Expecting value: line 1 column 1 (char 0)
Error en consulta_info_home_public para ITAGUI: HTTPSConnectionPool(host='movilidad.transitoitagui.gov.co', port=443): Read timed out. (read timeout=30)
Error en ITAGUI: 'NoneType' object has no attribute 'json'
Error en SABANETA: Expecting value: line 1 column 1 (char 0)
Error en consulta_info_home_public para ITAGUI: HTTPSConnectionPool(host='movilidad.transitoitagui.gov.co', port=443): Read timed out. (read timeout=30)
Error en ITAGUI: 'NoneType' object has no attribute 'json'
El comparendo ya fue notificado previamente Documento: 1037585895 Comparendo: D05001000000054281029
El comparendo ya fue notificado previamente Documento: 1037585895 Comparendo: D05001000000051508775
Error en SABANETA: Expecting value: line 1 column 1 (char 0)
Error en consulta_info_home_public para ITAGUI: HTTPSConnectionPool(host='movilidad.transitoitagui.gov.co', port=443): Read timed out. (read timeout=30)
Error en ITAGUI: 'NoneType' object has no attribute 'json'
Error en SABANETA: Expecting value: line 1 column 1 (char 0)
Error en consulta_info_home_public para ITAGUI: HTTPSConnectionPool(host='movilidad.transitoitagui.gov.co', port=443): Read timed out. (read timeout=30)
Error en ITAGUI: 'NoneType' object has no attribute 'json'
El comparendo ya fue notificado previamente Documento: 43688233 Comparendo: D05001000000051500485
Error en SABANETA: Expecting value: line 1 column 1 (char 0)
Error en consulta_info_home_public para ITAGUI: HTTPSConnectionPool(host='movilidad.transitoitagui.gov.co', port=443): Read timed out. (read timeout=30)
Error en ITAGUI: 'NoneType' object has no attribute 'json'
El comparendo ya fue notificado previamente Documento: 32353724 Comparendo: D05001000000054356704
Error en SABANETA: Expecting value: line 1 column 1 (char 0)
Error en consulta_info_home_public para ITAGUI: HTTPSConnectionPool(host='movilidad.transitoitagui.gov.co', port=443): Read timed out. (read timeout=30)
Error en ITAGUI: 'NoneType' object has no attribute 'json'
Error en SABANETA: Expecting value: line 1 column 1 (char 0)
Error en consulta_info_home_public para ITAGUI: HTTPSConnectionPool(host='movilidad.transitoitagui.gov.co', port=443): Read timed out. (read timeout=30)
Error en ITAGUI: 'NoneType' object has no attribute 'json'
Error en SABANETA: Expecting value: line 1 column 1 (char 0)
Error en consulta_info_home_public para ITAGUI: HTTPSConnectionPool(host='movilidad.transitoitagui.gov.co', port=443): Read timed out. (read timeout=30)
Error en ITAGUI: 'NoneType' object has no attribute 'json'
Error en SABANETA: Expecting value: line 1 column 1 (char 0)
Error en consulta_info_home_public para ITAGUI: HTTPSConnectionPool(host='movilidad.transitoitagui.gov.co', port=443): Read timed out. (read timeout=30)
Error en ITAGUI: 'NoneType' object has no attribute 'json'
Error en SABANETA: Expecting value: line 1 column 1 (char 0)
Error en consulta_info_home_public para ITAGUI: HTTPSConnectionPool(host='movilidad.transitoitagui.gov.co', port=443): Read timed out. (read timeout=30)
Error en ITAGUI: 'NoneType' object has no attribute 'json'
Error en SABANETA: Expecting value: line 1 column 1 (char 0)
Error en consulta_info_home_public para ITAGUI: HTTPSConnectionPool(host='movilidad.transitoitagui.gov.co', port=443): Read timed out. (read timeout=30)
Error en ITAGUI: 'NoneType' object has no attribute 'json'
Error en SABANETA: Expecting value: line 1 column 1 (char 0)
Error en consulta_info_home_public para ITAGUI: HTTPSConnectionPool(host='movilidad.transitoitagui.gov.co', port=443): Read timed out. (read timeout=30)
Error en ITAGUI: 'NoneType' object has no attribute 'json'
Error en SABANETA: Expecting value: line 1 column 1 (char 0)
Error en consulta_info_home_public para ITAGUI: HTTPSConnectionPool(host='movilidad.transitoitagui.gov.co', port=443): Read timed out. (read timeout=30)
Error en ITAGUI: 'NoneType' object has no attribute 'json'
Error en SABANETA: Expecting value: line 1 column 1 (char 0)
Error en consulta_info_home_public para ITAGUI: HTTPSConnectionPool(host='movilidad.transitoitagui.gov.co', port=443): Read timed out. (read timeout=30)
Error en ITAGUI: 'NoneType' object has no attribute 'json'
Error en SABANETA: Expecting value: line 1 column 1 (char 0)
Error en consulta_info_home_public para ITAGUI: HTTPSConnectionPool(host='movilidad.transitoitagui.gov.co', port=443): Read timed out. (read timeout=30)
Error en ITAGUI: 'NoneType' object has no attribute 'json'
Error en SABANETA: Expecting value: line 1 column 1 (char 0)
Error en consulta_info_home_public para ITAGUI: HTTPSConnectionPool(host='movilidad.transitoitagui.gov.co', port=443): Read timed out. (read timeout=30)
Error en ITAGUI: 'NoneType' object has no attribute 'json'
Error en SABANETA: Expecting value: line 1 column 1 (char 0)
Error en consulta_info_home_public para ITAGUI: HTTPSConnectionPool(host='movilidad.transitoitagui.gov.co', port=443): Read timed out. (read timeout=30)
Error en ITAGUI: 'NoneType' object has no attribute 'json'
Error en SABANETA: Expecting value: line 1 column 1 (char 0)
Error en consulta_info_home_public para ITAGUI: HTTPSConnectionPool(host='movilidad.transitoitagui.gov.co', port=443): Read timed out. (read timeout=30)
Error en ITAGUI: 'NoneType' object has no attribute 'json'
Error en SABANETA: Expecting value: line 1 column 1 (char 0)
Error en consulta_info_home_public para ITAGUI: HTTPSConnectionPool(host='movilidad.transitoitagui.gov.co', port=443): Read timed out. (read timeout=30)/home/comparendos/venv/lib/python3.12/site-packages/urllib3/connectionpool.py:1097: InsecureRequestWarning: Unverified HTTPS request is being made to host 'serviciosdigitales.movilidadavanzadabello.com.co'. Adding certificate verification is strongly advised. See: https://urllib3.readthedocs.io/en/latest/advanced-usage.html#tls-warnings
  warnings.warn(
/home/comparendos/venv/lib/python3.12/site-packages/urllib3/connectionpool.py:1097: InsecureRequestWarning: Unverified HTTPS request is being made to host 'serviciosdigitales.movilidadavanzadabello.com.co'. Adding certificate verification is strongly advised. See: https://urllib3.readthedocs.io/en/latest/advanced-usage.html#tls-warnings
  warnings.warn(
/home/comparendos/venv/lib/python3.12/site-packages/urllib3/connectionpool.py:1097: InsecureRequestWarning: Unverified HTTPS request is being made to host 'serviciosdigitales.movilidadavanzadabello.com.co'. Adding certificate verification is strongly advised. See: https://urllib3.readthedocs.io/en/latest/advanced-usage.html#tls-warnings
  warnings.warn(
/home/comparendos/venv/lib/python3.12/site-packages/urllib3/connectionpool.py:1097: InsecureRequestWarning: Unverified HTTPS request is being made to host 'serviciosdigitales.movilidadavanzadabello.com.co'. Adding certificate verification is strongly advised. See: https://urllib3.readthedocs.io/en/latest/advanced-usage.html#tls-warnings
  warnings.warn(
/home/comparendos/venv/lib/python3.12/site-packages/urllib3/connectionpool.py:1097: InsecureRequestWarning: Unverified HTTPS request is being made to host 'serviciosdigitales.movilidadavanzadabello.com.co'. Adding certificate verification is strongly advised. See: https://urllib3.readthedocs.io/en/latest/advanced-usage.html#tls-warnings
  warnings.warn(
/home/comparendos/venv/lib/python3.12/site-packages/urllib3/connectionpool.py:1097: InsecureRequestWarning: Unverified HTTPS request is being made to host 'serviciosdigitales.movilidadavanzadabello.com.co'. Adding certificate verification is strongly advised. See: https://urllib3.readthedocs.io/en/latest/advanced-usage.html#tls-warnings
  warnings.warn(
/home/comparendos/venv/lib/python3.12/site-packages/urllib3/connectionpool.py:1097: InsecureRequestWarning: Unverified HTTPS request is being made to host 'serviciosdigitales.movilidadavanzadabello.com.co'. Adding certificate verification is strongly advised. See: https://urllib3.readthedocs.io/en/latest/advanced-usage.html#tls-warnings
  warnings.warn(
/home/comparendos/venv/lib/python3.12/site-packages/urllib3/connectionpool.py:1097: InsecureRequestWarning: Unverified HTTPS request is being made to host 'serviciosdigitales.movilidadavanzadabello.com.co'. Adding certificate verification is strongly advised. See: https://urllib3.readthedocs.io/en/latest/advanced-usage.html#tls-warnings
  warnings.warn(
/home/comparendos/venv/lib/python3.12/site-packages/urllib3/connectionpool.py:1097: InsecureRequestWarning: Unverified HTTPS request is being made to host 'serviciosdigitales.movilidadavanzadabello.com.co'. Adding certificate verification is strongly advised. See: https://urllib3.readthedocs.io/en/latest/advanced-usage.html#tls-warnings
  warnings.warn(
/home/comparendos/venv/lib/python3.12/site-packages/urllib3/connectionpool.py:1097: InsecureRequestWarning: Unverified HTTPS request is being made to host 'serviciosdigitales.movilidadavanzadabello.com.co'. Adding certificate verification is strongly advised. See: https://urllib3.readthedocs.io/en/latest/advanced-usage.html#tls-warnings
  warnings.warn(
/home/comparendos/venv/lib/python3.12/site-packages/urllib3/connectionpool.py:1097: InsecureRequestWarning: Unverified HTTPS request is being made to host 'serviciosdigitales.movilidadavanzadabello.com.co'. Adding certificate verification is strongly advised. See: https://urllib3.readthedocs.io/en/latest/advanced-usage.html#tls-warnings
  warnings.warn(
/home/comparendos/venv/lib/python3.12/site-packages/urllib3/connectionpool.py:1097: InsecureRequestWarning: Unverified HTTPS request is being made to host 'serviciosdigitales.movilidadavanzadabello.com.co'. Adding certificate verification is strongly advised. See: https://urllib3.readthedocs.io/en/latest/advanced-usage.html#tls-warnings
  warnings.warn(
/home/comparendos/venv/lib/python3.12/site-packages/urllib3/connectionpool.py:1097: InsecureRequestWarning: Unverified HTTPS request is being made to host 'serviciosdigitales.movilidadavanzadabello.com.co'. Adding certificate verification is strongly advised. See: https://urllib3.readthedocs.io/en/latest/advanced-usage.html#tls-warnings
  warnings.warn(
/home/comparendos/venv/lib/python3.12/site-packages/urllib3/connectionpool.py:1097: InsecureRequestWarning: Unverified HTTPS request is being made to host 'serviciosdigitales.movilidadavanzadabello.com.co'. Adding certificate verification is strongly advised. See: https://urllib3.readthedocs.io/en/latest/advanced-usage.html#tls-warnings
  warnings.warn(
/home/comparendos/venv/lib/python3.12/site-packages/urllib3/connectionpool.py:1097: InsecureRequestWarning: Unverified HTTPS request is being made to host 'serviciosdigitales.movilidadavanzadabello.com.co'. Adding certificate verification is strongly advised. See: https://urllib3.readthedocs.io/en/latest/advanced-usage.html#tls-warnings
  warnings.warn(
/home/comparendos/venv/lib/python3.12/site-packages/urllib3/connectionpool.py:1097: InsecureRequestWarning: Unverified HTTPS request is being made to host 'serviciosdigitales.movilidadavanzadabello.com.co'. Adding certificate verification is strongly advised. See: https://urllib3.readthedocs.io/en/latest/advanced-usage.html#tls-warnings
  warnings.warn(
/home/comparendos/venv/lib/python3.12/site-packages/urllib3/connectionpool.py:1097: InsecureRequestWarning: Unverified HTTPS request is being made to host 'serviciosdigitales.movilidadavanzadabello.com.co'. Adding certificate verification is strongly advised. See: https://urllib3.readthedocs.io/en/latest/advanced-usage.html#tls-warnings
  warnings.warn(
/home/comparendos/venv/lib/python3.12/site-packages/urllib3/connectionpool.py:1097: InsecureRequestWarning: Unverified HTTPS request is being made to host 'serviciosdigitales.movilidadavanzadabello.com.co'. Adding certificate verification is strongly advised. See: https://urllib3.readthedocs.io/en/latest/advanced-usage.html#tls-warnings
  warnings.warn(
/home/comparendos/venv/lib/python3.12/site-packages/urllib3/connectionpool.py:1097: InsecureRequestWarning: Unverified HTTPS request is being made to host 'serviciosdigitales.movilidadavanzadabello.com.co'. Adding certificate verification is strongly advised. See: https://urllib3.readthedocs.io/en/latest/advanced-usage.html#tls-warnings
  warnings.warn(
/home/comparendos/venv/lib/python3.12/site-packages/urllib3/connectionpool.py:1097: InsecureRequestWarning: Unverified HTTPS request is being made to host 'serviciosdigitales.movilidadavanzadabello.com.co'. Adding certificate verification is strongly advised. See: https://urllib3.readthedocs.io/en/latest/advanced-usage.html#tls-warnings
  warnings.warn(
/home/comparendos/venv/lib/python3.12/site-packages/urllib3/connectionpool.py:1097: InsecureRequestWarning: Unverified HTTPS request is being made to host 'serviciosdigitales.movilidadavanzadabello.com.co'. Adding certificate verification is strongly advised. See: https://urllib3.readthedocs.io/en/latest/advanced-usage.html#tls-warnings
  warnings.warn(
/home/comparendos/venv/lib/python3.12/site-packages/urllib3/connectionpool.py:1097: InsecureRequestWarning: Unverified HTTPS request is being made to host 'serviciosdigitales.movilidadavanzadabello.com.co'. Adding certificate verification is strongly advised. See: https://urllib3.readthedocs.io/en/latest/advanced-usage.html#tls-warnings
  warnings.warn(
/home/comparendos/venv/lib/python3.12/site-packages/urllib3/connectionpool.py:1097: InsecureRequestWarning: Unverified HTTPS request is being made to host 'serviciosdigitales.movilidadavanzadabello.com.co'. Adding certificate verification is strongly advised. See: https://urllib3.readthedocs.io/en/latest/advanced-usage.html#tls-warnings
  warnings.warn(
/home/comparendos/venv/lib/python3.12/site-packages/urllib3/connectionpool.py:1097: InsecureRequestWarning: Unverified HTTPS request is being made to host 'serviciosdigitales.movilidadavanzadabello.com.co'. Adding certificate verification is strongly advised. See: https://urllib3.readthedocs.io/en/latest/advanced-usage.html#tls-warnings
  warnings.warn(
/home/comparendos/venv/lib/python3.12/site-packages/urllib3/connectionpool.py:1097: InsecureRequestWarning: Unverified HTTPS request is being made to host 'serviciosdigitales.movilidadavanzadabello.com.co'. Adding certificate verification is strongly advised. See: https://urllib3.readthedocs.io/en/latest/advanced-usage.html#tls-warnings
  warnings.warn(
/home/comparendos/venv/lib/python3.12/site-packages/urllib3/connectionpool.py:1097: InsecureRequestWarning: Unverified HTTPS request is being made to host 'serviciosdigitales.movilidadavanzadabello.com.co'. Adding certificate verification is strongly advised. See: https://urllib3.readthedocs.io/en/latest/advanced-usage.html#tls-warnings
  warnings.warn(
/home/comparendos/venv/lib/python3.12/site-packages/urllib3/connectionpool.py:1097: InsecureRequestWarning: Unverified HTTPS request is being made to host 'serviciosdigitales.movilidadavanzadabello.com.co'. Adding certificate verification is strongly advised. See: https://urllib3.readthedocs.io/en/latest/advanced-usage.html#tls-warnings
  warnings.warn(
/home/comparendos/venv/lib/python3.12/site-packages/urllib3/connectionpool.py:1097: InsecureRequestWarning: Unverified HTTPS request is being made to host 'serviciosdigitales.movilidadavanzadabello.com.co'. Adding certificate verification is strongly advised. See: https://urllib3.readthedocs.io/en/latest/advanced-usage.html#tls-warnings
  warnings.warn(
/home/comparendos/venv/lib/python3.12/site-packages/urllib3/connectionpool.py:1097: InsecureRequestWarning: Unverified HTTPS request is being made to host 'serviciosdigitales.movilidadavanzadabello.com.co'. Adding certificate verification is strongly advised. See: https://urllib3.readthedocs.io/en/latest/advanced-usage.html#tls-warnings
  warnings.warn(

Error en ITAGUI: 'NoneType' object has no attribute 'json'
Error en SABANETA: Expecting value: line 1 column 1 (char 0)
Error en consulta_info_home_public para ITAGUI: HTTPSConnectionPool(host='movilidad.transitoitagui.gov.co', port=443): Read timed out. (read timeout=30)
Error en ITAGUI: 'NoneType' object has no attribute 'json'
Error en SABANETA: Expecting value: line 1 column 1 (char 0)
Error en consulta_info_home_public para ITAGUI: HTTPSConnectionPool(host='movilidad.transitoitagui.gov.co', port=443): Read timed out. (read timeout=30)
Error en ITAGUI: 'NoneType' object has no attribute 'json'
Error en SABANETA: Expecting value: line 1 column 1 (char 0)
Error en consulta_info_home_public para ITAGUI: HTTPSConnectionPool(host='movilidad.transitoitagui.gov.co', port=443): Read timed out. (read timeout=30)
Error en ITAGUI: 'NoneType' object has no attribute 'json'
Error en SABANETA: Expecting value: line 1 column 1 (char 0)
Error en consulta_info_home_public para ITAGUI: HTTPSConnectionPool(host='movilidad.transitoitagui.gov.co', port=443): Read timed out. (read timeout=30)
Error en ITAGUI: 'NoneType' object has no attribute 'json'
El comparendo ya fue notificado previamente Documento: 73544840 Comparendo: D05001000000054387158
Error en SABANETA: Expecting value: line 1 column 1 (char 0)
El comparendo ya fue notificado previamente Documento: 1036626360 Comparendo: D05088000000053772997
Error en consulta_info_home_public para ITAGUI: HTTPSConnectionPool(host='movilidad.transitoitagui.gov.co', port=443): Read timed out. (read timeout=30)
Error en ITAGUI: 'NoneType' object has no attribute 'json'
Error en SABANETA: Expecting value: line 1 column 1 (char 0)
Error en consulta_info_home_public para ITAGUI: HTTPSConnectionPool(host='movilidad.transitoitagui.gov.co', port=443): Read timed out. (read timeout=30)
Error en ITAGUI: 'NoneType' object has no attribute 'json'
Error en SABANETA: Expecting value: line 1 column 1 (char 0)
Error en consulta_info_home_public para ITAGUI: HTTPSConnectionPool(host='movilidad.transitoitagui.gov.co', port=443): Read timed out. (read timeout=30)
Error en ITAGUI: 'NoneType' object has no attribute 'json'
Error en SABANETA: Expecting value: line 1 column 1 (char 0)
Error en consulta_info_home_public para ITAGUI: HTTPSConnectionPool(host='movilidad.transitoitagui.gov.co', port=443): Read timed out. (read timeout=30)
Error en ITAGUI: 'NoneType' object has no attribute 'json'
Error en SABANETA: Expecting value: line 1 column 1 (char 0)
Error en consulta_info_home_public para ITAGUI: HTTPSConnectionPool(host='movilidad.transitoitagui.gov.co', port=443): Read timed out. (read timeout=30)
Error en ITAGUI: 'NoneType' object has no attribute 'json'
Error en SABANETA: Expecting value: line 1 column 1 (char 0)
Error en consulta_info_home_public para ITAGUI: HTTPSConnectionPool(host='movilidad.transitoitagui.gov.co', port=443): Read timed out. (read timeout=30)
Error en ITAGUI: 'NoneType' object has no attribute 'json'
Error en SABANETA: Expecting value: line 1 column 1 (char 0)
Error en consulta_info_home_public para ITAGUI: HTTPSConnectionPool(host='movilidad.transitoitagui.gov.co', port=443): Read timed out. (read timeout=30)
Error en ITAGUI: 'NoneType' object has no attribute 'json'
El comparendo ya fue notificado previamente Documento: 1152187411 Comparendo: D05001000000054355491
Error en SABANETA: Expecting value: line 1 column 1 (char 0)
Error en consulta_info_home_public para ITAGUI: HTTPSConnectionPool(host='movilidad.transitoitagui.gov.co', port=443): Read timed out. (read timeout=30)
Error en ITAGUI: 'NoneType' object has no attribute 'json'
Error en SABANETA: Expecting value: line 1 column 1 (char 0)
Error en consulta_info_home_public para ITAGUI: HTTPSConnectionPool(host='movilidad.transitoitagui.gov.co', port=443): Read timed out. (read timeout=30)
Error en ITAGUI: 'NoneType' object has no attribute 'json'
Error en SABANETA: Expecting value: line 1 column 1 (char 0)
Error en consulta_info_home_public para ITAGUI: HTTPSConnectionPool(host='movilidad.transitoitagui.gov.co', port=443): Read timed out. (read timeout=30)
Error en ITAGUI: 'NoneType' object has no attribute 'json'
Error en SABANETA: Expecting value: line 1 column 1 (char 0)
Error en consulta_info_home_public para ITAGUI: HTTPSConnectionPool(host='movilidad.transitoitagui.gov.co', port=443): Read timed out. (read timeout=30)
Error en ITAGUI: 'NoneType' object has no attribute 'json'
Error en SABANETA: Expecting value: line 1 column 1 (char 0)
Error en consulta_info_home_public para ITAGUI: HTTPSConnectionPool(host='movilidad.transitoitagui.gov.co', port=443): Read timed out. (read timeout=30)
Error en ITAGUI: 'NoneType' object has no attribute 'json'
Error en SABANETA: Expecting value: line 1 column 1 (char 0)
Error en consulta_info_home_public para ITAGUI: HTTPSConnectionPool(host='movilidad.transitoitagui.gov.co', port=443): Read timed out. (read timeout=30)
Error en ITAGUI: 'NoneType' object has no attribute 'json'
Error en SABANETA: Expecting value: line 1 column 1 (char 0)
Error en consulta_info_home_public para ITAGUI: HTTPSConnectionPool(host='movilidad.transitoitagui.gov.co', port=443): Read timed out. (read timeout=30)
Error en ITAGUI: 'NoneType' object has no attribute 'json'
Error en SABANETA: Expecting value: line 1 column 1 (char 0)
Error en consulta_info_home_public para ITAGUI: HTTPSConnectionPool(host='movilidad.transitoitagui.gov.co', port=443): Read timed out. (read timeout=30)
Error en ITAGUI: 'NoneType' object has no attribute 'json'
Error en SABANETA: Expecting value: line 1 column 1 (char 0)
Error en consulta_info_home_public para ITAGUI: HTTPSConnectionPool(host='movilidad.transitoitagui.gov.co', port=443): Read timed out. (read timeout=30)
Error en ITAGUI: 'NoneType' object has no attribute 'json'
Error en SABANETA: Expecting value: line 1 column 1 (char 0)
Error en consulta_info_home_public para ITAGUI: HTTPSConnectionPool(host='movilidad.transitoitagui.gov.co', port=443): Read timed out. (read timeout=30)
Error en ITAGUI: 'NoneType' object has no attribute 'json'
Error en SABANETA: Expecting value: line 1 column 1 (char 0)
Error en consulta_info_home_public para ITAGUI: HTTPSConnectionPool(host='movilidad.transitoitagui.gov.co', port=443): Read timed out. (read timeout=30)
Error en ITAGUI: 'NoneType' object has no attribute 'json'
Error en SABANETA: Expecting value: line 1 column 1 (char 0)
Error en consulta_info_home_public para ITAGUI: HTTPSConnectionPool(host='movilidad.transitoitagui.gov.co', port=443): Read timed out. (read timeout=30)
Error en ITAGUI: 'NoneType' object has no attribute 'json'
Error en SABANETA: Expecting value: line 1 column 1 (char 0)
Error en consulta_info_home_public para ITAGUI: HTTPSConnectionPool(host='movilidad.transitoitagui.gov.co', port=443): Read timed out. (read timeout=30)
Error en ITAGUI: 'NoneType' object has no attribute 'json'
El comparendo ya fue notificado previamente Documento: 1025647338 Comparendo: 05001000000048401382
Error en SABANETA: Expecting value: line 1 column 1 (char 0)
Error en consulta_info_home_public para ITAGUI: HTTPSConnectionPool(host='movilidad.transitoitagui.gov.co', port=443): Read timed out. (read timeout=30)
Error en ITAGUI: 'NoneType' object has no attribute 'json'
Error en SABANETA: Expecting value: line 1 column 1 (char 0)
Error en consulta_info_home_public para ITAGUI: HTTPSConnectionPool(host='movilidad.transitoitagui.gov.co', port=443): Read timed out. (read timeout=30)
Error en ITAGUI: 'NoneType' object has no attribute 'json'
Error en SABANETA: Expecting value: line 1 column 1 (char 0)
Error en consulta_info_home_public para ITAGUI: HTTPSConnectionPool(host='movilidad.transitoitagui.gov.co', port=443): Read timed out. (read timeout=30)
Error en ITAGUI: 'NoneType' object has no attribute 'json'
Error en SABANETA: Expecting value: line 1 column 1 (char 0)
Error en consulta_info_home_public para ITAGUI: HTTPSConnectionPool(host='movilidad.transitoitagui.gov.co', port=443): Read timed out. (read timeout=30)
Error en ITAGUI: 'NoneType' object has no attribute 'json'
Error en SABANETA: Expecting value: line 1 column 1 (char 0)
Error en consulta_info_home_public para ITAGUI: HTTPSConnectionPool(host='movilidad.transitoitagui.gov.co', port=443): Read timed out. (read timeout=30)/home/comparendos/venv/lib/python3.12/site-packages/urllib3/connectionpool.py:1097: InsecureRequestWarning: Unverified HTTPS request is being made to host 'serviciosdigitales.movilidadavanzadabello.com.co'. Adding certificate verification is strongly advised. See: https://urllib3.readthedocs.io/en/latest/advanced-usage.html#tls-warnings
  warnings.warn(
/home/comparendos/venv/lib/python3.12/site-packages/urllib3/connectionpool.py:1097: InsecureRequestWarning: Unverified HTTPS request is being made to host 'serviciosdigitales.movilidadavanzadabello.com.co'. Adding certificate verification is strongly advised. See: https://urllib3.readthedocs.io/en/latest/advanced-usage.html#tls-warnings
  warnings.warn(
/home/comparendos/venv/lib/python3.12/site-packages/urllib3/connectionpool.py:1097: InsecureRequestWarning: Unverified HTTPS request is being made to host 'serviciosdigitales.movilidadavanzadabello.com.co'. Adding certificate verification is strongly advised. See: https://urllib3.readthedocs.io/en/latest/advanced-usage.html#tls-warnings
  warnings.warn(
/home/comparendos/venv/lib/python3.12/site-packages/urllib3/connectionpool.py:1097: InsecureRequestWarning: Unverified HTTPS request is being made to host 'serviciosdigitales.movilidadavanzadabello.com.co'. Adding certificate verification is strongly advised. See: https://urllib3.readthedocs.io/en/latest/advanced-usage.html#tls-warnings
  warnings.warn(
/home/comparendos/venv/lib/python3.12/site-packages/urllib3/connectionpool.py:1097: InsecureRequestWarning: Unverified HTTPS request is being made to host 'serviciosdigitales.movilidadavanzadabello.com.co'. Adding certificate verification is strongly advised. See: https://urllib3.readthedocs.io/en/latest/advanced-usage.html#tls-warnings
  warnings.warn(
/home/comparendos/venv/lib/python3.12/site-packages/urllib3/connectionpool.py:1097: InsecureRequestWarning: Unverified HTTPS request is being made to host 'serviciosdigitales.movilidadavanzadabello.com.co'. Adding certificate verification is strongly advised. See: https://urllib3.readthedocs.io/en/latest/advanced-usage.html#tls-warnings
  warnings.warn(
/home/comparendos/venv/lib/python3.12/site-packages/urllib3/connectionpool.py:1097: InsecureRequestWarning: Unverified HTTPS request is being made to host 'serviciosdigitales.movilidadavanzadabello.com.co'. Adding certificate verification is strongly advised. See: https://urllib3.readthedocs.io/en/latest/advanced-usage.html#tls-warnings
  warnings.warn(
/home/comparendos/venv/lib/python3.12/site-packages/urllib3/connectionpool.py:1097: InsecureRequestWarning: Unverified HTTPS request is being made to host 'serviciosdigitales.movilidadavanzadabello.com.co'. Adding certificate verification is strongly advised. See: https://urllib3.readthedocs.io/en/latest/advanced-usage.html#tls-warnings
  warnings.warn(
/home/comparendos/venv/lib/python3.12/site-packages/urllib3/connectionpool.py:1097: InsecureRequestWarning: Unverified HTTPS request is being made to host 'serviciosdigitales.movilidadavanzadabello.com.co'. Adding certificate verification is strongly advised. See: https://urllib3.readthedocs.io/en/latest/advanced-usage.html#tls-warnings
  warnings.warn(
/home/comparendos/venv/lib/python3.12/site-packages/urllib3/connectionpool.py:1097: InsecureRequestWarning: Unverified HTTPS request is being made to host 'serviciosdigitales.movilidadavanzadabello.com.co'. Adding certificate verification is strongly advised. See: https://urllib3.readthedocs.io/en/latest/advanced-usage.html#tls-warnings
  warnings.warn(
/home/comparendos/venv/lib/python3.12/site-packages/urllib3/connectionpool.py:1097: InsecureRequestWarning: Unverified HTTPS request is being made to host 'serviciosdigitales.movilidadavanzadabello.com.co'. Adding certificate verification is strongly advised. See: https://urllib3.readthedocs.io/en/latest/advanced-usage.html#tls-warnings
  warnings.warn(
/home/comparendos/venv/lib/python3.12/site-packages/urllib3/connectionpool.py:1097: InsecureRequestWarning: Unverified HTTPS request is being made to host 'serviciosdigitales.movilidadavanzadabello.com.co'. Adding certificate verification is strongly advised. See: https://urllib3.readthedocs.io/en/latest/advanced-usage.html#tls-warnings
  warnings.warn(
/home/comparendos/venv/lib/python3.12/site-packages/urllib3/connectionpool.py:1097: InsecureRequestWarning: Unverified HTTPS request is being made to host 'serviciosdigitales.movilidadavanzadabello.com.co'. Adding certificate verification is strongly advised. See: https://urllib3.readthedocs.io/en/latest/advanced-usage.html#tls-warnings
  warnings.warn(
/home/comparendos/venv/lib/python3.12/site-packages/urllib3/connectionpool.py:1097: InsecureRequestWarning: Unverified HTTPS request is being made to host 'serviciosdigitales.movilidadavanzadabello.com.co'. Adding certificate verification is strongly advised. See: https://urllib3.readthedocs.io/en/latest/advanced-usage.html#tls-warnings
  warnings.warn(
/home/comparendos/venv/lib/python3.12/site-packages/urllib3/connectionpool.py:1097: InsecureRequestWarning: Unverified HTTPS request is being made to host 'serviciosdigitales.movilidadavanzadabello.com.co'. Adding certificate verification is strongly advised. See: https://urllib3.readthedocs.io/en/latest/advanced-usage.html#tls-warnings
  warnings.warn(
/home/comparendos/venv/lib/python3.12/site-packages/urllib3/connectionpool.py:1097: InsecureRequestWarning: Unverified HTTPS request is being made to host 'serviciosdigitales.movilidadavanzadabello.com.co'. Adding certificate verification is strongly advised. See: https://urllib3.readthedocs.io/en/latest/advanced-usage.html#tls-warnings
  warnings.warn(
/home/comparendos/venv/lib/python3.12/site-packages/urllib3/connectionpool.py:1097: InsecureRequestWarning: Unverified HTTPS request is being made to host 'serviciosdigitales.movilidadavanzadabello.com.co'. Adding certificate verification is strongly advised. See: https://urllib3.readthedocs.io/en/latest/advanced-usage.html#tls-warnings
  warnings.warn(

Error en ITAGUI: 'NoneType' object has no attribute 'json'
El comparendo ya fue notificado previamente Documento: 1036663565 Comparendo: D05001000000051281962
El comparendo ya fue notificado previamente Documento: 1036663565 Comparendo: D05001000000051207365
Error en SABANETA: Expecting value: line 1 column 1 (char 0)
Error en consulta_info_home_public para ITAGUI: HTTPSConnectionPool(host='movilidad.transitoitagui.gov.co', port=443): Read timed out. (read timeout=30)
Error en ITAGUI: 'NoneType' object has no attribute 'json'
Error en SABANETA: Expecting value: line 1 column 1 (char 0)
Error en consulta_info_home_public para ITAGUI: HTTPSConnectionPool(host='movilidad.transitoitagui.gov.co', port=443): Read timed out. (read timeout=30)
Error en ITAGUI: 'NoneType' object has no attribute 'json'
Error en SABANETA: Expecting value: line 1 column 1 (char 0)
Error en consulta_info_home_public para ITAGUI: HTTPSConnectionPool(host='movilidad.transitoitagui.gov.co', port=443): Read timed out. (read timeout=30)
Error en ITAGUI: 'NoneType' object has no attribute 'json'
Error en SABANETA: Expecting value: line 1 column 1 (char 0)
Error en consulta_info_home_public para ITAGUI: HTTPSConnectionPool(host='movilidad.transitoitagui.gov.co', port=443): Read timed out. (read timeout=30)
Error en ITAGUI: 'NoneType' object has no attribute 'json'
Error en SABANETA: Expecting value: line 1 column 1 (char 0)
Error en consulta_info_home_public para ITAGUI: HTTPSConnectionPool(host='movilidad.transitoitagui.gov.co', port=443): Read timed out. (read timeout=30)
Error en ITAGUI: 'NoneType' object has no attribute 'json'
Error en SABANETA: Expecting value: line 1 column 1 (char 0)
Error en consulta_info_home_public para ITAGUI: HTTPSConnectionPool(host='movilidad.transitoitagui.gov.co', port=443): Read timed out. (read timeout=30)
Error en ITAGUI: 'NoneType' object has no attribute 'json'
Error en SABANETA: Expecting value: line 1 column 1 (char 0)
Error en consulta_info_home_public para ITAGUI: HTTPSConnectionPool(host='movilidad.transitoitagui.gov.co', port=443): Read timed out. (read timeout=30)
Error en ITAGUI: 'NoneType' object has no attribute 'json'
Error en SABANETA: Expecting value: line 1 column 1 (char 0)
Error en consulta_info_home_public para ITAGUI: HTTPSConnectionPool(host='movilidad.transitoitagui.gov.co', port=443): Read timed out. (read timeout=30)
Error en ITAGUI: 'NoneType' object has no attribute 'json'
Error en SABANETA: Expecting value: line 1 column 1 (char 0)
Error en consulta_info_home_public para ITAGUI: HTTPSConnectionPool(host='movilidad.transitoitagui.gov.co', port=443): Read timed out. (read timeout=30)
Error en ITAGUI: 'NoneType' object has no attribute 'json'
Error en SABANETA: Expecting value: line 1 column 1 (char 0)
Error en consulta_info_home_public para ITAGUI: HTTPSConnectionPool(host='movilidad.transitoitagui.gov.co', port=443): Read timed out. (read timeout=30)
Error en ITAGUI: 'NoneType' object has no attribute 'json'
Error en SABANETA: Expecting value: line 1 column 1 (char 0)
Error en consulta_info_home_public para ITAGUI: HTTPSConnectionPool(host='movilidad.transitoitagui.gov.co', port=443): Read timed out. (read timeout=30)
Error en ITAGUI: 'NoneType' object has no attribute 'json'
Error en SABANETA: Expecting value: line 1 column 1 (char 0)
Error en consulta_info_home_public para ITAGUI: HTTPSConnectionPool(host='movilidad.transitoitagui.gov.co', port=443): Read timed out. (read timeout=30)
Error en ITAGUI: 'NoneType' object has no attribute 'json'
Error en SABANETA: Expecting value: line 1 column 1 (char 0)
Error en consulta_info_home_public para ITAGUI: HTTPSConnectionPool(host='movilidad.transitoitagui.gov.co', port=443): Read timed out. (read timeout=30)
Error en ITAGUI: 'NoneType' object has no attribute 'json'
[2026-04-27 09:52:56] Enviando 4 templates para el bloque (process_template_id: 4zS8TSYR36Qb)
Payload para el envío 4zS8TSYR36Qb:
{
  "users": [
    {
      "phone": "+573214370195",
      "parameters": [
        {
          "order": 0,
          "parameter": "MEDELLIN"
        },
        {
          "order": 1,
          "parameter": "2026-04-05"
        },
        {
          "order": 2,
          "parameter": "GEX349"
        },
        {
          "order": 3,
          "parameter": "C35"
        },
        {
          "order": 4,
          "parameter": "No realizar la revisión técnico-mecánica en el plazo legal establecido o cuando el vehículo no se encuentre en adecuadas condiciones técnico-mecánicas o de emisiones contaminantes, aun cuando porte los certificados correspondientes, además el vehículo será inmovilizado."
        }
      ]
    },
    {
      "phone": "+573146013762",
      "parameters": [
        {
          "order": 0,
          "parameter": "BELLO"
        },
        {
          "order": 1,
          "parameter": "2026-04-11"
        },
        {
          "order": 2,
          "parameter": "GXR213"
        },
        {
          "order": 3,
          "parameter": "C35"
        },
        {
          "order": 4,
          "parameter": "No realizar la revisión técnico-mecánica y de emisiones contaminantes en los siguientes plazos o cuando aun portando los certificados correspondientes no cuenta con las siguientes condiciones técnico mecánica y de emisiones contaminantes, además el vehículo será inmovilizado"
        }
      ]
    },
    {
      "phone": "+573146013762",
      "parameters": [
        {
          "order": 0,
          "parameter": "MEDELLIN"
        },
        {
          "order": 1,
          "parameter": "2026-04-09"
        },
        {
          "order": 2,
          "parameter": "GXR213"
        },
        {
          "order": 3,
          "parameter": "C35"
        },
        {
          "order": 4,
          "parameter": "No realizar la revisión técnico-mecánica en el plazo legal establecido o cuando el vehículo no se encuentre en adecuadas condiciones técnico-mecánicas o de emisiones contaminantes, aun cuando porte los certificados correspondientes, además el vehículo será inmovilizado."
        }
      ]
    },
    {
      "phone": "+573003707000",
      "parameters": [
        {
          "order": 0,
          "parameter": "MEDELLIN"
        },
        {
          "order": 1,
          "parameter": "2026-04-11"
        },
        {
          "order": 2,
          "parameter": "JLS674"
        },
        {
          "order": 3,
          "parameter": "C35"
        },
        {
          "order": 4,
          "parameter": "No realizar la revisión técnico-mecánica en el plazo legal establecido o cuando el vehículo no se encuentre en adecuadas condiciones técnico-mecánicas o de emisiones contaminantes, aun cuando porte los certificados correspondientes, además el vehículo será inmovilizado."
        }
      ]
    }
  ],
  "SaveInfo": false,
  "origin": "API",
  "templateName": "notificacion_comparendos",
  "language": "ES",
  "sender": "School Center",
  "ParametersName": []
}
[2026-04-27 09:53:05] Enviando 4 templates.
[2026-04-27 09:53:05] Respuesta del envío: True - 
Error en SABANETA: Expecting value: line 1 column 1 (char 0)
Error en consulta_info_home_public para ITAGUI: HTTPSConnectionPool(host='movilidad.transitoitagui.gov.co', port=443): Read timed out. (read timeout=30)
Error en ITAGUI: 'NoneType' object has no attribute 'json'
Error en SABANETA: Expecting value: line 1 column 1 (char 0)
Error en consulta_info_home_public para ITAGUI: HTTPSConnectionPool(host='movilidad.transitoitagui.gov.co', port=443): Read timed out. (read timeout=30)
Error en ITAGUI: 'NoneType' object has no attribute 'json'
Error en SABANETA: Expecting value: line 1 column 1 (char 0)
Error en consulta_info_home_public para ITAGUI: HTTPSConnectionPool(host='movilidad.transitoitagui.gov.co', port=443): Read timed out. (read timeout=30)
Error en ITAGUI: 'NoneType' object has no attribute 'json'
El comparendo ya fue notificado previamente Documento: 1152442768 Comparendo: D05001000000051487968
Error en SABANETA: Expecting value: line 1 column 1 (char 0)
Error en consulta_info_home_public para ITAGUI: HTTPSConnectionPool(host='movilidad.transitoitagui.gov.co', port=443): Read timed out. (read timeout=30)/home/comparendos/venv/lib/python3.12/site-packages/urllib3/connectionpool.py:1097: InsecureRequestWarning: Unverified HTTPS request is being made to host 'serviciosdigitales.movilidadavanzadabello.com.co'. Adding certificate verification is strongly advised. See: https://urllib3.readthedocs.io/en/latest/advanced-usage.html#tls-warnings
  warnings.warn(
/home/comparendos/venv/lib/python3.12/site-packages/urllib3/connectionpool.py:1097: InsecureRequestWarning: Unverified HTTPS request is being made to host 'serviciosdigitales.movilidadavanzadabello.com.co'. Adding certificate verification is strongly advised. See: https://urllib3.readthedocs.io/en/latest/advanced-usage.html#tls-warnings
  warnings.warn(
/home/comparendos/venv/lib/python3.12/site-packages/urllib3/connectionpool.py:1097: InsecureRequestWarning: Unverified HTTPS request is being made to host 'serviciosdigitales.movilidadavanzadabello.com.co'. Adding certificate verification is strongly advised. See: https://urllib3.readthedocs.io/en/latest/advanced-usage.html#tls-warnings
  warnings.warn(
/home/comparendos/venv/lib/python3.12/site-packages/urllib3/connectionpool.py:1097: InsecureRequestWarning: Unverified HTTPS request is being made to host 'serviciosdigitales.movilidadavanzadabello.com.co'. Adding certificate verification is strongly advised. See: https://urllib3.readthedocs.io/en/latest/advanced-usage.html#tls-warnings
  warnings.warn(
/home/comparendos/venv/lib/python3.12/site-packages/urllib3/connectionpool.py:1097: InsecureRequestWarning: Unverified HTTPS request is being made to host 'serviciosdigitales.movilidadavanzadabello.com.co'. Adding certificate verification is strongly advised. See: https://urllib3.readthedocs.io/en/latest/advanced-usage.html#tls-warnings
  warnings.warn(
/home/comparendos/venv/lib/python3.12/site-packages/urllib3/connectionpool.py:1097: InsecureRequestWarning: Unverified HTTPS request is being made to host 'serviciosdigitales.movilidadavanzadabello.com.co'. Adding certificate verification is strongly advised. See: https://urllib3.readthedocs.io/en/latest/advanced-usage.html#tls-warnings
  warnings.warn(
/home/comparendos/venv/lib/python3.12/site-packages/urllib3/connectionpool.py:1097: InsecureRequestWarning: Unverified HTTPS request is being made to host 'serviciosdigitales.movilidadavanzadabello.com.co'. Adding certificate verification is strongly advised. See: https://urllib3.readthedocs.io/en/latest/advanced-usage.html#tls-warnings
  warnings.warn(
/home/comparendos/venv/lib/python3.12/site-packages/urllib3/connectionpool.py:1097: InsecureRequestWarning: Unverified HTTPS request is being made to host 'serviciosdigitales.movilidadavanzadabello.com.co'. Adding certificate verification is strongly advised. See: https://urllib3.readthedocs.io/en/latest/advanced-usage.html#tls-warnings
  warnings.warn(
/home/comparendos/venv/lib/python3.12/site-packages/urllib3/connectionpool.py:1097: InsecureRequestWarning: Unverified HTTPS request is being made to host 'serviciosdigitales.movilidadavanzadabello.com.co'. Adding certificate verification is strongly advised. See: https://urllib3.readthedocs.io/en/latest/advanced-usage.html#tls-warnings
  warnings.warn(
/home/comparendos/venv/lib/python3.12/site-packages/urllib3/connectionpool.py:1097: InsecureRequestWarning: Unverified HTTPS request is being made to host 'serviciosdigitales.movilidadavanzadabello.com.co'. Adding certificate verification is strongly advised. See: https://urllib3.readthedocs.io/en/latest/advanced-usage.html#tls-warnings
  warnings.warn(
/home/comparendos/venv/lib/python3.12/site-packages/urllib3/connectionpool.py:1097: InsecureRequestWarning: Unverified HTTPS request is being made to host 'serviciosdigitales.movilidadavanzadabello.com.co'. Adding certificate verification is strongly advised. See: https://urllib3.readthedocs.io/en/latest/advanced-usage.html#tls-warnings
  warnings.warn(
/home/comparendos/venv/lib/python3.12/site-packages/urllib3/connectionpool.py:1097: InsecureRequestWarning: Unverified HTTPS request is being made to host 'serviciosdigitales.movilidadavanzadabello.com.co'. Adding certificate verification is strongly advised. See: https://urllib3.readthedocs.io/en/latest/advanced-usage.html#tls-warnings
  warnings.warn(
/home/comparendos/venv/lib/python3.12/site-packages/urllib3/connectionpool.py:1097: InsecureRequestWarning: Unverified HTTPS request is being made to host 'serviciosdigitales.movilidadavanzadabello.com.co'. Adding certificate verification is strongly advised. See: https://urllib3.readthedocs.io/en/latest/advanced-usage.html#tls-warnings
  warnings.warn(
/home/comparendos/venv/lib/python3.12/site-packages/urllib3/connectionpool.py:1097: InsecureRequestWarning: Unverified HTTPS request is being made to host 'serviciosdigitales.movilidadavanzadabello.com.co'. Adding certificate verification is strongly advised. See: https://urllib3.readthedocs.io/en/latest/advanced-usage.html#tls-warnings
  warnings.warn(
/home/comparendos/venv/lib/python3.12/site-packages/urllib3/connectionpool.py:1097: InsecureRequestWarning: Unverified HTTPS request is being made to host 'serviciosdigitales.movilidadavanzadabello.com.co'. Adding certificate verification is strongly advised. See: https://urllib3.readthedocs.io/en/latest/advanced-usage.html#tls-warnings
  warnings.warn(
/home/comparendos/venv/lib/python3.12/site-packages/urllib3/connectionpool.py:1097: InsecureRequestWarning: Unverified HTTPS request is being made to host 'serviciosdigitales.movilidadavanzadabello.com.co'. Adding certificate verification is strongly advised. See: https://urllib3.readthedocs.io/en/latest/advanced-usage.html#tls-warnings
  warnings.warn(
/home/comparendos/venv/lib/python3.12/site-packages/urllib3/connectionpool.py:1097: InsecureRequestWarning: Unverified HTTPS request is being made to host 'serviciosdigitales.movilidadavanzadabello.com.co'. Adding certificate verification is strongly advised. See: https://urllib3.readthedocs.io/en/latest/advanced-usage.html#tls-warnings
  warnings.warn(
/home/comparendos/venv/lib/python3.12/site-packages/urllib3/connectionpool.py:1097: InsecureRequestWarning: Unverified HTTPS request is being made to host 'serviciosdigitales.movilidadavanzadabello.com.co'. Adding certificate verification is strongly advised. See: https://urllib3.readthedocs.io/en/latest/advanced-usage.html#tls-warnings
  warnings.warn(
/home/comparendos/venv/lib/python3.12/site-packages/urllib3/connectionpool.py:1097: InsecureRequestWarning: Unverified HTTPS request is being made to host 'serviciosdigitales.movilidadavanzadabello.com.co'. Adding certificate verification is strongly advised. See: https://urllib3.readthedocs.io/en/latest/advanced-usage.html#tls-warnings
  warnings.warn(
/home/comparendos/venv/lib/python3.12/site-packages/urllib3/connectionpool.py:1097: InsecureRequestWarning: Unverified HTTPS request is being made to host 'serviciosdigitales.movilidadavanzadabello.com.co'. Adding certificate verification is strongly advised. See: https://urllib3.readthedocs.io/en/latest/advanced-usage.html#tls-warnings
  warnings.warn(
/home/comparendos/venv/lib/python3.12/site-packages/urllib3/connectionpool.py:1097: InsecureRequestWarning: Unverified HTTPS request is being made to host 'serviciosdigitales.movilidadavanzadabello.com.co'. Adding certificate verification is strongly advised. See: https://urllib3.readthedocs.io/en/latest/advanced-usage.html#tls-warnings
  warnings.warn(
/home/comparendos/venv/lib/python3.12/site-packages/urllib3/connectionpool.py:1097: InsecureRequestWarning: Unverified HTTPS request is being made to host 'serviciosdigitales.movilidadavanzadabello.com.co'. Adding certificate verification is strongly advised. See: https://urllib3.readthedocs.io/en/latest/advanced-usage.html#tls-warnings
  warnings.warn(
/home/comparendos/venv/lib/python3.12/site-packages/urllib3/connectionpool.py:1097: InsecureRequestWarning: Unverified HTTPS request is being made to host 'serviciosdigitales.movilidadavanzadabello.com.co'. Adding certificate verification is strongly advised. See: https://urllib3.readthedocs.io/en/latest/advanced-usage.html#tls-warnings
  warnings.warn(
/home/comparendos/venv/lib/python3.12/site-packages/urllib3/connectionpool.py:1097: InsecureRequestWarning: Unverified HTTPS request is being made to host 'serviciosdigitales.movilidadavanzadabello.com.co'. Adding certificate verification is strongly advised. See: https://urllib3.readthedocs.io/en/latest/advanced-usage.html#tls-warnings
  warnings.warn(
/home/comparendos/venv/lib/python3.12/site-packages/urllib3/connectionpool.py:1097: InsecureRequestWarning: Unverified HTTPS request is being made to host 'serviciosdigitales.movilidadavanzadabello.com.co'. Adding certificate verification is strongly advised. See: https://urllib3.readthedocs.io/en/latest/advanced-usage.html#tls-warnings
  warnings.warn(
/home/comparendos/venv/lib/python3.12/site-packages/urllib3/connectionpool.py:1097: InsecureRequestWarning: Unverified HTTPS request is being made to host 'serviciosdigitales.movilidadavanzadabello.com.co'. Adding certificate verification is strongly advised. See: https://urllib3.readthedocs.io/en/latest/advanced-usage.html#tls-warnings
  warnings.warn(
/home/comparendos/venv/lib/python3.12/site-packages/urllib3/connectionpool.py:1097: InsecureRequestWarning: Unverified HTTPS request is being made to host 'serviciosdigitales.movilidadavanzadabello.com.co'. Adding certificate verification is strongly advised. See: https://urllib3.readthedocs.io/en/latest/advanced-usage.html#tls-warnings
  warnings.warn(
/home/comparendos/venv/lib/python3.12/site-packages/urllib3/connectionpool.py:1097: InsecureRequestWarning: Unverified HTTPS request is being made to host 'serviciosdigitales.movilidadavanzadabello.com.co'. Adding certificate verification is strongly advised. See: https://urllib3.readthedocs.io/en/latest/advanced-usage.html#tls-warnings
  warnings.warn(
/home/comparendos/venv/lib/python3.12/site-packages/urllib3/connectionpool.py:1097: InsecureRequestWarning: Unverified HTTPS request is being made to host 'serviciosdigitales.movilidadavanzadabello.com.co'. Adding certificate verification is strongly advised. See: https://urllib3.readthedocs.io/en/latest/advanced-usage.html#tls-warnings
  warnings.warn(

Error en ITAGUI: 'NoneType' object has no attribute 'json'
Error en SABANETA: Expecting value: line 1 column 1 (char 0)
Error en consulta_info_home_public para ITAGUI: HTTPSConnectionPool(host='movilidad.transitoitagui.gov.co', port=443): Read timed out. (read timeout=30)
Error en ITAGUI: 'NoneType' object has no attribute 'json'
Error en SABANETA: Expecting value: line 1 column 1 (char 0)
Error en consulta_info_home_public para ITAGUI: HTTPSConnectionPool(host='movilidad.transitoitagui.gov.co', port=443): Read timed out. (read timeout=30)
Error en ITAGUI: 'NoneType' object has no attribute 'json'
Error en SABANETA: Expecting value: line 1 column 1 (char 0)
Error en consulta_info_home_public para ITAGUI: HTTPSConnectionPool(host='movilidad.transitoitagui.gov.co', port=443): Read timed out. (read timeout=30)
Error en ITAGUI: 'NoneType' object has no attribute 'json'
Error en SABANETA: Expecting value: line 1 column 1 (char 0)
Error en consulta_info_home_public para ITAGUI: HTTPSConnectionPool(host='movilidad.transitoitagui.gov.co', port=443): Read timed out. (read timeout=30)
Error en ITAGUI: 'NoneType' object has no attribute 'json'
Error en SABANETA: Expecting value: line 1 column 1 (char 0)
Error en consulta_info_home_public para ITAGUI: HTTPSConnectionPool(host='movilidad.transitoitagui.gov.co', port=443): Read timed out. (read timeout=30)
Error en ITAGUI: 'NoneType' object has no attribute 'json'
Error en SABANETA: Expecting value: line 1 column 1 (char 0)
Error en consulta_info_home_public para ITAGUI: HTTPSConnectionPool(host='movilidad.transitoitagui.gov.co', port=443): Read timed out. (read timeout=30)
Error en ITAGUI: 'NoneType' object has no attribute 'json'
Error en SABANETA: Expecting value: line 1 column 1 (char 0)
Error en consulta_info_home_public para ITAGUI: HTTPSConnectionPool(host='movilidad.transitoitagui.gov.co', port=443): Read timed out. (read timeout=30)
Error en ITAGUI: 'NoneType' object has no attribute 'json'
Error en SABANETA: Expecting value: line 1 column 1 (char 0)
Error en consulta_info_home_public para ITAGUI: HTTPSConnectionPool(host='movilidad.transitoitagui.gov.co', port=443): Read timed out. (read timeout=30)
Error en ITAGUI: 'NoneType' object has no attribute 'json'
Error en SABANETA: Expecting value: line 1 column 1 (char 0)
Error en consulta_info_home_public para ITAGUI: HTTPSConnectionPool(host='movilidad.transitoitagui.gov.co', port=443): Read timed out. (read timeout=30)
Error en ITAGUI: 'NoneType' object has no attribute 'json'
El comparendo ya fue notificado previamente Documento: 8267156 Comparendo: D05001000000051235554
El comparendo ya fue notificado previamente Documento: 8267156 Comparendo: D05001000000051365633
Error en SABANETA: Expecting value: line 1 column 1 (char 0)
Error en consulta_info_home_public para ITAGUI: HTTPSConnectionPool(host='movilidad.transitoitagui.gov.co', port=443): Read timed out. (read timeout=30)
Error en ITAGUI: 'NoneType' object has no attribute 'json'
El comparendo ya fue notificado previamente Documento: 1214740427 Comparendo: D05001000000054241723
Error en SABANETA: Expecting value: line 1 column 1 (char 0)
Error en consulta_info_home_public para ITAGUI: HTTPSConnectionPool(host='movilidad.transitoitagui.gov.co', port=443): Read timed out. (read timeout=30)
Error en ITAGUI: 'NoneType' object has no attribute 'json'
Error en SABANETA: Expecting value: line 1 column 1 (char 0)
Error en consulta_info_home_public para ITAGUI: HTTPSConnectionPool(host='movilidad.transitoitagui.gov.co', port=443): Read timed out. (read timeout=30)
Error en ITAGUI: 'NoneType' object has no attribute 'json'
Error en SABANETA: Expecting value: line 1 column 1 (char 0)
Error en consulta_info_home_public para ITAGUI: HTTPSConnectionPool(host='movilidad.transitoitagui.gov.co', port=443): Read timed out. (read timeout=30)
Error en ITAGUI: 'NoneType' object has no attribute 'json'
Error en SABANETA: Expecting value: line 1 column 1 (char 0)
Error en consulta_info_home_public para ITAGUI: HTTPSConnectionPool(host='movilidad.transitoitagui.gov.co', port=443): Read timed out. (read timeout=30)
Error en ITAGUI: 'NoneType' object has no attribute 'json'
Error en SABANETA: Expecting value: line 1 column 1 (char 0)
Error en BELLO: Expecting value: line 1 column 1 (char 0)
Error en consulta_info_home_public para ITAGUI: HTTPSConnectionPool(host='movilidad.transitoitagui.gov.co', port=443): Read timed out. (read timeout=30)
Error en ITAGUI: 'NoneType' object has no attribute 'json'
Error en SABANETA: Expecting value: line 1 column 1 (char 0)
Error en consulta_info_home_public para ITAGUI: HTTPSConnectionPool(host='movilidad.transitoitagui.gov.co', port=443): Read timed out. (read timeout=30)
Error en ITAGUI: 'NoneType' object has no attribute 'json'
Error en SABANETA: Expecting value: line 1 column 1 (char 0)
Error en consulta_info_home_public para ITAGUI: HTTPSConnectionPool(host='movilidad.transitoitagui.gov.co', port=443): Read timed out. (read timeout=30)
Error en ITAGUI: 'NoneType' object has no attribute 'json'
Error en SABANETA: Expecting value: line 1 column 1 (char 0)
Error en consulta_info_home_public para ITAGUI: HTTPSConnectionPool(host='movilidad.transitoitagui.gov.co', port=443): Read timed out. (read timeout=30)
Error en ITAGUI: 'NoneType' object has no attribute 'json'
Error en SABANETA: Expecting value: line 1 column 1 (char 0)
Error en consulta_info_home_public para ITAGUI: HTTPSConnectionPool(host='movilidad.transitoitagui.gov.co', port=443): Read timed out. (read timeout=30)
Error en ITAGUI: 'NoneType' object has no attribute 'json'
Error en SABANETA: Expecting value: line 1 column 1 (char 0)
Error en consulta_info_home_public para ITAGUI: HTTPSConnectionPool(host='movilidad.transitoitagui.gov.co', port=443): Read timed out. (read timeout=30)
Error en ITAGUI: 'NoneType' object has no attribute 'json'
Error en SABANETA: Expecting value: line 1 column 1 (char 0)
Error en consulta_info_home_public para ITAGUI: HTTPSConnectionPool(host='movilidad.transitoitagui.gov.co', port=443): Read timed out. (read timeout=30)
Error en ITAGUI: 'NoneType' object has no attribute 'json'
Error en SABANETA: Expecting value: line 1 column 1 (char 0)
Error en consulta_info_home_public para ITAGUI: HTTPSConnectionPool(host='movilidad.transitoitagui.gov.co', port=443): Read timed out. (read timeout=30)
Error en ITAGUI: 'NoneType' object has no attribute 'json'
Error en SABANETA: Expecting value: line 1 column 1 (char 0)
Error en consulta_info_home_public para ITAGUI: HTTPSConnectionPool(host='movilidad.transitoitagui.gov.co', port=443): Read timed out. (read timeout=30)
Error en ITAGUI: 'NoneType' object has no attribute 'json'
Error en SABANETA: Expecting value: line 1 column 1 (char 0)
Error en consulta_info_home_public para ITAGUI: HTTPSConnectionPool(host='movilidad.transitoitagui.gov.co', port=443): Read timed out. (read timeout=30)
Error en ITAGUI: 'NoneType' object has no attribute 'json'
Error en SABANETA: Expecting value: line 1 column 1 (char 0)
Error en consulta_info_home_public para ITAGUI: HTTPSConnectionPool(host='movilidad.transitoitagui.gov.co', port=443): Read timed out. (read timeout=30)
Error en ITAGUI: 'NoneType' object has no attribute 'json'
Error en SABANETA: Expecting value: line 1 column 1 (char 0)
Error en consulta_info_home_public para ITAGUI: HTTPSConnectionPool(host='movilidad.transitoitagui.gov.co', port=443): Read timed out. (read timeout=30)
Error en ITAGUI: 'NoneType' object has no attribute 'json'
Error en SABANETA: Expecting value: line 1 column 1 (char 0)
Error en consulta_info_home_public para ITAGUI: HTTPSConnectionPool(host='movilidad.transitoitagui.gov.co', port=443): Read timed out. (read timeout=30)
Error en ITAGUI: 'NoneType' object has no attribute 'json'
Error en SABANETA: Expecting value: line 1 column 1 (char 0)
Error en consulta_info_home_public para ITAGUI: HTTPSConnectionPool(host='movilidad.transitoitagui.gov.co', port=443): Read timed out. (read timeout=30)
Error en ITAGUI: 'NoneType' object has no attribute 'json'
Error en SABANETA: Expecting value: line 1 column 1 (char 0)
Error en consulta_info_home_public para ITAGUI: HTTPSConnectionPool(host='movilidad.transitoitagui.gov.co', port=443): Read timed out. (read timeout=30)/home/comparendos/venv/lib/python3.12/site-packages/urllib3/connectionpool.py:1097: InsecureRequestWarning: Unverified HTTPS request is being made to host 'serviciosdigitales.movilidadavanzadabello.com.co'. Adding certificate verification is strongly advised. See: https://urllib3.readthedocs.io/en/latest/advanced-usage.html#tls-warnings
  warnings.warn(
/home/comparendos/venv/lib/python3.12/site-packages/urllib3/connectionpool.py:1097: InsecureRequestWarning: Unverified HTTPS request is being made to host 'serviciosdigitales.movilidadavanzadabello.com.co'. Adding certificate verification is strongly advised. See: https://urllib3.readthedocs.io/en/latest/advanced-usage.html#tls-warnings
  warnings.warn(
/home/comparendos/venv/lib/python3.12/site-packages/urllib3/connectionpool.py:1097: InsecureRequestWarning: Unverified HTTPS request is being made to host 'serviciosdigitales.movilidadavanzadabello.com.co'. Adding certificate verification is strongly advised. See: https://urllib3.readthedocs.io/en/latest/advanced-usage.html#tls-warnings
  warnings.warn(
/home/comparendos/venv/lib/python3.12/site-packages/urllib3/connectionpool.py:1097: InsecureRequestWarning: Unverified HTTPS request is being made to host 'serviciosdigitales.movilidadavanzadabello.com.co'. Adding certificate verification is strongly advised. See: https://urllib3.readthedocs.io/en/latest/advanced-usage.html#tls-warnings
  warnings.warn(
/home/comparendos/venv/lib/python3.12/site-packages/urllib3/connectionpool.py:1097: InsecureRequestWarning: Unverified HTTPS request is being made to host 'serviciosdigitales.movilidadavanzadabello.com.co'. Adding certificate verification is strongly advised. See: https://urllib3.readthedocs.io/en/latest/advanced-usage.html#tls-warnings
  warnings.warn(
/home/comparendos/venv/lib/python3.12/site-packages/urllib3/connectionpool.py:1097: InsecureRequestWarning: Unverified HTTPS request is being made to host 'serviciosdigitales.movilidadavanzadabello.com.co'. Adding certificate verification is strongly advised. See: https://urllib3.readthedocs.io/en/latest/advanced-usage.html#tls-warnings
  warnings.warn(
/home/comparendos/venv/lib/python3.12/site-packages/urllib3/connectionpool.py:1097: InsecureRequestWarning: Unverified HTTPS request is being made to host 'serviciosdigitales.movilidadavanzadabello.com.co'. Adding certificate verification is strongly advised. See: https://urllib3.readthedocs.io/en/latest/advanced-usage.html#tls-warnings
  warnings.warn(
/home/comparendos/venv/lib/python3.12/site-packages/urllib3/connectionpool.py:1097: InsecureRequestWarning: Unverified HTTPS request is being made to host 'serviciosdigitales.movilidadavanzadabello.com.co'. Adding certificate verification is strongly advised. See: https://urllib3.readthedocs.io/en/latest/advanced-usage.html#tls-warnings
  warnings.warn(
/home/comparendos/venv/lib/python3.12/site-packages/urllib3/connectionpool.py:1097: InsecureRequestWarning: Unverified HTTPS request is being made to host 'serviciosdigitales.movilidadavanzadabello.com.co'. Adding certificate verification is strongly advised. See: https://urllib3.readthedocs.io/en/latest/advanced-usage.html#tls-warnings
  warnings.warn(
/home/comparendos/venv/lib/python3.12/site-packages/urllib3/connectionpool.py:1097: InsecureRequestWarning: Unverified HTTPS request is being made to host 'serviciosdigitales.movilidadavanzadabello.com.co'. Adding certificate verification is strongly advised. See: https://urllib3.readthedocs.io/en/latest/advanced-usage.html#tls-warnings
  warnings.warn(
/home/comparendos/venv/lib/python3.12/site-packages/urllib3/connectionpool.py:1097: InsecureRequestWarning: Unverified HTTPS request is being made to host 'serviciosdigitales.movilidadavanzadabello.com.co'. Adding certificate verification is strongly advised. See: https://urllib3.readthedocs.io/en/latest/advanced-usage.html#tls-warnings
  warnings.warn(
/home/comparendos/venv/lib/python3.12/site-packages/urllib3/connectionpool.py:1097: InsecureRequestWarning: Unverified HTTPS request is being made to host 'serviciosdigitales.movilidadavanzadabello.com.co'. Adding certificate verification is strongly advised. See: https://urllib3.readthedocs.io/en/latest/advanced-usage.html#tls-warnings
  warnings.warn(
/home/comparendos/venv/lib/python3.12/site-packages/urllib3/connectionpool.py:1097: InsecureRequestWarning: Unverified HTTPS request is being made to host 'serviciosdigitales.movilidadavanzadabello.com.co'. Adding certificate verification is strongly advised. See: https://urllib3.readthedocs.io/en/latest/advanced-usage.html#tls-warnings
  warnings.warn(
/home/comparendos/venv/lib/python3.12/site-packages/urllib3/connectionpool.py:1097: InsecureRequestWarning: Unverified HTTPS request is being made to host 'serviciosdigitales.movilidadavanzadabello.com.co'. Adding certificate verification is strongly advised. See: https://urllib3.readthedocs.io/en/latest/advanced-usage.html#tls-warnings
  warnings.warn(
/home/comparendos/venv/lib/python3.12/site-packages/urllib3/connectionpool.py:1097: InsecureRequestWarning: Unverified HTTPS request is being made to host 'serviciosdigitales.movilidadavanzadabello.com.co'. Adding certificate verification is strongly advised. See: https://urllib3.readthedocs.io/en/latest/advanced-usage.html#tls-warnings
  warnings.warn(
/home/comparendos/venv/lib/python3.12/site-packages/urllib3/connectionpool.py:1097: InsecureRequestWarning: Unverified HTTPS request is being made to host 'serviciosdigitales.movilidadavanzadabello.com.co'. Adding certificate verification is strongly advised. See: https://urllib3.readthedocs.io/en/latest/advanced-usage.html#tls-warnings
  warnings.warn(
/home/comparendos/venv/lib/python3.12/site-packages/urllib3/connectionpool.py:1097: InsecureRequestWarning: Unverified HTTPS request is being made to host 'serviciosdigitales.movilidadavanzadabello.com.co'. Adding certificate verification is strongly advised. See: https://urllib3.readthedocs.io/en/latest/advanced-usage.html#tls-warnings
  warnings.warn(
/home/comparendos/venv/lib/python3.12/site-packages/urllib3/connectionpool.py:1097: InsecureRequestWarning: Unverified HTTPS request is being made to host 'serviciosdigitales.movilidadavanzadabello.com.co'. Adding certificate verification is strongly advised. See: https://urllib3.readthedocs.io/en/latest/advanced-usage.html#tls-warnings
  warnings.warn(
/home/comparendos/venv/lib/python3.12/site-packages/urllib3/connectionpool.py:1097: InsecureRequestWarning: Unverified HTTPS request is being made to host 'serviciosdigitales.movilidadavanzadabello.com.co'. Adding certificate verification is strongly advised. See: https://urllib3.readthedocs.io/en/latest/advanced-usage.html#tls-warnings
  warnings.warn(
/home/comparendos/venv/lib/python3.12/site-packages/urllib3/connectionpool.py:1097: InsecureRequestWarning: Unverified HTTPS request is being made to host 'serviciosdigitales.movilidadavanzadabello.com.co'. Adding certificate verification is strongly advised. See: https://urllib3.readthedocs.io/en/latest/advanced-usage.html#tls-warnings
  warnings.warn(
/home/comparendos/venv/lib/python3.12/site-packages/urllib3/connectionpool.py:1097: InsecureRequestWarning: Unverified HTTPS request is being made to host 'serviciosdigitales.movilidadavanzadabello.com.co'. Adding certificate verification is strongly advised. See: https://urllib3.readthedocs.io/en/latest/advanced-usage.html#tls-warnings
  warnings.warn(
/home/comparendos/venv/lib/python3.12/site-packages/urllib3/connectionpool.py:1097: InsecureRequestWarning: Unverified HTTPS request is being made to host 'serviciosdigitales.movilidadavanzadabello.com.co'. Adding certificate verification is strongly advised. See: https://urllib3.readthedocs.io/en/latest/advanced-usage.html#tls-warnings
  warnings.warn(
/home/comparendos/venv/lib/python3.12/site-packages/urllib3/connectionpool.py:1097: InsecureRequestWarning: Unverified HTTPS request is being made to host 'serviciosdigitales.movilidadavanzadabello.com.co'. Adding certificate verification is strongly advised. See: https://urllib3.readthedocs.io/en/latest/advanced-usage.html#tls-warnings
  warnings.warn(
/home/comparendos/venv/lib/python3.12/site-packages/urllib3/connectionpool.py:1097: InsecureRequestWarning: Unverified HTTPS request is being made to host 'serviciosdigitales.movilidadavanzadabello.com.co'. Adding certificate verification is strongly advised. See: https://urllib3.readthedocs.io/en/latest/advanced-usage.html#tls-warnings
  warnings.warn(
/home/comparendos/venv/lib/python3.12/site-packages/urllib3/connectionpool.py:1097: InsecureRequestWarning: Unverified HTTPS request is being made to host 'serviciosdigitales.movilidadavanzadabello.com.co'. Adding certificate verification is strongly advised. See: https://urllib3.readthedocs.io/en/latest/advanced-usage.html#tls-warnings
  warnings.warn(
/home/comparendos/venv/lib/python3.12/site-packages/urllib3/connectionpool.py:1097: InsecureRequestWarning: Unverified HTTPS request is being made to host 'serviciosdigitales.movilidadavanzadabello.com.co'. Adding certificate verification is strongly advised. See: https://urllib3.readthedocs.io/en/latest/advanced-usage.html#tls-warnings
  warnings.warn(
/home/comparendos/venv/lib/python3.12/site-packages/urllib3/connectionpool.py:1097: InsecureRequestWarning: Unverified HTTPS request is being made to host 'serviciosdigitales.movilidadavanzadabello.com.co'. Adding certificate verification is strongly advised. See: https://urllib3.readthedocs.io/en/latest/advanced-usage.html#tls-warnings
  warnings.warn(
/home/comparendos/venv/lib/python3.12/site-packages/urllib3/connectionpool.py:1097: InsecureRequestWarning: Unverified HTTPS request is being made to host 'serviciosdigitales.movilidadavanzadabello.com.co'. Adding certificate verification is strongly advised. See: https://urllib3.readthedocs.io/en/latest/advanced-usage.html#tls-warnings
  warnings.warn(
/home/comparendos/venv/lib/python3.12/site-packages/urllib3/connectionpool.py:1097: InsecureRequestWarning: Unverified HTTPS request is being made to host 'serviciosdigitales.movilidadavanzadabello.com.co'. Adding certificate verification is strongly advised. See: https://urllib3.readthedocs.io/en/latest/advanced-usage.html#tls-warnings
  warnings.warn(

Error en ITAGUI: 'NoneType' object has no attribute 'json'
El comparendo ya fue notificado previamente Documento: 1053844714 Comparendo: D05001000000054392305
El comparendo ya fue notificado previamente Documento: 1053844714 Comparendo: D05001000000054384899
Error en SABANETA: Expecting value: line 1 column 1 (char 0)
Error en BELLO: Expecting value: line 1 column 1 (char 0)
Error en consulta_info_home_public para ITAGUI: HTTPSConnectionPool(host='movilidad.transitoitagui.gov.co', port=443): Read timed out. (read timeout=30)
Error en ITAGUI: 'NoneType' object has no attribute 'json'
Error en SABANETA: Expecting value: line 1 column 1 (char 0)
Error en consulta_info_home_public para ITAGUI: HTTPSConnectionPool(host='movilidad.transitoitagui.gov.co', port=443): Read timed out. (read timeout=30)
Error en ITAGUI: 'NoneType' object has no attribute 'json'
Error en SABANETA: Expecting value: line 1 column 1 (char 0)
Error en BELLO: Expecting value: line 1 column 1 (char 0)
Error en consulta_info_home_public para ITAGUI: HTTPSConnectionPool(host='movilidad.transitoitagui.gov.co', port=443): Read timed out. (read timeout=30)
Error en ITAGUI: 'NoneType' object has no attribute 'json'
Error en SABANETA: Expecting value: line 1 column 1 (char 0)
Error en consulta_info_home_public para ITAGUI: HTTPSConnectionPool(host='movilidad.transitoitagui.gov.co', port=443): Read timed out. (read timeout=30)
Error en ITAGUI: 'NoneType' object has no attribute 'json'
Error en SABANETA: Expecting value: line 1 column 1 (char 0)
Error en consulta_info_home_public para ITAGUI: HTTPSConnectionPool(host='movilidad.transitoitagui.gov.co', port=443): Read timed out. (read timeout=30)
Error en ITAGUI: 'NoneType' object has no attribute 'json'
Error en SABANETA: Expecting value: line 1 column 1 (char 0)
Error en consulta_info_home_public para ITAGUI: HTTPSConnectionPool(host='movilidad.transitoitagui.gov.co', port=443): Read timed out. (read timeout=30)
Error en ITAGUI: 'NoneType' object has no attribute 'json'
Error en SABANETA: Expecting value: line 1 column 1 (char 0)
Error en consulta_info_home_public para ITAGUI: HTTPSConnectionPool(host='movilidad.transitoitagui.gov.co', port=443): Read timed out. (read timeout=30)
Error en ITAGUI: 'NoneType' object has no attribute 'json'
Error en SABANETA: Expecting value: line 1 column 1 (char 0)
Error en consulta_info_home_public para ITAGUI: HTTPSConnectionPool(host='movilidad.transitoitagui.gov.co', port=443): Read timed out. (read timeout=30)
Error en ITAGUI: 'NoneType' object has no attribute 'json'
Error en SABANETA: Expecting value: line 1 column 1 (char 0)
Error en consulta_info_home_public para ITAGUI: HTTPSConnectionPool(host='movilidad.transitoitagui.gov.co', port=443): Read timed out. (read timeout=30)
Error en ITAGUI: 'NoneType' object has no attribute 'json'
Error en SABANETA: Expecting value: line 1 column 1 (char 0)
Error en consulta_info_home_public para ITAGUI: HTTPSConnectionPool(host='movilidad.transitoitagui.gov.co', port=443): Read timed out. (read timeout=30)
Error en ITAGUI: 'NoneType' object has no attribute 'json'
Error en SABANETA: Expecting value: line 1 column 1 (char 0)
Error en consulta_info_home_public para ITAGUI: HTTPSConnectionPool(host='movilidad.transitoitagui.gov.co', port=443): Read timed out. (read timeout=30)
Error en ITAGUI: 'NoneType' object has no attribute 'json'
Error en SABANETA: Expecting value: line 1 column 1 (char 0)
Error en consulta_info_home_public para ITAGUI: HTTPSConnectionPool(host='movilidad.transitoitagui.gov.co', port=443): Read timed out. (read timeout=30)
Error en ITAGUI: 'NoneType' object has no attribute 'json'
Error en SABANETA: Expecting value: line 1 column 1 (char 0)
Error en consulta_info_home_public para ITAGUI: HTTPSConnectionPool(host='movilidad.transitoitagui.gov.co', port=443): Read timed out. (read timeout=30)
Error en ITAGUI: 'NoneType' object has no attribute 'json'
Error en SABANETA: Expecting value: line 1 column 1 (char 0)
Error en consulta_info_home_public para ITAGUI: HTTPSConnectionPool(host='movilidad.transitoitagui.gov.co', port=443): Read timed out. (read timeout=30)
Error en ITAGUI: 'NoneType' object has no attribute 'json'
Error en SABANETA: Expecting value: line 1 column 1 (char 0)
Error en consulta_info_home_public para ITAGUI: HTTPSConnectionPool(host='movilidad.transitoitagui.gov.co', port=443): Read timed out. (read timeout=30)
Error en ITAGUI: 'NoneType' object has no attribute 'json'
Error en SABANETA: Expecting value: line 1 column 1 (char 0)
Error en consulta_info_home_public para ITAGUI: HTTPSConnectionPool(host='movilidad.transitoitagui.gov.co', port=443): Read timed out. (read timeout=30)
Error en ITAGUI: 'NoneType' object has no attribute 'json'
Error en SABANETA: Expecting value: line 1 column 1 (char 0)
Error en consulta_info_home_public para ITAGUI: HTTPSConnectionPool(host='movilidad.transitoitagui.gov.co', port=443): Read timed out. (read timeout=30)
Error en ITAGUI: 'NoneType' object has no attribute 'json'
Error en SABANETA: Expecting value: line 1 column 1 (char 0)
Error en consulta_info_home_public para ITAGUI: HTTPSConnectionPool(host='movilidad.transitoitagui.gov.co', port=443): Read timed out. (read timeout=30)
Error en ITAGUI: 'NoneType' object has no attribute 'json'
Error en SABANETA: Expecting value: line 1 column 1 (char 0)
Error en consulta_info_home_public para ITAGUI: HTTPSConnectionPool(host='movilidad.transitoitagui.gov.co', port=443): Read timed out. (read timeout=30)
Error en ITAGUI: 'NoneType' object has no attribute 'json'
Error en SABANETA: Expecting value: line 1 column 1 (char 0)
Error en BELLO: Expecting value: line 1 column 1 (char 0)
Error en consulta_info_home_public para ITAGUI: HTTPSConnectionPool(host='movilidad.transitoitagui.gov.co', port=443): Read timed out. (read timeout=30)
Error en ITAGUI: 'NoneType' object has no attribute 'json'
Error en SABANETA: Expecting value: line 1 column 1 (char 0)
Error en consulta_info_home_public para ITAGUI: HTTPSConnectionPool(host='movilidad.transitoitagui.gov.co', port=443): Read timed out. (read timeout=30)
Error en ITAGUI: 'NoneType' object has no attribute 'json'
Error en SABANETA: Expecting value: line 1 column 1 (char 0)
Error en consulta_info_home_public para ITAGUI: HTTPSConnectionPool(host='movilidad.transitoitagui.gov.co', port=443): Read timed out. (read timeout=30)
Error en ITAGUI: 'NoneType' object has no attribute 'json'
Error en SABANETA: Expecting value: line 1 column 1 (char 0)
Error en consulta_info_home_public para ITAGUI: HTTPSConnectionPool(host='movilidad.transitoitagui.gov.co', port=443): Read timed out. (read timeout=30)
Error en ITAGUI: 'NoneType' object has no attribute 'json'
Error en SABANETA: Expecting value: line 1 column 1 (char 0)
Error en consulta_info_home_public para ITAGUI: HTTPSConnectionPool(host='movilidad.transitoitagui.gov.co', port=443): Read timed out. (read timeout=30)
Error en ITAGUI: 'NoneType' object has no attribute 'json'
Error en SABANETA: Expecting value: line 1 column 1 (char 0)
Error en consulta_info_home_public para ITAGUI: HTTPSConnectionPool(host='movilidad.transitoitagui.gov.co', port=443): Read timed out. (read timeout=30)
Error en ITAGUI: 'NoneType' object has no attribute 'json'
Error en SABANETA: Expecting value: line 1 column 1 (char 0)
Error en consulta_info_home_public para ITAGUI: HTTPSConnectionPool(host='movilidad.transitoitagui.gov.co', port=443): Read timed out. (read timeout=30)
Error en ITAGUI: 'NoneType' object has no attribute 'json'
Error en SABANETA: Expecting value: line 1 column 1 (char 0)
Error en consulta_info_home_public para ITAGUI: HTTPSConnectionPool(host='movilidad.transitoitagui.gov.co', port=443): Read timed out. (read timeout=30)
Error en ITAGUI: 'NoneType' object has no attribute 'json'
Error en SABANETA: Expecting value: line 1 column 1 (char 0)
Error en consulta_info_home_public para ITAGUI: HTTPSConnectionPool(host='movilidad.transitoitagui.gov.co', port=443): Read timed out. (read timeout=30)
Error en ITAGUI: 'NoneType' object has no attribute 'json'
Error en SABANETA: Expecting value: line 1 column 1 (char 0)
Error en consulta_info_home_public para ITAGUI: HTTPSConnectionPool(host='movilidad.transitoitagui.gov.co', port=443): Read timed out. (read timeout=30)/home/comparendos/venv/lib/python3.12/site-packages/urllib3/connectionpool.py:1097: InsecureRequestWarning: Unverified HTTPS request is being made to host 'serviciosdigitales.movilidadavanzadabello.com.co'. Adding certificate verification is strongly advised. See: https://urllib3.readthedocs.io/en/latest/advanced-usage.html#tls-warnings
  warnings.warn(
/home/comparendos/venv/lib/python3.12/site-packages/urllib3/connectionpool.py:1097: InsecureRequestWarning: Unverified HTTPS request is being made to host 'serviciosdigitales.movilidadavanzadabello.com.co'. Adding certificate verification is strongly advised. See: https://urllib3.readthedocs.io/en/latest/advanced-usage.html#tls-warnings
  warnings.warn(
/home/comparendos/venv/lib/python3.12/site-packages/urllib3/connectionpool.py:1097: InsecureRequestWarning: Unverified HTTPS request is being made to host 'serviciosdigitales.movilidadavanzadabello.com.co'. Adding certificate verification is strongly advised. See: https://urllib3.readthedocs.io/en/latest/advanced-usage.html#tls-warnings
  warnings.warn(
/home/comparendos/venv/lib/python3.12/site-packages/urllib3/connectionpool.py:1097: InsecureRequestWarning: Unverified HTTPS request is being made to host 'serviciosdigitales.movilidadavanzadabello.com.co'. Adding certificate verification is strongly advised. See: https://urllib3.readthedocs.io/en/latest/advanced-usage.html#tls-warnings
  warnings.warn(
/home/comparendos/venv/lib/python3.12/site-packages/urllib3/connectionpool.py:1097: InsecureRequestWarning: Unverified HTTPS request is being made to host 'serviciosdigitales.movilidadavanzadabello.com.co'. Adding certificate verification is strongly advised. See: https://urllib3.readthedocs.io/en/latest/advanced-usage.html#tls-warnings
  warnings.warn(
/home/comparendos/venv/lib/python3.12/site-packages/urllib3/connectionpool.py:1097: InsecureRequestWarning: Unverified HTTPS request is being made to host 'serviciosdigitales.movilidadavanzadabello.com.co'. Adding certificate verification is strongly advised. See: https://urllib3.readthedocs.io/en/latest/advanced-usage.html#tls-warnings
  warnings.warn(
/home/comparendos/venv/lib/python3.12/site-packages/urllib3/connectionpool.py:1097: InsecureRequestWarning: Unverified HTTPS request is being made to host 'serviciosdigitales.movilidadavanzadabello.com.co'. Adding certificate verification is strongly advised. See: https://urllib3.readthedocs.io/en/latest/advanced-usage.html#tls-warnings
  warnings.warn(
/home/comparendos/venv/lib/python3.12/site-packages/urllib3/connectionpool.py:1097: InsecureRequestWarning: Unverified HTTPS request is being made to host 'serviciosdigitales.movilidadavanzadabello.com.co'. Adding certificate verification is strongly advised. See: https://urllib3.readthedocs.io/en/latest/advanced-usage.html#tls-warnings
  warnings.warn(
/home/comparendos/venv/lib/python3.12/site-packages/urllib3/connectionpool.py:1097: InsecureRequestWarning: Unverified HTTPS request is being made to host 'serviciosdigitales.movilidadavanzadabello.com.co'. Adding certificate verification is strongly advised. See: https://urllib3.readthedocs.io/en/latest/advanced-usage.html#tls-warnings
  warnings.warn(
/home/comparendos/venv/lib/python3.12/site-packages/urllib3/connectionpool.py:1097: InsecureRequestWarning: Unverified HTTPS request is being made to host 'serviciosdigitales.movilidadavanzadabello.com.co'. Adding certificate verification is strongly advised. See: https://urllib3.readthedocs.io/en/latest/advanced-usage.html#tls-warnings
  warnings.warn(
/home/comparendos/venv/lib/python3.12/site-packages/urllib3/connectionpool.py:1097: InsecureRequestWarning: Unverified HTTPS request is being made to host 'serviciosdigitales.movilidadavanzadabello.com.co'. Adding certificate verification is strongly advised. See: https://urllib3.readthedocs.io/en/latest/advanced-usage.html#tls-warnings
  warnings.warn(
/home/comparendos/venv/lib/python3.12/site-packages/urllib3/connectionpool.py:1097: InsecureRequestWarning: Unverified HTTPS request is being made to host 'serviciosdigitales.movilidadavanzadabello.com.co'. Adding certificate verification is strongly advised. See: https://urllib3.readthedocs.io/en/latest/advanced-usage.html#tls-warnings
  warnings.warn(
/home/comparendos/venv/lib/python3.12/site-packages/urllib3/connectionpool.py:1097: InsecureRequestWarning: Unverified HTTPS request is being made to host 'serviciosdigitales.movilidadavanzadabello.com.co'. Adding certificate verification is strongly advised. See: https://urllib3.readthedocs.io/en/latest/advanced-usage.html#tls-warnings
  warnings.warn(
/home/comparendos/venv/lib/python3.12/site-packages/urllib3/connectionpool.py:1097: InsecureRequestWarning: Unverified HTTPS request is being made to host 'serviciosdigitales.movilidadavanzadabello.com.co'. Adding certificate verification is strongly advised. See: https://urllib3.readthedocs.io/en/latest/advanced-usage.html#tls-warnings
  warnings.warn(
/home/comparendos/venv/lib/python3.12/site-packages/urllib3/connectionpool.py:1097: InsecureRequestWarning: Unverified HTTPS request is being made to host 'serviciosdigitales.movilidadavanzadabello.com.co'. Adding certificate verification is strongly advised. See: https://urllib3.readthedocs.io/en/latest/advanced-usage.html#tls-warnings
  warnings.warn(
/home/comparendos/venv/lib/python3.12/site-packages/urllib3/connectionpool.py:1097: InsecureRequestWarning: Unverified HTTPS request is being made to host 'serviciosdigitales.movilidadavanzadabello.com.co'. Adding certificate verification is strongly advised. See: https://urllib3.readthedocs.io/en/latest/advanced-usage.html#tls-warnings
  warnings.warn(
/home/comparendos/venv/lib/python3.12/site-packages/urllib3/connectionpool.py:1097: InsecureRequestWarning: Unverified HTTPS request is being made to host 'serviciosdigitales.movilidadavanzadabello.com.co'. Adding certificate verification is strongly advised. See: https://urllib3.readthedocs.io/en/latest/advanced-usage.html#tls-warnings
  warnings.warn(
/home/comparendos/venv/lib/python3.12/site-packages/urllib3/connectionpool.py:1097: InsecureRequestWarning: Unverified HTTPS request is being made to host 'serviciosdigitales.movilidadavanzadabello.com.co'. Adding certificate verification is strongly advised. See: https://urllib3.readthedocs.io/en/latest/advanced-usage.html#tls-warnings
  warnings.warn(
/home/comparendos/venv/lib/python3.12/site-packages/urllib3/connectionpool.py:1097: InsecureRequestWarning: Unverified HTTPS request is being made to host 'serviciosdigitales.movilidadavanzadabello.com.co'. Adding certificate verification is strongly advised. See: https://urllib3.readthedocs.io/en/latest/advanced-usage.html#tls-warnings
  warnings.warn(
/home/comparendos/venv/lib/python3.12/site-packages/urllib3/connectionpool.py:1097: InsecureRequestWarning: Unverified HTTPS request is being made to host 'serviciosdigitales.movilidadavanzadabello.com.co'. Adding certificate verification is strongly advised. See: https://urllib3.readthedocs.io/en/latest/advanced-usage.html#tls-warnings
  warnings.warn(
/home/comparendos/venv/lib/python3.12/site-packages/urllib3/connectionpool.py:1097: InsecureRequestWarning: Unverified HTTPS request is being made to host 'serviciosdigitales.movilidadavanzadabello.com.co'. Adding certificate verification is strongly advised. See: https://urllib3.readthedocs.io/en/latest/advanced-usage.html#tls-warnings
  warnings.warn(
/home/comparendos/venv/lib/python3.12/site-packages/urllib3/connectionpool.py:1097: InsecureRequestWarning: Unverified HTTPS request is being made to host 'serviciosdigitales.movilidadavanzadabello.com.co'. Adding certificate verification is strongly advised. See: https://urllib3.readthedocs.io/en/latest/advanced-usage.html#tls-warnings
  warnings.warn(
/home/comparendos/venv/lib/python3.12/site-packages/urllib3/connectionpool.py:1097: InsecureRequestWarning: Unverified HTTPS request is being made to host 'serviciosdigitales.movilidadavanzadabello.com.co'. Adding certificate verification is strongly advised. See: https://urllib3.readthedocs.io/en/latest/advanced-usage.html#tls-warnings
  warnings.warn(
/home/comparendos/venv/lib/python3.12/site-packages/urllib3/connectionpool.py:1097: InsecureRequestWarning: Unverified HTTPS request is being made to host 'serviciosdigitales.movilidadavanzadabello.com.co'. Adding certificate verification is strongly advised. See: https://urllib3.readthedocs.io/en/latest/advanced-usage.html#tls-warnings
  warnings.warn(
/home/comparendos/venv/lib/python3.12/site-packages/urllib3/connectionpool.py:1097: InsecureRequestWarning: Unverified HTTPS request is being made to host 'serviciosdigitales.movilidadavanzadabello.com.co'. Adding certificate verification is strongly advised. See: https://urllib3.readthedocs.io/en/latest/advanced-usage.html#tls-warnings
  warnings.warn(
/home/comparendos/venv/lib/python3.12/site-packages/urllib3/connectionpool.py:1097: InsecureRequestWarning: Unverified HTTPS request is being made to host 'serviciosdigitales.movilidadavanzadabello.com.co'. Adding certificate verification is strongly advised. See: https://urllib3.readthedocs.io/en/latest/advanced-usage.html#tls-warnings
  warnings.warn(
/home/comparendos/venv/lib/python3.12/site-packages/urllib3/connectionpool.py:1097: InsecureRequestWarning: Unverified HTTPS request is being made to host 'serviciosdigitales.movilidadavanzadabello.com.co'. Adding certificate verification is strongly advised. See: https://urllib3.readthedocs.io/en/latest/advanced-usage.html#tls-warnings
  warnings.warn(
/home/comparendos/venv/lib/python3.12/site-packages/urllib3/connectionpool.py:1097: InsecureRequestWarning: Unverified HTTPS request is being made to host 'serviciosdigitales.movilidadavanzadabello.com.co'. Adding certificate verification is strongly advised. See: https://urllib3.readthedocs.io/en/latest/advanced-usage.html#tls-warnings
  warnings.warn(
/home/comparendos/venv/lib/python3.12/site-packages/urllib3/connectionpool.py:1097: InsecureRequestWarning: Unverified HTTPS request is being made to host 'serviciosdigitales.movilidadavanzadabello.com.co'. Adding certificate verification is strongly advised. See: https://urllib3.readthedocs.io/en/latest/advanced-usage.html#tls-warnings
  warnings.warn(
/home/comparendos/venv/lib/python3.12/site-packages/urllib3/connectionpool.py:1097: InsecureRequestWarning: Unverified HTTPS request is being made to host 'serviciosdigitales.movilidadavanzadabello.com.co'. Adding certificate verification is strongly advised. See: https://urllib3.readthedocs.io/en/latest/advanced-usage.html#tls-warnings
  warnings.warn(

Error en ITAGUI: 'NoneType' object has no attribute 'json'
Error en SABANETA: Expecting value: line 1 column 1 (char 0)
Error en consulta_info_home_public para ITAGUI: HTTPSConnectionPool(host='movilidad.transitoitagui.gov.co', port=443): Read timed out. (read timeout=30)
Error en ITAGUI: 'NoneType' object has no attribute 'json'
Error en SABANETA: Expecting value: line 1 column 1 (char 0)
Error en consulta_info_home_public para ITAGUI: HTTPSConnectionPool(host='movilidad.transitoitagui.gov.co', port=443): Read timed out. (read timeout=30)
Error en ITAGUI: 'NoneType' object has no attribute 'json'
Error en SABANETA: Expecting value: line 1 column 1 (char 0)
Error en consulta_info_home_public para ITAGUI: HTTPSConnectionPool(host='movilidad.transitoitagui.gov.co', port=443): Read timed out. (read timeout=30)
Error en ITAGUI: 'NoneType' object has no attribute 'json'
Error en SABANETA: Expecting value: line 1 column 1 (char 0)
Error en consulta_info_home_public para ITAGUI: HTTPSConnectionPool(host='movilidad.transitoitagui.gov.co', port=443): Read timed out. (read timeout=30)
Error en ITAGUI: 'NoneType' object has no attribute 'json'
Error en SABANETA: Expecting value: line 1 column 1 (char 0)
Error en consulta_info_home_public para ITAGUI: HTTPSConnectionPool(host='movilidad.transitoitagui.gov.co', port=443): Read timed out. (read timeout=30)
Error en ITAGUI: 'NoneType' object has no attribute 'json'
Error en SABANETA: Expecting value: line 1 column 1 (char 0)
Error en consulta_info_home_public para ITAGUI: HTTPSConnectionPool(host='movilidad.transitoitagui.gov.co', port=443): Read timed out. (read timeout=30)
Error en ITAGUI: 'NoneType' object has no attribute 'json'
Error en SABANETA: Expecting value: line 1 column 1 (char 0)
Error en consulta_info_home_public para ITAGUI: HTTPSConnectionPool(host='movilidad.transitoitagui.gov.co', port=443): Read timed out. (read timeout=30)
Error en ITAGUI: 'NoneType' object has no attribute 'json'
Error en SABANETA: Expecting value: line 1 column 1 (char 0)
Error en consulta_info_home_public para ITAGUI: HTTPSConnectionPool(host='movilidad.transitoitagui.gov.co', port=443): Read timed out. (read timeout=30)
Error en ITAGUI: 'NoneType' object has no attribute 'json'
Error en SABANETA: Expecting value: line 1 column 1 (char 0)
Error en consulta_info_home_public para ITAGUI: HTTPSConnectionPool(host='movilidad.transitoitagui.gov.co', port=443): Read timed out. (read timeout=30)
Error en ITAGUI: 'NoneType' object has no attribute 'json'
Error en SABANETA: Expecting value: line 1 column 1 (char 0)
Error en consulta_info_home_public para ITAGUI: HTTPSConnectionPool(host='movilidad.transitoitagui.gov.co', port=443): Read timed out. (read timeout=30)
Error en ITAGUI: 'NoneType' object has no attribute 'json'
Error en SABANETA: Expecting value: line 1 column 1 (char 0)
Error en consulta_info_home_public para ITAGUI: HTTPSConnectionPool(host='movilidad.transitoitagui.gov.co', port=443): Read timed out. (read timeout=30)
Error en ITAGUI: 'NoneType' object has no attribute 'json'
Error en SABANETA: Expecting value: line 1 column 1 (char 0)
Error en consulta_info_home_public para ITAGUI: HTTPSConnectionPool(host='movilidad.transitoitagui.gov.co', port=443): Read timed out. (read timeout=30)
Error en ITAGUI: 'NoneType' object has no attribute 'json'
Error en SABANETA: Expecting value: line 1 column 1 (char 0)
Error en consulta_info_home_public para ITAGUI: HTTPSConnectionPool(host='movilidad.transitoitagui.gov.co', port=443): Read timed out. (read timeout=30)
Error en ITAGUI: 'NoneType' object has no attribute 'json'
Error en SABANETA: Expecting value: line 1 column 1 (char 0)
Error en consulta_info_home_public para ITAGUI: HTTPSConnectionPool(host='movilidad.transitoitagui.gov.co', port=443): Read timed out. (read timeout=30)
Error en ITAGUI: 'NoneType' object has no attribute 'json'
Error en SABANETA: Expecting value: line 1 column 1 (char 0)
Error en consulta_info_home_public para ITAGUI: HTTPSConnectionPool(host='movilidad.transitoitagui.gov.co', port=443): Read timed out. (read timeout=30)
Error en ITAGUI: 'NoneType' object has no attribute 'json'
Error en SABANETA: Expecting value: line 1 column 1 (char 0)
Error en consulta_info_home_public para ITAGUI: HTTPSConnectionPool(host='movilidad.transitoitagui.gov.co', port=443): Read timed out. (read timeout=30)
Error en ITAGUI: 'NoneType' object has no attribute 'json'
Error en SABANETA: Expecting value: line 1 column 1 (char 0)
Error en consulta_info_home_public para ITAGUI: HTTPSConnectionPool(host='movilidad.transitoitagui.gov.co', port=443): Read timed out. (read timeout=30)
Error en ITAGUI: 'NoneType' object has no attribute 'json'
Error en SABANETA: Expecting value: line 1 column 1 (char 0)
Error en consulta_info_home_public para ITAGUI: HTTPSConnectionPool(host='movilidad.transitoitagui.gov.co', port=443): Read timed out. (read timeout=30)
Error en ITAGUI: 'NoneType' object has no attribute 'json'
Error en SABANETA: Expecting value: line 1 column 1 (char 0)
Error en consulta_info_home_public para ITAGUI: HTTPSConnectionPool(host='movilidad.transitoitagui.gov.co', port=443): Read timed out. (read timeout=30)
Error en ITAGUI: 'NoneType' object has no attribute 'json'
Error en SABANETA: Expecting value: line 1 column 1 (char 0)
Error en consulta_info_home_public para ITAGUI: HTTPSConnectionPool(host='movilidad.transitoitagui.gov.co', port=443): Read timed out. (read timeout=30)
Error en ITAGUI: 'NoneType' object has no attribute 'json'
Error en SABANETA: Expecting value: line 1 column 1 (char 0)
Error en consulta_info_home_public para ITAGUI: HTTPSConnectionPool(host='movilidad.transitoitagui.gov.co', port=443): Read timed out. (read timeout=30)
Error en ITAGUI: 'NoneType' object has no attribute 'json'
Error en SABANETA: Expecting value: line 1 column 1 (char 0)
Error en consulta_info_home_public para ITAGUI: HTTPSConnectionPool(host='movilidad.transitoitagui.gov.co', port=443): Read timed out. (read timeout=30)
Error en ITAGUI: 'NoneType' object has no attribute 'json'
Error en SABANETA: Expecting value: line 1 column 1 (char 0)
Error en consulta_info_home_public para ITAGUI: HTTPSConnectionPool(host='movilidad.transitoitagui.gov.co', port=443): Read timed out. (read timeout=30)
Error en ITAGUI: 'NoneType' object has no attribute 'json'
Error en SABANETA: Expecting value: line 1 column 1 (char 0)
Error en consulta_info_home_public para ITAGUI: HTTPSConnectionPool(host='movilidad.transitoitagui.gov.co', port=443): Read timed out. (read timeout=30)
Error en ITAGUI: 'NoneType' object has no attribute 'json'
Error en SABANETA: Expecting value: line 1 column 1 (char 0)
Error en consulta_info_home_public para ITAGUI: HTTPSConnectionPool(host='movilidad.transitoitagui.gov.co', port=443): Read timed out. (read timeout=30)
Error en ITAGUI: 'NoneType' object has no attribute 'json'
Error en SABANETA: Expecting value: line 1 column 1 (char 0)
Error en consulta_info_home_public para ITAGUI: HTTPSConnectionPool(host='movilidad.transitoitagui.gov.co', port=443): Read timed out. (read timeout=30)
Error en ITAGUI: 'NoneType' object has no attribute 'json'
Error en SABANETA: Expecting value: line 1 column 1 (char 0)
Error en consulta_info_home_public para ITAGUI: HTTPSConnectionPool(host='movilidad.transitoitagui.gov.co', port=443): Read timed out. (read timeout=30)
Error en ITAGUI: 'NoneType' object has no attribute 'json'
Error en SABANETA: Expecting value: line 1 column 1 (char 0)
Error en consulta_info_home_public para ITAGUI: HTTPSConnectionPool(host='movilidad.transitoitagui.gov.co', port=443): Read timed out. (read timeout=30)
Error en ITAGUI: 'NoneType' object has no attribute 'json'
Error en SABANETA: Expecting value: line 1 column 1 (char 0)
Error en consulta_info_home_public para ITAGUI: HTTPSConnectionPool(host='movilidad.transitoitagui.gov.co', port=443): Read timed out. (read timeout=30)
Error en ITAGUI: 'NoneType' object has no attribute 'json'
Error en SABANETA: Expecting value: line 1 column 1 (char 0)
Error en consulta_info_home_public para ITAGUI: HTTPSConnectionPool(host='movilidad.transitoitagui.gov.co', port=443): Read timed out. (read timeout=30)
Error en ITAGUI: 'NoneType' object has no attribute 'json'/home/comparendos/venv/lib/python3.12/site-packages/urllib3/connectionpool.py:1097: InsecureRequestWarning: Unverified HTTPS request is being made to host 'serviciosdigitales.movilidadavanzadabello.com.co'. Adding certificate verification is strongly advised. See: https://urllib3.readthedocs.io/en/latest/advanced-usage.html#tls-warnings
  warnings.warn(
/home/comparendos/venv/lib/python3.12/site-packages/urllib3/connectionpool.py:1097: InsecureRequestWarning: Unverified HTTPS request is being made to host 'serviciosdigitales.movilidadavanzadabello.com.co'. Adding certificate verification is strongly advised. See: https://urllib3.readthedocs.io/en/latest/advanced-usage.html#tls-warnings
  warnings.warn(
/home/comparendos/venv/lib/python3.12/site-packages/urllib3/connectionpool.py:1097: InsecureRequestWarning: Unverified HTTPS request is being made to host 'serviciosdigitales.movilidadavanzadabello.com.co'. Adding certificate verification is strongly advised. See: https://urllib3.readthedocs.io/en/latest/advanced-usage.html#tls-warnings
  warnings.warn(
/home/comparendos/venv/lib/python3.12/site-packages/urllib3/connectionpool.py:1097: InsecureRequestWarning: Unverified HTTPS request is being made to host 'serviciosdigitales.movilidadavanzadabello.com.co'. Adding certificate verification is strongly advised. See: https://urllib3.readthedocs.io/en/latest/advanced-usage.html#tls-warnings
  warnings.warn(
/home/comparendos/venv/lib/python3.12/site-packages/urllib3/connectionpool.py:1097: InsecureRequestWarning: Unverified HTTPS request is being made to host 'serviciosdigitales.movilidadavanzadabello.com.co'. Adding certificate verification is strongly advised. See: https://urllib3.readthedocs.io/en/latest/advanced-usage.html#tls-warnings
  warnings.warn(
/home/comparendos/venv/lib/python3.12/site-packages/urllib3/connectionpool.py:1097: InsecureRequestWarning: Unverified HTTPS request is being made to host 'serviciosdigitales.movilidadavanzadabello.com.co'. Adding certificate verification is strongly advised. See: https://urllib3.readthedocs.io/en/latest/advanced-usage.html#tls-warnings
  warnings.warn(
/home/comparendos/venv/lib/python3.12/site-packages/urllib3/connectionpool.py:1097: InsecureRequestWarning: Unverified HTTPS request is being made to host 'serviciosdigitales.movilidadavanzadabello.com.co'. Adding certificate verification is strongly advised. See: https://urllib3.readthedocs.io/en/latest/advanced-usage.html#tls-warnings
  warnings.warn(
/home/comparendos/venv/lib/python3.12/site-packages/urllib3/connectionpool.py:1097: InsecureRequestWarning: Unverified HTTPS request is being made to host 'serviciosdigitales.movilidadavanzadabello.com.co'. Adding certificate verification is strongly advised. See: https://urllib3.readthedocs.io/en/latest/advanced-usage.html#tls-warnings
  warnings.warn(

Error en SABANETA: Expecting value: line 1 column 1 (char 0)
Error en consulta_info_home_public para ITAGUI: HTTPSConnectionPool(host='movilidad.transitoitagui.gov.co', port=443): Read timed out. (read timeout=30)
Error en ITAGUI: 'NoneType' object has no attribute 'json'
Error en SABANETA: Expecting value: line 1 column 1 (char 0)
Error en consulta_info_home_public para ITAGUI: HTTPSConnectionPool(host='movilidad.transitoitagui.gov.co', port=443): Read timed out. (read timeout=30)
Error en ITAGUI: 'NoneType' object has no attribute 'json'
Error en SABANETA: Expecting value: line 1 column 1 (char 0)
Error en consulta_info_home_public para ITAGUI: HTTPSConnectionPool(host='movilidad.transitoitagui.gov.co', port=443): Read timed out. (read timeout=30)
Error en ITAGUI: 'NoneType' object has no attribute 'json'
Error en SABANETA: Expecting value: line 1 column 1 (char 0)
Error en consulta_info_home_public para ITAGUI: HTTPSConnectionPool(host='movilidad.transitoitagui.gov.co', port=443): Read timed out. (read timeout=30)
Error en ITAGUI: 'NoneType' object has no attribute 'json'
Error en SABANETA: Expecting value: line 1 column 1 (char 0)
Error en consulta_info_home_public para ITAGUI: HTTPSConnectionPool(host='movilidad.transitoitagui.gov.co', port=443): Read timed out. (read timeout=30)
Error en ITAGUI: 'NoneType' object has no attribute 'json'
Error en SABANETA: Expecting value: line 1 column 1 (char 0)
Error en consulta_info_home_public para ITAGUI: HTTPSConnectionPool(host='movilidad.transitoitagui.gov.co', port=443): Read timed out. (read timeout=30)
Error en ITAGUI: 'NoneType' object has no attribute 'json'
Error en SABANETA: Expecting value: line 1 column 1 (char 0)
Error en consulta_info_home_public para ITAGUI: HTTPSConnectionPool(host='movilidad.transitoitagui.gov.co', port=443): Read timed out. (read timeout=30)
Error en ITAGUI: 'NoneType' object has no attribute 'json'
Error en SABANETA: Expecting value: line 1 column 1 (char 0)
Error en consulta_info_home_public para ITAGUI: HTTPSConnectionPool(host='movilidad.transitoitagui.gov.co', port=443): Read timed out. (read timeout=30)
Error en ITAGUI: 'NoneType' object has no attribute 'json'
[2026-04-27 10:43:50] Enviando 16 templates para el bloque (process_template_id: ztzUGr7EC8cd)
Payload para el envío ztzUGr7EC8cd:
{
  "users": [
    {
      "phone": "+573105390913",
      "parameters": [
        {
          "order": 0,
          "parameter": "MEDELLIN"
        },
        {
          "order": 1,
          "parameter": "2026-04-17"
        },
        {
          "order": 2,
          "parameter": "LFX579"
        },
        {
          "order": 3,
          "parameter": "C29"
        },
        {
          "order": 4,
          "parameter": "Conducir un vehículo a velocidad superior a la máxima permitida"
        }
      ]
    },
    {
      "phone": "+573215859259",
      "parameters": [
        {
          "order": 0,
          "parameter": "MEDELLIN"
        },
        {
          "order": 1,
          "parameter": "2026-04-16"
        },
        {
          "order": 2,
          "parameter": "JJU307"
        },
        {
          "order": 3,
          "parameter": "C35"
        },
        {
          "order": 4,
          "parameter": "No realizar la revisión técnico-mecánica en el plazo legal establecido o cuando el vehículo no se encuentre en adecuadas condiciones técnico-mecánicas o de emisiones contaminantes, aun cuando porte los certificados correspondientes, además el vehículo será inmovilizado."
        }
      ]
    },
    {
      "phone": "+573184152107",
      "parameters": [
        {
          "order": 0,
          "parameter": "MEDELLIN"
        },
        {
          "order": 1,
          "parameter": "2026-04-17"
        },
        {
          "order": 2,
          "parameter": "GXK475"
        },
        {
          "order": 3,
          "parameter": "C35"
        },
        {
          "order": 4,
          "parameter": "No realizar la revisión técnico-mecánica en el plazo legal establecido o cuando el vehículo no se encuentre en adecuadas condiciones técnico-mecánicas o de emisiones contaminantes, aun cuando porte los certificados correspondientes, además el vehículo será inmovilizado."
        }
      ]
    },
    {
      "phone": "+573175023191",
      "parameters": [
        {
          "order": 0,
          "parameter": "MEDELLIN"
        },
        {
          "order": 1,
          "parameter": "2025-07-25"
        },
        {
          "order": 2,
          "parameter": "JVY375"
        },
        {
          "order": 3,
          "parameter": "C29"
        },
        {
          "order": 4,
          "parameter": "Conducir un vehículo a velocidad superior a la máxima permitida"
        }
      ]
    },
    {
      "phone": "+573104246834",
      "parameters": [
        {
          "order": 0,
          "parameter": "MEDELLIN"
        },
        {
          "order": 1,
          "parameter": "2025-12-03"
        },
        {
          "order": 2,
          "parameter": "JZN439"
        },
        {
          "order": 3,
          "parameter": "C29"
        },
        {
          "order": 4,
          "parameter": "Conducir un vehículo a velocidad superior a la máxima permitida"
        }
      ]
    },
    {
      "phone": "+573150952599",
      "parameters": [
        {
          "order": 0,
          "parameter": "MEDELLIN"
        },
        {
          "order": 1,
          "parameter": "2025-11-04"
        },
        {
          "order": 2,
          "parameter": "PMF76H"
        },
        {
          "order": 3,
          "parameter": "C14"
        },
        {
          "order": 4,
          "parameter": "Transitar por sitios restringidos o en horas prohibidas por la autoridad competente. Además, el vehículo será inmovilizado"
        }
      ]
    },
    {
      "phone": "+573150952599",
      "parameters": [
        {
          "order": 0,
          "parameter": "MEDELLIN"
        },
        {
          "order": 1,
          "parameter": "2025-11-11"
        },
        {
          "order": 2,
          "parameter": "PMF76H"
        },
        {
          "order": 3,
          "parameter": "C14"
        },
        {
          "order": 4,
          "parameter": "Transitar por sitios restringidos o en horas prohibidas por la autoridad competente. Además, el vehículo será inmovilizado"
        }
      ]
    },
    {
      "phone": "+573150952599",
      "parameters": [
        {
          "order": 0,
          "parameter": "MEDELLIN"
        },
        {
          "order": 1,
          "parameter": "2025-11-25"
        },
        {
          "order": 2,
          "parameter": "PMF76H"
        },
        {
          "order": 3,
          "parameter": "C14"
        },
        {
          "order": 4,
          "parameter": "Transitar por sitios restringidos o en horas prohibidas por la autoridad competente. Además, el vehículo será inmovilizado"
        }
      ]
    },
    {
      "phone": "+573150952599",
      "parameters": [
        {
          "order": 0,
          "parameter": "MEDELLIN"
        },
        {
          "order": 1,
          "parameter": "2025-12-09"
        },
        {
          "order": 2,
          "parameter": "PMF76H"
        },
        {
          "order": 3,
          "parameter": "C14"
        },
        {
          "order": 4,
          "parameter": "Transitar por sitios restringidos o en horas prohibidas por la autoridad competente. Además, el vehículo será inmovilizado"
        }
      ]
    },
    {
      "phone": "+573150952599",
      "parameters": [
        {
          "order": 0,
          "parameter": "MEDELLIN"
        },
        {
          "order": 1,
          "parameter": "2026-01-27"
        },
        {
          "order": 2,
          "parameter": "WKH50H"
        },
        {
          "order": 3,
          "parameter": "C14"
        },
        {
          "order": 4,
          "parameter": "Transitar por sitios restringidos o en horas prohibidas por la autoridad competente. Además, el vehículo será inmovilizado"
        }
      ]
    },
    {
      "phone": "+573150952599",
      "parameters": [
        {
          "order": 0,
          "parameter": "MEDELLIN"
        },
        {
          "order": 1,
          "parameter": "2026-03-28"
        },
        {
          "order": 2,
          "parameter": "ELL092"
        },
        {
          "order": 3,
          "parameter": "D02"
        },
        {
          "order": 4,
          "parameter": "Conducir sin portar los seguros ordenados por la ley. Además, el vehículo será inmovilizado"
        }
      ]
    },
    {
      "phone": "+573150952599",
      "parameters": [
        {
          "order": 0,
          "parameter": "MEDELLIN"
        },
        {
          "order": 1,
          "parameter": "2026-03-17"
        },
        {
          "order": 2,
          "parameter": "PFN236"
        },
        {
          "order": 3,
          "parameter": "D04"
        },
        {
          "order": 4,
          "parameter": "No detenerse ante una luz roja o amarilla de semáforo, una señal de \"PARE\" o un semáforo intermitente en rojo."
        }
      ]
    },
    {
      "phone": "+573104682126",
      "parameters": [
        {
          "order": 0,
          "parameter": "MEDELLIN"
        },
        {
          "order": 1,
          "parameter": "2026-02-23"
        },
        {
          "order": 2,
          "parameter": "NNL753"
        },
        {
          "order": 3,
          "parameter": "C29"
        },
        {
          "order": 4,
          "parameter": "Conducir un vehículo a velocidad superior a la máxima permitida"
        }
      ]
    },
    {
      "phone": "+573214578519",
      "parameters": [
        {
          "order": 0,
          "parameter": "MEDELLIN"
        },
        {
          "order": 1,
          "parameter": "2025-10-31"
        },
        {
          "order": 2,
          "parameter": "COW782"
        },
        {
          "order": 3,
          "parameter": "D02"
        },
        {
          "order": 4,
          "parameter": "Conducir sin portar los seguros ordenados por la ley. Además, el vehículo será inmovilizado"
        }
      ]
    },
    {
      "phone": "+573214578519",
      "parameters": [
        {
          "order": 0,
          "parameter": "MEDELLIN"
        },
        {
          "order": 1,
          "parameter": "2025-11-15"
        },
        {
          "order": 2,
          "parameter": "COW782"
        },
        {
          "order": 3,
          "parameter": "D02"
        },
        {
          "order": 4,
          "parameter": "Conducir sin portar los seguros ordenados por la ley. Además, el vehículo será inmovilizado"
        }
      ]
    },
    {
      "phone": "+573214578519",
      "parameters": [
        {
          "order": 0,
          "parameter": "MEDELLIN"
        },
        {
          "order": 1,
          "parameter": "2025-12-02"
        },
        {
          "order": 2,
          "parameter": "COW782"
        },
        {
          "order": 3,
          "parameter": "D02"
        },
        {
          "order": 4,
          "parameter": "Conducir sin portar los seguros ordenados por la ley. Además, el vehículo será inmovilizado"
        }
      ]
    }
  ],
  "SaveInfo": false,
  "origin": "API",
  "templateName": "notificacion_comparendos",
  "language": "ES",
  "sender": "School Center",
  "ParametersName": []
}/home/comparendos/venv/lib/python3.12/site-packages/urllib3/connectionpool.py:1097: InsecureRequestWarning: Unverified HTTPS request is being made to host 'serviciosdigitales.movilidadavanzadabello.com.co'. Adding certificate verification is strongly advised. See: https://urllib3.readthedocs.io/en/latest/advanced-usage.html#tls-warnings
  warnings.warn(
/home/comparendos/venv/lib/python3.12/site-packages/urllib3/connectionpool.py:1097: InsecureRequestWarning: Unverified HTTPS request is being made to host 'serviciosdigitales.movilidadavanzadabello.com.co'. Adding certificate verification is strongly advised. See: https://urllib3.readthedocs.io/en/latest/advanced-usage.html#tls-warnings
  warnings.warn(
/home/comparendos/venv/lib/python3.12/site-packages/urllib3/connectionpool.py:1097: InsecureRequestWarning: Unverified HTTPS request is being made to host 'serviciosdigitales.movilidadavanzadabello.com.co'. Adding certificate verification is strongly advised. See: https://urllib3.readthedocs.io/en/latest/advanced-usage.html#tls-warnings
  warnings.warn(
/home/comparendos/venv/lib/python3.12/site-packages/urllib3/connectionpool.py:1097: InsecureRequestWarning: Unverified HTTPS request is being made to host 'serviciosdigitales.movilidadavanzadabello.com.co'. Adding certificate verification is strongly advised. See: https://urllib3.readthedocs.io/en/latest/advanced-usage.html#tls-warnings
  warnings.warn(
/home/comparendos/venv/lib/python3.12/site-packages/urllib3/connectionpool.py:1097: InsecureRequestWarning: Unverified HTTPS request is being made to host 'serviciosdigitales.movilidadavanzadabello.com.co'. Adding certificate verification is strongly advised. See: https://urllib3.readthedocs.io/en/latest/advanced-usage.html#tls-warnings
  warnings.warn(
/home/comparendos/venv/lib/python3.12/site-packages/urllib3/connectionpool.py:1097: InsecureRequestWarning: Unverified HTTPS request is being made to host 'serviciosdigitales.movilidadavanzadabello.com.co'. Adding certificate verification is strongly advised. See: https://urllib3.readthedocs.io/en/latest/advanced-usage.html#tls-warnings
  warnings.warn(
/home/comparendos/venv/lib/python3.12/site-packages/urllib3/connectionpool.py:1097: InsecureRequestWarning: Unverified HTTPS request is being made to host 'serviciosdigitales.movilidadavanzadabello.com.co'. Adding certificate verification is strongly advised. See: https://urllib3.readthedocs.io/en/latest/advanced-usage.html#tls-warnings
  warnings.warn(
/home/comparendos/venv/lib/python3.12/site-packages/urllib3/connectionpool.py:1097: InsecureRequestWarning: Unverified HTTPS request is being made to host 'serviciosdigitales.movilidadavanzadabello.com.co'. Adding certificate verification is strongly advised. See: https://urllib3.readthedocs.io/en/latest/advanced-usage.html#tls-warnings
  warnings.warn(
/home/comparendos/venv/lib/python3.12/site-packages/urllib3/connectionpool.py:1097: InsecureRequestWarning: Unverified HTTPS request is being made to host 'serviciosdigitales.movilidadavanzadabello.com.co'. Adding certificate verification is strongly advised. See: https://urllib3.readthedocs.io/en/latest/advanced-usage.html#tls-warnings
  warnings.warn(
/home/comparendos/venv/lib/python3.12/site-packages/urllib3/connectionpool.py:1097: InsecureRequestWarning: Unverified HTTPS request is being made to host 'serviciosdigitales.movilidadavanzadabello.com.co'. Adding certificate verification is strongly advised. See: https://urllib3.readthedocs.io/en/latest/advanced-usage.html#tls-warnings
  warnings.warn(
/home/comparendos/venv/lib/python3.12/site-packages/urllib3/connectionpool.py:1097: InsecureRequestWarning: Unverified HTTPS request is being made to host 'serviciosdigitales.movilidadavanzadabello.com.co'. Adding certificate verification is strongly advised. See: https://urllib3.readthedocs.io/en/latest/advanced-usage.html#tls-warnings
  warnings.warn(
/home/comparendos/venv/lib/python3.12/site-packages/urllib3/connectionpool.py:1097: InsecureRequestWarning: Unverified HTTPS request is being made to host 'serviciosdigitales.movilidadavanzadabello.com.co'. Adding certificate verification is strongly advised. See: https://urllib3.readthedocs.io/en/latest/advanced-usage.html#tls-warnings
  warnings.warn(
/home/comparendos/venv/lib/python3.12/site-packages/urllib3/connectionpool.py:1097: InsecureRequestWarning: Unverified HTTPS request is being made to host 'serviciosdigitales.movilidadavanzadabello.com.co'. Adding certificate verification is strongly advised. See: https://urllib3.readthedocs.io/en/latest/advanced-usage.html#tls-warnings
  warnings.warn(
/home/comparendos/venv/lib/python3.12/site-packages/urllib3/connectionpool.py:1097: InsecureRequestWarning: Unverified HTTPS request is being made to host 'serviciosdigitales.movilidadavanzadabello.com.co'. Adding certificate verification is strongly advised. See: https://urllib3.readthedocs.io/en/latest/advanced-usage.html#tls-warnings
  warnings.warn(
/home/comparendos/venv/lib/python3.12/site-packages/urllib3/connectionpool.py:1097: InsecureRequestWarning: Unverified HTTPS request is being made to host 'serviciosdigitales.movilidadavanzadabello.com.co'. Adding certificate verification is strongly advised. See: https://urllib3.readthedocs.io/en/latest/advanced-usage.html#tls-warnings
  warnings.warn(
/home/comparendos/venv/lib/python3.12/site-packages/urllib3/connectionpool.py:1097: InsecureRequestWarning: Unverified HTTPS request is being made to host 'serviciosdigitales.movilidadavanzadabello.com.co'. Adding certificate verification is strongly advised. See: https://urllib3.readthedocs.io/en/latest/advanced-usage.html#tls-warnings
  warnings.warn(
/home/comparendos/venv/lib/python3.12/site-packages/urllib3/connectionpool.py:1097: InsecureRequestWarning: Unverified HTTPS request is being made to host 'serviciosdigitales.movilidadavanzadabello.com.co'. Adding certificate verification is strongly advised. See: https://urllib3.readthedocs.io/en/latest/advanced-usage.html#tls-warnings
  warnings.warn(
/home/comparendos/venv/lib/python3.12/site-packages/urllib3/connectionpool.py:1097: InsecureRequestWarning: Unverified HTTPS request is being made to host 'serviciosdigitales.movilidadavanzadabello.com.co'. Adding certificate verification is strongly advised. See: https://urllib3.readthedocs.io/en/latest/advanced-usage.html#tls-warnings
  warnings.warn(
/home/comparendos/venv/lib/python3.12/site-packages/urllib3/connectionpool.py:1097: InsecureRequestWarning: Unverified HTTPS request is being made to host 'serviciosdigitales.movilidadavanzadabello.com.co'. Adding certificate verification is strongly advised. See: https://urllib3.readthedocs.io/en/latest/advanced-usage.html#tls-warnings
  warnings.warn(
/home/comparendos/venv/lib/python3.12/site-packages/urllib3/connectionpool.py:1097: InsecureRequestWarning: Unverified HTTPS request is being made to host 'serviciosdigitales.movilidadavanzadabello.com.co'. Adding certificate verification is strongly advised. See: https://urllib3.readthedocs.io/en/latest/advanced-usage.html#tls-warnings
  warnings.warn(
/home/comparendos/venv/lib/python3.12/site-packages/urllib3/connectionpool.py:1097: InsecureRequestWarning: Unverified HTTPS request is being made to host 'serviciosdigitales.movilidadavanzadabello.com.co'. Adding certificate verification is strongly advised. See: https://urllib3.readthedocs.io/en/latest/advanced-usage.html#tls-warnings
  warnings.warn(
/home/comparendos/venv/lib/python3.12/site-packages/urllib3/connectionpool.py:1097: InsecureRequestWarning: Unverified HTTPS request is being made to host 'serviciosdigitales.movilidadavanzadabello.com.co'. Adding certificate verification is strongly advised. See: https://urllib3.readthedocs.io/en/latest/advanced-usage.html#tls-warnings
  warnings.warn(
/home/comparendos/venv/lib/python3.12/site-packages/urllib3/connectionpool.py:1097: InsecureRequestWarning: Unverified HTTPS request is being made to host 'serviciosdigitales.movilidadavanzadabello.com.co'. Adding certificate verification is strongly advised. See: https://urllib3.readthedocs.io/en/latest/advanced-usage.html#tls-warnings
  warnings.warn(
/home/comparendos/venv/lib/python3.12/site-packages/urllib3/connectionpool.py:1097: InsecureRequestWarning: Unverified HTTPS request is being made to host 'serviciosdigitales.movilidadavanzadabello.com.co'. Adding certificate verification is strongly advised. See: https://urllib3.readthedocs.io/en/latest/advanced-usage.html#tls-warnings
  warnings.warn(
/home/comparendos/venv/lib/python3.12/site-packages/urllib3/connectionpool.py:1097: InsecureRequestWarning: Unverified HTTPS request is being made to host 'serviciosdigitales.movilidadavanzadabello.com.co'. Adding certificate verification is strongly advised. See: https://urllib3.readthedocs.io/en/latest/advanced-usage.html#tls-warnings
  warnings.warn(
/home/comparendos/venv/lib/python3.12/site-packages/urllib3/connectionpool.py:1097: InsecureRequestWarning: Unverified HTTPS request is being made to host 'serviciosdigitales.movilidadavanzadabello.com.co'. Adding certificate verification is strongly advised. See: https://urllib3.readthedocs.io/en/latest/advanced-usage.html#tls-warnings
  warnings.warn(
/home/comparendos/venv/lib/python3.12/site-packages/urllib3/connectionpool.py:1097: InsecureRequestWarning: Unverified HTTPS request is being made to host 'serviciosdigitales.movilidadavanzadabello.com.co'. Adding certificate verification is strongly advised. See: https://urllib3.readthedocs.io/en/latest/advanced-usage.html#tls-warnings
  warnings.warn(
/home/comparendos/venv/lib/python3.12/site-packages/urllib3/connectionpool.py:1097: InsecureRequestWarning: Unverified HTTPS request is being made to host 'serviciosdigitales.movilidadavanzadabello.com.co'. Adding certificate verification is strongly advised. See: https://urllib3.readthedocs.io/en/latest/advanced-usage.html#tls-warnings
  warnings.warn(
/home/comparendos/venv/lib/python3.12/site-packages/urllib3/connectionpool.py:1097: InsecureRequestWarning: Unverified HTTPS request is being made to host 'serviciosdigitales.movilidadavanzadabello.com.co'. Adding certificate verification is strongly advised. See: https://urllib3.readthedocs.io/en/latest/advanced-usage.html#tls-warnings
  warnings.warn(
/home/comparendos/venv/lib/python3.12/site-packages/urllib3/connectionpool.py:1097: InsecureRequestWarning: Unverified HTTPS request is being made to host 'serviciosdigitales.movilidadavanzadabello.com.co'. Adding certificate verification is strongly advised. See: https://urllib3.readthedocs.io/en/latest/advanced-usage.html#tls-warnings
  warnings.warn(

[2026-04-27 10:43:55] Enviando 16 templates.
[2026-04-27 10:43:55] Respuesta del envío: True - 
Error en SABANETA: Expecting value: line 1 column 1 (char 0)
Error en consulta_info_home_public para ITAGUI: HTTPSConnectionPool(host='movilidad.transitoitagui.gov.co', port=443): Read timed out. (read timeout=30)
Error en ITAGUI: 'NoneType' object has no attribute 'json'
Error en SABANETA: Expecting value: line 1 column 1 (char 0)
Error en consulta_info_home_public para ITAGUI: HTTPSConnectionPool(host='movilidad.transitoitagui.gov.co', port=443): Read timed out. (read timeout=30)
Error en ITAGUI: 'NoneType' object has no attribute 'json'
Error en SABANETA: Expecting value: line 1 column 1 (char 0)
Error en consulta_info_home_public para ITAGUI: HTTPSConnectionPool(host='movilidad.transitoitagui.gov.co', port=443): Read timed out. (read timeout=30)
Error en ITAGUI: 'NoneType' object has no attribute 'json'
Error en SABANETA: Expecting value: line 1 column 1 (char 0)
Error en consulta_info_home_public para ITAGUI: HTTPSConnectionPool(host='movilidad.transitoitagui.gov.co', port=443): Read timed out. (read timeout=30)
Error en ITAGUI: 'NoneType' object has no attribute 'json'
Error en SABANETA: Expecting value: line 1 column 1 (char 0)
Error en consulta_info_home_public para ITAGUI: HTTPSConnectionPool(host='movilidad.transitoitagui.gov.co', port=443): Read timed out. (read timeout=30)
Error en ITAGUI: 'NoneType' object has no attribute 'json'
Error en SABANETA: Expecting value: line 1 column 1 (char 0)
Error en consulta_info_home_public para ITAGUI: HTTPSConnectionPool(host='movilidad.transitoitagui.gov.co', port=443): Read timed out. (read timeout=30)
Error en ITAGUI: 'NoneType' object has no attribute 'json'
Error en SABANETA: Expecting value: line 1 column 1 (char 0)
Error en consulta_info_home_public para ITAGUI: HTTPSConnectionPool(host='movilidad.transitoitagui.gov.co', port=443): Read timed out. (read timeout=30)
Error en ITAGUI: 'NoneType' object has no attribute 'json'
Error en SABANETA: Expecting value: line 1 column 1 (char 0)
Error en consulta_info_home_public para ITAGUI: HTTPSConnectionPool(host='movilidad.transitoitagui.gov.co', port=443): Read timed out. (read timeout=30)
Error en ITAGUI: 'NoneType' object has no attribute 'json'
Error en SABANETA: Expecting value: line 1 column 1 (char 0)
Error en consulta_info_home_public para ITAGUI: HTTPSConnectionPool(host='movilidad.transitoitagui.gov.co', port=443): Read timed out. (read timeout=30)
Error en ITAGUI: 'NoneType' object has no attribute 'json'
Error en SABANETA: Expecting value: line 1 column 1 (char 0)
Error en consulta_info_home_public para ITAGUI: HTTPSConnectionPool(host='movilidad.transitoitagui.gov.co', port=443): Read timed out. (read timeout=30)
Error en ITAGUI: 'NoneType' object has no attribute 'json'
Error en SABANETA: Expecting value: line 1 column 1 (char 0)
Error en consulta_info_home_public para ITAGUI: HTTPSConnectionPool(host='movilidad.transitoitagui.gov.co', port=443): Read timed out. (read timeout=30)
Error en ITAGUI: 'NoneType' object has no attribute 'json'
Error en SABANETA: Expecting value: line 1 column 1 (char 0)
Error en consulta_info_home_public para ITAGUI: HTTPSConnectionPool(host='movilidad.transitoitagui.gov.co', port=443): Read timed out. (read timeout=30)
Error en ITAGUI: 'NoneType' object has no attribute 'json'
Error en SABANETA: Expecting value: line 1 column 1 (char 0)
Error en consulta_info_home_public para ITAGUI: HTTPSConnectionPool(host='movilidad.transitoitagui.gov.co', port=443): Read timed out. (read timeout=30)
Error en ITAGUI: 'NoneType' object has no attribute 'json'
Error en SABANETA: Expecting value: line 1 column 1 (char 0)
Error en consulta_info_home_public para ITAGUI: HTTPSConnectionPool(host='movilidad.transitoitagui.gov.co', port=443): Read timed out. (read timeout=30)
Error en ITAGUI: 'NoneType' object has no attribute 'json'
Error en SABANETA: Expecting value: line 1 column 1 (char 0)
Error en consulta_info_home_public para ITAGUI: HTTPSConnectionPool(host='movilidad.transitoitagui.gov.co', port=443): Read timed out. (read timeout=30)
Error en ITAGUI: 'NoneType' object has no attribute 'json'
Error en SABANETA: Expecting value: line 1 column 1 (char 0)
Error en consulta_info_home_public para ITAGUI: HTTPSConnectionPool(host='movilidad.transitoitagui.gov.co', port=443): Read timed out. (read timeout=30)
Error en ITAGUI: 'NoneType' object has no attribute 'json'
Error en SABANETA: Expecting value: line 1 column 1 (char 0)
Error en consulta_info_home_public para ITAGUI: HTTPSConnectionPool(host='movilidad.transitoitagui.gov.co', port=443): Read timed out. (read timeout=30)
Error en ITAGUI: 'NoneType' object has no attribute 'json'
Error en SABANETA: Expecting value: line 1 column 1 (char 0)
Error en consulta_info_home_public para ITAGUI: HTTPSConnectionPool(host='movilidad.transitoitagui.gov.co', port=443): Read timed out. (read timeout=30)
Error en ITAGUI: 'NoneType' object has no attribute 'json'
Error en SABANETA: Expecting value: line 1 column 1 (char 0)
Error en consulta_info_home_public para ITAGUI: HTTPSConnectionPool(host='movilidad.transitoitagui.gov.co', port=443): Read timed out. (read timeout=30)
Error en ITAGUI: 'NoneType' object has no attribute 'json'
Error en SABANETA: Expecting value: line 1 column 1 (char 0)
Error en consulta_info_home_public para ITAGUI: HTTPSConnectionPool(host='movilidad.transitoitagui.gov.co', port=443): Read timed out. (read timeout=30)
Error en ITAGUI: 'NoneType' object has no attribute 'json'
Error en SABANETA: Expecting value: line 1 column 1 (char 0)
Error en consulta_info_home_public para ITAGUI: HTTPSConnectionPool(host='movilidad.transitoitagui.gov.co', port=443): Read timed out. (read timeout=30)
Error en ITAGUI: 'NoneType' object has no attribute 'json'
Error en SABANETA: Expecting value: line 1 column 1 (char 0)
Error en consulta_info_home_public para ITAGUI: HTTPSConnectionPool(host='movilidad.transitoitagui.gov.co', port=443): Read timed out. (read timeout=30)
Error en ITAGUI: 'NoneType' object has no attribute 'json'
Error en SABANETA: Expecting value: line 1 column 1 (char 0)
Error en consulta_info_home_public para ITAGUI: HTTPSConnectionPool(host='movilidad.transitoitagui.gov.co', port=443): Read timed out. (read timeout=30)
Error en ITAGUI: 'NoneType' object has no attribute 'json'
Error en SABANETA: Expecting value: line 1 column 1 (char 0)
Error en consulta_info_home_public para ITAGUI: HTTPSConnectionPool(host='movilidad.transitoitagui.gov.co', port=443): Read timed out. (read timeout=30)
Error en ITAGUI: 'NoneType' object has no attribute 'json'
Error en SABANETA: Expecting value: line 1 column 1 (char 0)
Error en consulta_info_home_public para ITAGUI: HTTPSConnectionPool(host='movilidad.transitoitagui.gov.co', port=443): Read timed out. (read timeout=30)
Error en ITAGUI: 'NoneType' object has no attribute 'json'
Error en SABANETA: Expecting value: line 1 column 1 (char 0)
Error en consulta_info_home_public para ITAGUI: HTTPSConnectionPool(host='movilidad.transitoitagui.gov.co', port=443): Read timed out. (read timeout=30)
Error en ITAGUI: 'NoneType' object has no attribute 'json'
Error en SABANETA: Expecting value: line 1 column 1 (char 0)
Error en consulta_info_home_public para ITAGUI: HTTPSConnectionPool(host='movilidad.transitoitagui.gov.co', port=443): Read timed out. (read timeout=30)
Error en ITAGUI: 'NoneType' object has no attribute 'json'
Error en SABANETA: Expecting value: line 1 column 1 (char 0)
Error en consulta_info_home_public para ITAGUI: HTTPSConnectionPool(host='movilidad.transitoitagui.gov.co', port=443): Read timed out. (read timeout=30)
Error en ITAGUI: 'NoneType' object has no attribute 'json'
Error en SABANETA: Expecting value: line 1 column 1 (char 0)
Error en consulta_info_home_public para ITAGUI: HTTPSConnectionPool(host='movilidad.transitoitagui.gov.co', port=443): Read timed out. (read timeout=30)
Error en ITAGUI: 'NoneType' object has no attribute 'json'
Error en SABANETA: Expecting value: line 1 column 1 (char 0)
Error en consulta_info_home_public para ITAGUI: HTTPSConnectionPool(host='movilidad.transitoitagui.gov.co', port=443): Read timed out. (read timeout=30)/home/comparendos/venv/lib/python3.12/site-packages/urllib3/connectionpool.py:1097: InsecureRequestWarning: Unverified HTTPS request is being made to host 'serviciosdigitales.movilidadavanzadabello.com.co'. Adding certificate verification is strongly advised. See: https://urllib3.readthedocs.io/en/latest/advanced-usage.html#tls-warnings
  warnings.warn(
/home/comparendos/venv/lib/python3.12/site-packages/urllib3/connectionpool.py:1097: InsecureRequestWarning: Unverified HTTPS request is being made to host 'serviciosdigitales.movilidadavanzadabello.com.co'. Adding certificate verification is strongly advised. See: https://urllib3.readthedocs.io/en/latest/advanced-usage.html#tls-warnings
  warnings.warn(
/home/comparendos/venv/lib/python3.12/site-packages/urllib3/connectionpool.py:1097: InsecureRequestWarning: Unverified HTTPS request is being made to host 'serviciosdigitales.movilidadavanzadabello.com.co'. Adding certificate verification is strongly advised. See: https://urllib3.readthedocs.io/en/latest/advanced-usage.html#tls-warnings
  warnings.warn(
/home/comparendos/venv/lib/python3.12/site-packages/urllib3/connectionpool.py:1097: InsecureRequestWarning: Unverified HTTPS request is being made to host 'serviciosdigitales.movilidadavanzadabello.com.co'. Adding certificate verification is strongly advised. See: https://urllib3.readthedocs.io/en/latest/advanced-usage.html#tls-warnings
  warnings.warn(
/home/comparendos/venv/lib/python3.12/site-packages/urllib3/connectionpool.py:1097: InsecureRequestWarning: Unverified HTTPS request is being made to host 'serviciosdigitales.movilidadavanzadabello.com.co'. Adding certificate verification is strongly advised. See: https://urllib3.readthedocs.io/en/latest/advanced-usage.html#tls-warnings
  warnings.warn(
/home/comparendos/venv/lib/python3.12/site-packages/urllib3/connectionpool.py:1097: InsecureRequestWarning: Unverified HTTPS request is being made to host 'serviciosdigitales.movilidadavanzadabello.com.co'. Adding certificate verification is strongly advised. See: https://urllib3.readthedocs.io/en/latest/advanced-usage.html#tls-warnings
  warnings.warn(
/home/comparendos/venv/lib/python3.12/site-packages/urllib3/connectionpool.py:1097: InsecureRequestWarning: Unverified HTTPS request is being made to host 'serviciosdigitales.movilidadavanzadabello.com.co'. Adding certificate verification is strongly advised. See: https://urllib3.readthedocs.io/en/latest/advanced-usage.html#tls-warnings
  warnings.warn(
/home/comparendos/venv/lib/python3.12/site-packages/urllib3/connectionpool.py:1097: InsecureRequestWarning: Unverified HTTPS request is being made to host 'serviciosdigitales.movilidadavanzadabello.com.co'. Adding certificate verification is strongly advised. See: https://urllib3.readthedocs.io/en/latest/advanced-usage.html#tls-warnings
  warnings.warn(
/home/comparendos/venv/lib/python3.12/site-packages/urllib3/connectionpool.py:1097: InsecureRequestWarning: Unverified HTTPS request is being made to host 'serviciosdigitales.movilidadavanzadabello.com.co'. Adding certificate verification is strongly advised. See: https://urllib3.readthedocs.io/en/latest/advanced-usage.html#tls-warnings
  warnings.warn(
/home/comparendos/venv/lib/python3.12/site-packages/urllib3/connectionpool.py:1097: InsecureRequestWarning: Unverified HTTPS request is being made to host 'serviciosdigitales.movilidadavanzadabello.com.co'. Adding certificate verification is strongly advised. See: https://urllib3.readthedocs.io/en/latest/advanced-usage.html#tls-warnings
  warnings.warn(
/home/comparendos/venv/lib/python3.12/site-packages/urllib3/connectionpool.py:1097: InsecureRequestWarning: Unverified HTTPS request is being made to host 'serviciosdigitales.movilidadavanzadabello.com.co'. Adding certificate verification is strongly advised. See: https://urllib3.readthedocs.io/en/latest/advanced-usage.html#tls-warnings
  warnings.warn(
/home/comparendos/venv/lib/python3.12/site-packages/urllib3/connectionpool.py:1097: InsecureRequestWarning: Unverified HTTPS request is being made to host 'serviciosdigitales.movilidadavanzadabello.com.co'. Adding certificate verification is strongly advised. See: https://urllib3.readthedocs.io/en/latest/advanced-usage.html#tls-warnings
  warnings.warn(
/home/comparendos/venv/lib/python3.12/site-packages/urllib3/connectionpool.py:1097: InsecureRequestWarning: Unverified HTTPS request is being made to host 'serviciosdigitales.movilidadavanzadabello.com.co'. Adding certificate verification is strongly advised. See: https://urllib3.readthedocs.io/en/latest/advanced-usage.html#tls-warnings
  warnings.warn(
/home/comparendos/venv/lib/python3.12/site-packages/urllib3/connectionpool.py:1097: InsecureRequestWarning: Unverified HTTPS request is being made to host 'serviciosdigitales.movilidadavanzadabello.com.co'. Adding certificate verification is strongly advised. See: https://urllib3.readthedocs.io/en/latest/advanced-usage.html#tls-warnings
  warnings.warn(
/home/comparendos/venv/lib/python3.12/site-packages/urllib3/connectionpool.py:1097: InsecureRequestWarning: Unverified HTTPS request is being made to host 'serviciosdigitales.movilidadavanzadabello.com.co'. Adding certificate verification is strongly advised. See: https://urllib3.readthedocs.io/en/latest/advanced-usage.html#tls-warnings
  warnings.warn(
/home/comparendos/venv/lib/python3.12/site-packages/urllib3/connectionpool.py:1097: InsecureRequestWarning: Unverified HTTPS request is being made to host 'serviciosdigitales.movilidadavanzadabello.com.co'. Adding certificate verification is strongly advised. See: https://urllib3.readthedocs.io/en/latest/advanced-usage.html#tls-warnings
  warnings.warn(
/home/comparendos/venv/lib/python3.12/site-packages/urllib3/connectionpool.py:1097: InsecureRequestWarning: Unverified HTTPS request is being made to host 'serviciosdigitales.movilidadavanzadabello.com.co'. Adding certificate verification is strongly advised. See: https://urllib3.readthedocs.io/en/latest/advanced-usage.html#tls-warnings
  warnings.warn(
/home/comparendos/venv/lib/python3.12/site-packages/urllib3/connectionpool.py:1097: InsecureRequestWarning: Unverified HTTPS request is being made to host 'serviciosdigitales.movilidadavanzadabello.com.co'. Adding certificate verification is strongly advised. See: https://urllib3.readthedocs.io/en/latest/advanced-usage.html#tls-warnings
  warnings.warn(
/home/comparendos/venv/lib/python3.12/site-packages/urllib3/connectionpool.py:1097: InsecureRequestWarning: Unverified HTTPS request is being made to host 'serviciosdigitales.movilidadavanzadabello.com.co'. Adding certificate verification is strongly advised. See: https://urllib3.readthedocs.io/en/latest/advanced-usage.html#tls-warnings
  warnings.warn(
/home/comparendos/venv/lib/python3.12/site-packages/urllib3/connectionpool.py:1097: InsecureRequestWarning: Unverified HTTPS request is being made to host 'serviciosdigitales.movilidadavanzadabello.com.co'. Adding certificate verification is strongly advised. See: https://urllib3.readthedocs.io/en/latest/advanced-usage.html#tls-warnings
  warnings.warn(
/home/comparendos/venv/lib/python3.12/site-packages/urllib3/connectionpool.py:1097: InsecureRequestWarning: Unverified HTTPS request is being made to host 'serviciosdigitales.movilidadavanzadabello.com.co'. Adding certificate verification is strongly advised. See: https://urllib3.readthedocs.io/en/latest/advanced-usage.html#tls-warnings
  warnings.warn(
/home/comparendos/venv/lib/python3.12/site-packages/urllib3/connectionpool.py:1097: InsecureRequestWarning: Unverified HTTPS request is being made to host 'serviciosdigitales.movilidadavanzadabello.com.co'. Adding certificate verification is strongly advised. See: https://urllib3.readthedocs.io/en/latest/advanced-usage.html#tls-warnings
  warnings.warn(
/home/comparendos/venv/lib/python3.12/site-packages/urllib3/connectionpool.py:1097: InsecureRequestWarning: Unverified HTTPS request is being made to host 'serviciosdigitales.movilidadavanzadabello.com.co'. Adding certificate verification is strongly advised. See: https://urllib3.readthedocs.io/en/latest/advanced-usage.html#tls-warnings
  warnings.warn(
/home/comparendos/venv/lib/python3.12/site-packages/urllib3/connectionpool.py:1097: InsecureRequestWarning: Unverified HTTPS request is being made to host 'serviciosdigitales.movilidadavanzadabello.com.co'. Adding certificate verification is strongly advised. See: https://urllib3.readthedocs.io/en/latest/advanced-usage.html#tls-warnings
  warnings.warn(
/home/comparendos/venv/lib/python3.12/site-packages/urllib3/connectionpool.py:1097: InsecureRequestWarning: Unverified HTTPS request is being made to host 'serviciosdigitales.movilidadavanzadabello.com.co'. Adding certificate verification is strongly advised. See: https://urllib3.readthedocs.io/en/latest/advanced-usage.html#tls-warnings
  warnings.warn(
/home/comparendos/venv/lib/python3.12/site-packages/urllib3/connectionpool.py:1097: InsecureRequestWarning: Unverified HTTPS request is being made to host 'serviciosdigitales.movilidadavanzadabello.com.co'. Adding certificate verification is strongly advised. See: https://urllib3.readthedocs.io/en/latest/advanced-usage.html#tls-warnings
  warnings.warn(
/home/comparendos/venv/lib/python3.12/site-packages/urllib3/connectionpool.py:1097: InsecureRequestWarning: Unverified HTTPS request is being made to host 'serviciosdigitales.movilidadavanzadabello.com.co'. Adding certificate verification is strongly advised. See: https://urllib3.readthedocs.io/en/latest/advanced-usage.html#tls-warnings
  warnings.warn(
/home/comparendos/venv/lib/python3.12/site-packages/urllib3/connectionpool.py:1097: InsecureRequestWarning: Unverified HTTPS request is being made to host 'serviciosdigitales.movilidadavanzadabello.com.co'. Adding certificate verification is strongly advised. See: https://urllib3.readthedocs.io/en/latest/advanced-usage.html#tls-warnings
  warnings.warn(
/home/comparendos/venv/lib/python3.12/site-packages/urllib3/connectionpool.py:1097: InsecureRequestWarning: Unverified HTTPS request is being made to host 'serviciosdigitales.movilidadavanzadabello.com.co'. Adding certificate verification is strongly advised. See: https://urllib3.readthedocs.io/en/latest/advanced-usage.html#tls-warnings
  warnings.warn(
/home/comparendos/venv/lib/python3.12/site-packages/urllib3/connectionpool.py:1097: InsecureRequestWarning: Unverified HTTPS request is being made to host 'serviciosdigitales.movilidadavanzadabello.com.co'. Adding certificate verification is strongly advised. See: https://urllib3.readthedocs.io/en/latest/advanced-usage.html#tls-warnings
  warnings.warn(

Error en ITAGUI: 'NoneType' object has no attribute 'json'
Error en SABANETA: Expecting value: line 1 column 1 (char 0)
Error en consulta_info_home_public para ITAGUI: HTTPSConnectionPool(host='movilidad.transitoitagui.gov.co', port=443): Read timed out. (read timeout=30)
Error en ITAGUI: 'NoneType' object has no attribute 'json'
Error en SABANETA: Expecting value: line 1 column 1 (char 0)
Error en consulta_info_home_public para ITAGUI: HTTPSConnectionPool(host='movilidad.transitoitagui.gov.co', port=443): Read timed out. (read timeout=30)
Error en ITAGUI: 'NoneType' object has no attribute 'json'
Error en SABANETA: Expecting value: line 1 column 1 (char 0)
Error en consulta_info_home_public para ITAGUI: HTTPSConnectionPool(host='movilidad.transitoitagui.gov.co', port=443): Read timed out. (read timeout=30)
Error en ITAGUI: 'NoneType' object has no attribute 'json'
Error en SABANETA: Expecting value: line 1 column 1 (char 0)
Error en consulta_info_home_public para ITAGUI: HTTPSConnectionPool(host='movilidad.transitoitagui.gov.co', port=443): Read timed out. (read timeout=30)
Error en ITAGUI: 'NoneType' object has no attribute 'json'
Error en SABANETA: Expecting value: line 1 column 1 (char 0)
Error en consulta_info_home_public para ITAGUI: HTTPSConnectionPool(host='movilidad.transitoitagui.gov.co', port=443): Read timed out. (read timeout=30)
Error en ITAGUI: 'NoneType' object has no attribute 'json'
Error en SABANETA: Expecting value: line 1 column 1 (char 0)
Error en consulta_info_home_public para ITAGUI: HTTPSConnectionPool(host='movilidad.transitoitagui.gov.co', port=443): Read timed out. (read timeout=30)
Error en ITAGUI: 'NoneType' object has no attribute 'json'
Error en SABANETA: Expecting value: line 1 column 1 (char 0)
Error en consulta_info_home_public para ITAGUI: HTTPSConnectionPool(host='movilidad.transitoitagui.gov.co', port=443): Read timed out. (read timeout=30)
Error en ITAGUI: 'NoneType' object has no attribute 'json'
Error en SABANETA: Expecting value: line 1 column 1 (char 0)
Error en consulta_info_home_public para ITAGUI: HTTPSConnectionPool(host='movilidad.transitoitagui.gov.co', port=443): Read timed out. (read timeout=30)
Error en ITAGUI: 'NoneType' object has no attribute 'json'
Error en SABANETA: Expecting value: line 1 column 1 (char 0)
Error en consulta_info_home_public para ITAGUI: HTTPSConnectionPool(host='movilidad.transitoitagui.gov.co', port=443): Read timed out. (read timeout=30)
Error en ITAGUI: 'NoneType' object has no attribute 'json'
Error en SABANETA: Expecting value: line 1 column 1 (char 0)
Error en consulta_info_home_public para ITAGUI: HTTPSConnectionPool(host='movilidad.transitoitagui.gov.co', port=443): Read timed out. (read timeout=30)
Error en ITAGUI: 'NoneType' object has no attribute 'json'
Error en SABANETA: Expecting value: line 1 column 1 (char 0)
Error en consulta_info_home_public para ITAGUI: HTTPSConnectionPool(host='movilidad.transitoitagui.gov.co', port=443): Read timed out. (read timeout=30)
Error en ITAGUI: 'NoneType' object has no attribute 'json'
Error en SABANETA: Expecting value: line 1 column 1 (char 0)
Error en consulta_info_home_public para ITAGUI: HTTPSConnectionPool(host='movilidad.transitoitagui.gov.co', port=443): Read timed out. (read timeout=30)
Error en ITAGUI: 'NoneType' object has no attribute 'json'
Error en SABANETA: Expecting value: line 1 column 1 (char 0)
Error en consulta_info_home_public para ITAGUI: HTTPSConnectionPool(host='movilidad.transitoitagui.gov.co', port=443): Read timed out. (read timeout=30)
Error en ITAGUI: 'NoneType' object has no attribute 'json'
Error en SABANETA: Expecting value: line 1 column 1 (char 0)
Error en consulta_info_home_public para ITAGUI: HTTPSConnectionPool(host='movilidad.transitoitagui.gov.co', port=443): Read timed out. (read timeout=30)
Error en ITAGUI: 'NoneType' object has no attribute 'json'
Error en SABANETA: Expecting value: line 1 column 1 (char 0)
Error en consulta_info_home_public para ITAGUI: HTTPSConnectionPool(host='movilidad.transitoitagui.gov.co', port=443): Read timed out. (read timeout=30)
Error en ITAGUI: 'NoneType' object has no attribute 'json'
Error en SABANETA: Expecting value: line 1 column 1 (char 0)
Error en consulta_info_home_public para ITAGUI: HTTPSConnectionPool(host='movilidad.transitoitagui.gov.co', port=443): Read timed out. (read timeout=30)
Error en ITAGUI: 'NoneType' object has no attribute 'json'
Error en SABANETA: Expecting value: line 1 column 1 (char 0)
Error en consulta_info_home_public para ITAGUI: HTTPSConnectionPool(host='movilidad.transitoitagui.gov.co', port=443): Read timed out. (read timeout=30)
Error en ITAGUI: 'NoneType' object has no attribute 'json'
Error en SABANETA: Expecting value: line 1 column 1 (char 0)
Error en consulta_info_home_public para ITAGUI: HTTPSConnectionPool(host='movilidad.transitoitagui.gov.co', port=443): Read timed out. (read timeout=30)
Error en ITAGUI: 'NoneType' object has no attribute 'json'
Error en SABANETA: Expecting value: line 1 column 1 (char 0)
Error en consulta_info_home_public para ITAGUI: HTTPSConnectionPool(host='movilidad.transitoitagui.gov.co', port=443): Read timed out. (read timeout=30)
Error en ITAGUI: 'NoneType' object has no attribute 'json'
Error en SABANETA: Expecting value: line 1 column 1 (char 0)
Error en consulta_info_home_public para ITAGUI: HTTPSConnectionPool(host='movilidad.transitoitagui.gov.co', port=443): Read timed out. (read timeout=30)
Error en ITAGUI: 'NoneType' object has no attribute 'json'
Error en SABANETA: Expecting value: line 1 column 1 (char 0)
Error en consulta_info_home_public para ITAGUI: HTTPSConnectionPool(host='movilidad.transitoitagui.gov.co', port=443): Read timed out. (read timeout=30)
Error en ITAGUI: 'NoneType' object has no attribute 'json'
Error en SABANETA: Expecting value: line 1 column 1 (char 0)
Error en consulta_info_home_public para ITAGUI: HTTPSConnectionPool(host='movilidad.transitoitagui.gov.co', port=443): Read timed out. (read timeout=30)
Error en ITAGUI: 'NoneType' object has no attribute 'json'
Error en SABANETA: Expecting value: line 1 column 1 (char 0)
Error en consulta_info_home_public para ITAGUI: HTTPSConnectionPool(host='movilidad.transitoitagui.gov.co', port=443): Read timed out. (read timeout=30)
Error en ITAGUI: 'NoneType' object has no attribute 'json'
Error en SABANETA: Expecting value: line 1 column 1 (char 0)
Error en consulta_info_home_public para ITAGUI: HTTPSConnectionPool(host='movilidad.transitoitagui.gov.co', port=443): Read timed out. (read timeout=30)
Error en ITAGUI: 'NoneType' object has no attribute 'json'
Error en SABANETA: Expecting value: line 1 column 1 (char 0)
Error en consulta_info_home_public para ITAGUI: HTTPSConnectionPool(host='movilidad.transitoitagui.gov.co', port=443): Read timed out. (read timeout=30)
Error en ITAGUI: 'NoneType' object has no attribute 'json'
Error en SABANETA: Expecting value: line 1 column 1 (char 0)
Error en consulta_info_home_public para ITAGUI: HTTPSConnectionPool(host='movilidad.transitoitagui.gov.co', port=443): Read timed out. (read timeout=30)
Error en ITAGUI: 'NoneType' object has no attribute 'json'
Error en SABANETA: Expecting value: line 1 column 1 (char 0)
Error en consulta_info_home_public para ITAGUI: HTTPSConnectionPool(host='movilidad.transitoitagui.gov.co', port=443): Read timed out. (read timeout=30)
Error en ITAGUI: 'NoneType' object has no attribute 'json'
Error en SABANETA: Expecting value: line 1 column 1 (char 0)
Error en consulta_info_home_public para ITAGUI: HTTPSConnectionPool(host='movilidad.transitoitagui.gov.co', port=443): Read timed out. (read timeout=30)
Error en ITAGUI: 'NoneType' object has no attribute 'json'
Error en SABANETA: Expecting value: line 1 column 1 (char 0)
Error en consulta_info_home_public para ITAGUI: HTTPSConnectionPool(host='movilidad.transitoitagui.gov.co', port=443): Read timed out. (read timeout=30)
Error en ITAGUI: 'NoneType' object has no attribute 'json'
El comparendo ya fue notificado previamente Documento: 70037757 Comparendo: D05001000000054341198
Error en SABANETA: Expecting value: line 1 column 1 (char 0)
Error en consulta_info_home_public para ITAGUI: HTTPSConnectionPool(host='movilidad.transitoitagui.gov.co', port=443): Read timed out. (read timeout=30)/home/comparendos/venv/lib/python3.12/site-packages/urllib3/connectionpool.py:1097: InsecureRequestWarning: Unverified HTTPS request is being made to host 'serviciosdigitales.movilidadavanzadabello.com.co'. Adding certificate verification is strongly advised. See: https://urllib3.readthedocs.io/en/latest/advanced-usage.html#tls-warnings
  warnings.warn(
/home/comparendos/venv/lib/python3.12/site-packages/urllib3/connectionpool.py:1097: InsecureRequestWarning: Unverified HTTPS request is being made to host 'serviciosdigitales.movilidadavanzadabello.com.co'. Adding certificate verification is strongly advised. See: https://urllib3.readthedocs.io/en/latest/advanced-usage.html#tls-warnings
  warnings.warn(
/home/comparendos/venv/lib/python3.12/site-packages/urllib3/connectionpool.py:1097: InsecureRequestWarning: Unverified HTTPS request is being made to host 'serviciosdigitales.movilidadavanzadabello.com.co'. Adding certificate verification is strongly advised. See: https://urllib3.readthedocs.io/en/latest/advanced-usage.html#tls-warnings
  warnings.warn(
/home/comparendos/venv/lib/python3.12/site-packages/urllib3/connectionpool.py:1097: InsecureRequestWarning: Unverified HTTPS request is being made to host 'serviciosdigitales.movilidadavanzadabello.com.co'. Adding certificate verification is strongly advised. See: https://urllib3.readthedocs.io/en/latest/advanced-usage.html#tls-warnings
  warnings.warn(
/home/comparendos/venv/lib/python3.12/site-packages/urllib3/connectionpool.py:1097: InsecureRequestWarning: Unverified HTTPS request is being made to host 'serviciosdigitales.movilidadavanzadabello.com.co'. Adding certificate verification is strongly advised. See: https://urllib3.readthedocs.io/en/latest/advanced-usage.html#tls-warnings
  warnings.warn(
/home/comparendos/venv/lib/python3.12/site-packages/urllib3/connectionpool.py:1097: InsecureRequestWarning: Unverified HTTPS request is being made to host 'serviciosdigitales.movilidadavanzadabello.com.co'. Adding certificate verification is strongly advised. See: https://urllib3.readthedocs.io/en/latest/advanced-usage.html#tls-warnings
  warnings.warn(
/home/comparendos/venv/lib/python3.12/site-packages/urllib3/connectionpool.py:1097: InsecureRequestWarning: Unverified HTTPS request is being made to host 'serviciosdigitales.movilidadavanzadabello.com.co'. Adding certificate verification is strongly advised. See: https://urllib3.readthedocs.io/en/latest/advanced-usage.html#tls-warnings
  warnings.warn(
/home/comparendos/venv/lib/python3.12/site-packages/urllib3/connectionpool.py:1097: InsecureRequestWarning: Unverified HTTPS request is being made to host 'serviciosdigitales.movilidadavanzadabello.com.co'. Adding certificate verification is strongly advised. See: https://urllib3.readthedocs.io/en/latest/advanced-usage.html#tls-warnings
  warnings.warn(
/home/comparendos/venv/lib/python3.12/site-packages/urllib3/connectionpool.py:1097: InsecureRequestWarning: Unverified HTTPS request is being made to host 'serviciosdigitales.movilidadavanzadabello.com.co'. Adding certificate verification is strongly advised. See: https://urllib3.readthedocs.io/en/latest/advanced-usage.html#tls-warnings
  warnings.warn(
/home/comparendos/venv/lib/python3.12/site-packages/urllib3/connectionpool.py:1097: InsecureRequestWarning: Unverified HTTPS request is being made to host 'serviciosdigitales.movilidadavanzadabello.com.co'. Adding certificate verification is strongly advised. See: https://urllib3.readthedocs.io/en/latest/advanced-usage.html#tls-warnings
  warnings.warn(
/home/comparendos/venv/lib/python3.12/site-packages/urllib3/connectionpool.py:1097: InsecureRequestWarning: Unverified HTTPS request is being made to host 'serviciosdigitales.movilidadavanzadabello.com.co'. Adding certificate verification is strongly advised. See: https://urllib3.readthedocs.io/en/latest/advanced-usage.html#tls-warnings
  warnings.warn(
/home/comparendos/venv/lib/python3.12/site-packages/urllib3/connectionpool.py:1097: InsecureRequestWarning: Unverified HTTPS request is being made to host 'serviciosdigitales.movilidadavanzadabello.com.co'. Adding certificate verification is strongly advised. See: https://urllib3.readthedocs.io/en/latest/advanced-usage.html#tls-warnings
  warnings.warn(
/home/comparendos/venv/lib/python3.12/site-packages/urllib3/connectionpool.py:1097: InsecureRequestWarning: Unverified HTTPS request is being made to host 'serviciosdigitales.movilidadavanzadabello.com.co'. Adding certificate verification is strongly advised. See: https://urllib3.readthedocs.io/en/latest/advanced-usage.html#tls-warnings
  warnings.warn(
/home/comparendos/venv/lib/python3.12/site-packages/urllib3/connectionpool.py:1097: InsecureRequestWarning: Unverified HTTPS request is being made to host 'serviciosdigitales.movilidadavanzadabello.com.co'. Adding certificate verification is strongly advised. See: https://urllib3.readthedocs.io/en/latest/advanced-usage.html#tls-warnings
  warnings.warn(
/home/comparendos/venv/lib/python3.12/site-packages/urllib3/connectionpool.py:1097: InsecureRequestWarning: Unverified HTTPS request is being made to host 'serviciosdigitales.movilidadavanzadabello.com.co'. Adding certificate verification is strongly advised. See: https://urllib3.readthedocs.io/en/latest/advanced-usage.html#tls-warnings
  warnings.warn(
/home/comparendos/venv/lib/python3.12/site-packages/urllib3/connectionpool.py:1097: InsecureRequestWarning: Unverified HTTPS request is being made to host 'serviciosdigitales.movilidadavanzadabello.com.co'. Adding certificate verification is strongly advised. See: https://urllib3.readthedocs.io/en/latest/advanced-usage.html#tls-warnings
  warnings.warn(
/home/comparendos/venv/lib/python3.12/site-packages/urllib3/connectionpool.py:1097: InsecureRequestWarning: Unverified HTTPS request is being made to host 'serviciosdigitales.movilidadavanzadabello.com.co'. Adding certificate verification is strongly advised. See: https://urllib3.readthedocs.io/en/latest/advanced-usage.html#tls-warnings
  warnings.warn(
/home/comparendos/venv/lib/python3.12/site-packages/urllib3/connectionpool.py:1097: InsecureRequestWarning: Unverified HTTPS request is being made to host 'serviciosdigitales.movilidadavanzadabello.com.co'. Adding certificate verification is strongly advised. See: https://urllib3.readthedocs.io/en/latest/advanced-usage.html#tls-warnings
  warnings.warn(
/home/comparendos/venv/lib/python3.12/site-packages/urllib3/connectionpool.py:1097: InsecureRequestWarning: Unverified HTTPS request is being made to host 'serviciosdigitales.movilidadavanzadabello.com.co'. Adding certificate verification is strongly advised. See: https://urllib3.readthedocs.io/en/latest/advanced-usage.html#tls-warnings
  warnings.warn(

Error en ITAGUI: 'NoneType' object has no attribute 'json'
Error en SABANETA: Expecting value: line 1 column 1 (char 0)
Error en consulta_info_home_public para ITAGUI: HTTPSConnectionPool(host='movilidad.transitoitagui.gov.co', port=443): Read timed out. (read timeout=30)
Error en ITAGUI: 'NoneType' object has no attribute 'json'
Error en SABANETA: Expecting value: line 1 column 1 (char 0)
Error en consulta_info_home_public para ITAGUI: HTTPSConnectionPool(host='movilidad.transitoitagui.gov.co', port=443): Read timed out. (read timeout=30)
Error en ITAGUI: 'NoneType' object has no attribute 'json'
Error en SABANETA: Expecting value: line 1 column 1 (char 0)
Error en consulta_info_home_public para ITAGUI: HTTPSConnectionPool(host='movilidad.transitoitagui.gov.co', port=443): Read timed out. (read timeout=30)
Error en ITAGUI: 'NoneType' object has no attribute 'json'
Error en SABANETA: Expecting value: line 1 column 1 (char 0)
Error en consulta_info_home_public para ITAGUI: HTTPSConnectionPool(host='movilidad.transitoitagui.gov.co', port=443): Read timed out. (read timeout=30)
Error en ITAGUI: 'NoneType' object has no attribute 'json'
Error en SABANETA: Expecting value: line 1 column 1 (char 0)
Error en consulta_info_home_public para ITAGUI: HTTPSConnectionPool(host='movilidad.transitoitagui.gov.co', port=443): Read timed out. (read timeout=30)
Error en ITAGUI: 'NoneType' object has no attribute 'json'
Error en SABANETA: Expecting value: line 1 column 1 (char 0)
Error en consulta_info_home_public para ITAGUI: HTTPSConnectionPool(host='movilidad.transitoitagui.gov.co', port=443): Read timed out. (read timeout=30)
Error en ITAGUI: 'NoneType' object has no attribute 'json'
Error en SABANETA: Expecting value: line 1 column 1 (char 0)
Error en consulta_info_home_public para ITAGUI: HTTPSConnectionPool(host='movilidad.transitoitagui.gov.co', port=443): Read timed out. (read timeout=30)
Error en ITAGUI: 'NoneType' object has no attribute 'json'
Error en SABANETA: Expecting value: line 1 column 1 (char 0)
Error en consulta_info_home_public para ITAGUI: HTTPSConnectionPool(host='movilidad.transitoitagui.gov.co', port=443): Read timed out. (read timeout=30)
Error en ITAGUI: 'NoneType' object has no attribute 'json'
Error en SABANETA: Expecting value: line 1 column 1 (char 0)
Error en consulta_info_home_public para ITAGUI: HTTPSConnectionPool(host='movilidad.transitoitagui.gov.co', port=443): Read timed out. (read timeout=30)
Error en ITAGUI: 'NoneType' object has no attribute 'json'
Error en SABANETA: Expecting value: line 1 column 1 (char 0)
Error en consulta_info_home_public para ITAGUI: HTTPSConnectionPool(host='movilidad.transitoitagui.gov.co', port=443): Read timed out. (read timeout=30)
Error en ITAGUI: 'NoneType' object has no attribute 'json'
Error en SABANETA: Expecting value: line 1 column 1 (char 0)
Error en consulta_info_home_public para ITAGUI: HTTPSConnectionPool(host='movilidad.transitoitagui.gov.co', port=443): Read timed out. (read timeout=30)
Error en ITAGUI: 'NoneType' object has no attribute 'json'
Error en SABANETA: Expecting value: line 1 column 1 (char 0)
Error en consulta_info_home_public para ITAGUI: HTTPSConnectionPool(host='movilidad.transitoitagui.gov.co', port=443): Read timed out. (read timeout=30)
Error en ITAGUI: 'NoneType' object has no attribute 'json'
Error en SABANETA: Expecting value: line 1 column 1 (char 0)
Error en consulta_info_home_public para ITAGUI: HTTPSConnectionPool(host='movilidad.transitoitagui.gov.co', port=443): Read timed out. (read timeout=30)
Error en ITAGUI: 'NoneType' object has no attribute 'json'
Error en SABANETA: Expecting value: line 1 column 1 (char 0)
Error en consulta_info_home_public para ITAGUI: HTTPSConnectionPool(host='movilidad.transitoitagui.gov.co', port=443): Read timed out. (read timeout=30)
Error en ITAGUI: 'NoneType' object has no attribute 'json'
El comparendo ya fue notificado previamente Documento: 98658986 Comparendo: D05001000000051433585
Error en SABANETA: Expecting value: line 1 column 1 (char 0)
Error en consulta_info_home_public para ITAGUI: HTTPSConnectionPool(host='movilidad.transitoitagui.gov.co', port=443): Read timed out. (read timeout=30)
Error en ITAGUI: 'NoneType' object has no attribute 'json'
Error en SABANETA: Expecting value: line 1 column 1 (char 0)
Error en consulta_info_home_public para ITAGUI: HTTPSConnectionPool(host='movilidad.transitoitagui.gov.co', port=443): Read timed out. (read timeout=30)
Error en ITAGUI: 'NoneType' object has no attribute 'json'
Error en SABANETA: Expecting value: line 1 column 1 (char 0)
Error en consulta_info_home_public para ITAGUI: HTTPSConnectionPool(host='movilidad.transitoitagui.gov.co', port=443): Read timed out. (read timeout=30)
Error en ITAGUI: 'NoneType' object has no attribute 'json'
Error en SABANETA: Expecting value: line 1 column 1 (char 0)
Error en consulta_info_home_public para ITAGUI: HTTPSConnectionPool(host='movilidad.transitoitagui.gov.co', port=443): Read timed out. (read timeout=30)
Error en ITAGUI: 'NoneType' object has no attribute 'json'
Error en SABANETA: Expecting value: line 1 column 1 (char 0)
Error en consulta_info_home_public para ITAGUI: HTTPSConnectionPool(host='movilidad.transitoitagui.gov.co', port=443): Read timed out. (read timeout=30)
Error en ITAGUI: 'NoneType' object has no attribute 'json'
[2026-04-27 11:23:55] Enviando 8 templates para el bloque (process_template_id: PL1zrQ8lftn1)
Payload para el envío PL1zrQ8lftn1:
{
  "users": [
    {
      "phone": "+573146442258",
      "parameters": [
        {
          "order": 0,
          "parameter": "MEDELLIN"
        },
        {
          "order": 1,
          "parameter": "2025-12-08"
        },
        {
          "order": 2,
          "parameter": "KUQ706"
        },
        {
          "order": 3,
          "parameter": "C29"
        },
        {
          "order": 4,
          "parameter": "Conducir un vehículo a velocidad superior a la máxima permitida"
        }
      ]
    },
    {
      "phone": "+573107289815",
      "parameters": [
        {
          "order": 0,
          "parameter": "MEDELLIN"
        },
        {
          "order": 1,
          "parameter": "2026-02-18"
        },
        {
          "order": 2,
          "parameter": "USU098"
        },
        {
          "order": 3,
          "parameter": "D02"
        },
        {
          "order": 4,
          "parameter": "Conducir sin portar los seguros ordenados por la ley. Además, el vehículo será inmovilizado"
        }
      ]
    },
    {
      "phone": "+573107289815",
      "parameters": [
        {
          "order": 0,
          "parameter": "MEDELLIN"
        },
        {
          "order": 1,
          "parameter": "2026-03-28"
        },
        {
          "order": 2,
          "parameter": "USU098"
        },
        {
          "order": 3,
          "parameter": "C35"
        },
        {
          "order": 4,
          "parameter": "No realizar la revisión técnico-mecánica en el plazo legal establecido o cuando el vehículo no se encuentre en adecuadas condiciones técnico-mecánicas o de emisiones contaminantes, aun cuando porte los certificados correspondientes, además el vehículo será inmovilizado."
        }
      ]
    },
    {
      "phone": "+573107289815",
      "parameters": [
        {
          "order": 0,
          "parameter": "MEDELLIN"
        },
        {
          "order": 1,
          "parameter": "2026-04-16"
        },
        {
          "order": 2,
          "parameter": "USU098"
        },
        {
          "order": 3,
          "parameter": "C35"
        },
        {
          "order": 4,
          "parameter": "No realizar la revisión técnico-mecánica en el plazo legal establecido o cuando el vehículo no se encuentre en adecuadas condiciones técnico-mecánicas o de emisiones contaminantes, aun cuando porte los certificados correspondientes, además el vehículo será inmovilizado."
        }
      ]
    },
    {
      "phone": "+573185762485",
      "parameters": [
        {
          "order": 0,
          "parameter": "MEDELLIN"
        },
        {
          "order": 1,
          "parameter": "2026-04-14"
        },
        {
          "order": 2,
          "parameter": "EOS162"
        },
        {
          "order": 3,
          "parameter": "C35"
        },
        {
          "order": 4,
          "parameter": "No realizar la revisión técnico-mecánica en el plazo legal establecido o cuando el vehículo no se encuentre en adecuadas condiciones técnico-mecánicas o de emisiones contaminantes, aun cuando porte los certificados correspondientes, además el vehículo será inmovilizado."
        }
      ]
    },
    {
      "phone": "+573108953469",
      "parameters": [
        {
          "order": 0,
          "parameter": "MEDELLIN"
        },
        {
          "order": 1,
          "parameter": "2026-04-06"
        },
        {
          "order": 2,
          "parameter": "ISR144"
        },
        {
          "order": 3,
          "parameter": "C35"
        },
        {
          "order": 4,
          "parameter": "No realizar la revisión técnico-mecánica en el plazo legal establecido o cuando el vehículo no se encuentre en adecuadas condiciones técnico-mecánicas o de emisiones contaminantes, aun cuando porte los certificados correspondientes, además el vehículo será inmovilizado."
        }
      ]
    },
    {
      "phone": "+573146488336",
      "parameters": [
        {
          "order": 0,
          "parameter": "BELLO"
        },
        {
          "order": 1,
          "parameter": "2025-09-22"
        },
        {
          "order": 2,
          "parameter": "JYS569"
        },
        {
          "order": 3,
          "parameter": "C14"
        },
        {
          "order": 4,
          "parameter": "Transitar por los siguientes sitios restringidos o en horas prohibidas por la autoridad competente.  Además, el vehículo será inmovilizado"
        }
      ]
    },
    {
      "phone": "+573146488336",
      "parameters": [
        {
          "order": 0,
          "parameter": "MEDELLIN"
        },
        {
          "order": 1,
          "parameter": "2025-09-22"
        },
        {
          "order": 2,
          "parameter": "JYS569"
        },
        {
          "order": 3,
          "parameter": "C14"
        },
        {
          "order": 4,
          "parameter": "Transitar por sitios restringidos o en horas prohibidas por la autoridad competente. Además, el vehículo será inmovilizado"
        }
      ]
    }
  ],
  "SaveInfo": false,
  "origin": "API",
  "templateName": "notificacion_comparendos",
  "language": "ES",
  "sender": "School Center",
  "ParametersName": []
}
[2026-04-27 11:23:58] Enviando 8 templates.
[2026-04-27 11:23:58] Respuesta del envío: True - 
Fin del proceso mensual: [2026-04-27 11:23:58]
