/home/comparendos/venv/lib/python3.12/site-packages/urllib3/connectionpool.py:1097: InsecureRequestWarning: Unverified HTTPS request is being made to host 'serviciosdigitales.movilidadavanzadabello.com.co'. Adding certificate verification is strongly advised. See: https://urllib3.readthedocs.io/en/latest/advanced-usage.html#tls-warnings
  warnings.warn(
/home/comparendos/venv/lib/python3.12/site-packages/urllib3/connectionpool.py:1097: InsecureRequestWarning: Unverified HTTPS request is being made to host 'serviciosdigitales.movilidadavanzadabello.com.co'. Adding certificate verification is strongly advised. See: https://urllib3.readthedocs.io/en/latest/advanced-usage.html#tls-warnings
  warnings.warn(
/home/comparendos/venv/lib/python3.12/site-packages/urllib3/connectionpool.py:1097: InsecureRequestWarning: Unverified HTTPS request is being made to host 'serviciosdigitales.movilidadavanzadabello.com.co'. Adding certificate verification is strongly advised. See: https://urllib3.readthedocs.io/en/latest/advanced-usage.html#tls-warnings
  warnings.warn(
/home/comparendos/venv/lib/python3.12/site-packages/urllib3/connectionpool.py:1097: InsecureRequestWarning: Unverified HTTPS request is being made to host 'serviciosdigitales.movilidadavanzadabello.com.co'. Adding certificate verification is strongly advised. See: https://urllib3.readthedocs.io/en/latest/advanced-usage.html#tls-warnings
  warnings.warn(
/home/comparendos/venv/lib/python3.12/site-packages/urllib3/connectionpool.py:1097: InsecureRequestWarning: Unverified HTTPS request is being made to host 'serviciosdigitales.movilidadavanzadabello.com.co'. Adding certificate verification is strongly advised. See: https://urllib3.readthedocs.io/en/latest/advanced-usage.html#tls-warnings
  warnings.warn(
/home/comparendos/venv/lib/python3.12/site-packages/urllib3/connectionpool.py:1097: InsecureRequestWarning: Unverified HTTPS request is being made to host 'serviciosdigitales.movilidadavanzadabello.com.co'. Adding certificate verification is strongly advised. See: https://urllib3.readthedocs.io/en/latest/advanced-usage.html#tls-warnings
  warnings.warn(
/home/comparendos/venv/lib/python3.12/site-packages/urllib3/connectionpool.py:1097: InsecureRequestWarning: Unverified HTTPS request is being made to host 'serviciosdigitales.movilidadavanzadabello.com.co'. Adding certificate verification is strongly advised. See: https://urllib3.readthedocs.io/en/latest/advanced-usage.html#tls-warnings
  warnings.warn(
/home/comparendos/venv/lib/python3.12/site-packages/urllib3/connectionpool.py:1097: InsecureRequestWarning: Unverified HTTPS request is being made to host 'serviciosdigitales.movilidadavanzadabello.com.co'. Adding certificate verification is strongly advised. See: https://urllib3.readthedocs.io/en/latest/advanced-usage.html#tls-warnings
  warnings.warn(
/home/comparendos/venv/lib/python3.12/site-packages/urllib3/connectionpool.py:1097: InsecureRequestWarning: Unverified HTTPS request is being made to host 'serviciosdigitales.movilidadavanzadabello.com.co'. Adding certificate verification is strongly advised. See: https://urllib3.readthedocs.io/en/latest/advanced-usage.html#tls-warnings
  warnings.warn(
/home/comparendos/venv/lib/python3.12/site-packages/urllib3/connectionpool.py:1097: InsecureRequestWarning: Unverified HTTPS request is being made to host 'serviciosdigitales.movilidadavanzadabello.com.co'. Adding certificate verification is strongly advised. See: https://urllib3.readthedocs.io/en/latest/advanced-usage.html#tls-warnings
  warnings.warn(
/home/comparendos/venv/lib/python3.12/site-packages/urllib3/connectionpool.py:1097: InsecureRequestWarning: Unverified HTTPS request is being made to host 'serviciosdigitales.movilidadavanzadabello.com.co'. Adding certificate verification is strongly advised. See: https://urllib3.readthedocs.io/en/latest/advanced-usage.html#tls-warnings
  warnings.warn(
/home/comparendos/venv/lib/python3.12/site-packages/urllib3/connectionpool.py:1097: InsecureRequestWarning: Unverified HTTPS request is being made to host 'serviciosdigitales.movilidadavanzadabello.com.co'. Adding certificate verification is strongly advised. See: https://urllib3.readthedocs.io/en/latest/advanced-usage.html#tls-warnings
  warnings.warn(
/home/comparendos/venv/lib/python3.12/site-packages/urllib3/connectionpool.py:1097: InsecureRequestWarning: Unverified HTTPS request is being made to host 'serviciosdigitales.movilidadavanzadabello.com.co'. Adding certificate verification is strongly advised. See: https://urllib3.readthedocs.io/en/latest/advanced-usage.html#tls-warnings
  warnings.warn(
/home/comparendos/venv/lib/python3.12/site-packages/urllib3/connectionpool.py:1097: InsecureRequestWarning: Unverified HTTPS request is being made to host 'serviciosdigitales.movilidadavanzadabello.com.co'. Adding certificate verification is strongly advised. See: https://urllib3.readthedocs.io/en/latest/advanced-usage.html#tls-warnings
  warnings.warn(
/home/comparendos/venv/lib/python3.12/site-packages/urllib3/connectionpool.py:1097: InsecureRequestWarning: Unverified HTTPS request is being made to host 'serviciosdigitales.movilidadavanzadabello.com.co'. Adding certificate verification is strongly advised. See: https://urllib3.readthedocs.io/en/latest/advanced-usage.html#tls-warnings
  warnings.warn(
/home/comparendos/venv/lib/python3.12/site-packages/urllib3/connectionpool.py:1097: InsecureRequestWarning: Unverified HTTPS request is being made to host 'serviciosdigitales.movilidadavanzadabello.com.co'. Adding certificate verification is strongly advised. See: https://urllib3.readthedocs.io/en/latest/advanced-usage.html#tls-warnings
  warnings.warn(
/home/comparendos/venv/lib/python3.12/site-packages/urllib3/connectionpool.py:1097: InsecureRequestWarning: Unverified HTTPS request is being made to host 'serviciosdigitales.movilidadavanzadabello.com.co'. Adding certificate verification is strongly advised. See: https://urllib3.readthedocs.io/en/latest/advanced-usage.html#tls-warnings
  warnings.warn(
/home/comparendos/venv/lib/python3.12/site-packages/urllib3/connectionpool.py:1097: InsecureRequestWarning: Unverified HTTPS request is being made to host 'serviciosdigitales.movilidadavanzadabello.com.co'. Adding certificate verification is strongly advised. See: https://urllib3.readthedocs.io/en/latest/advanced-usage.html#tls-warnings
  warnings.warn(
/home/comparendos/venv/lib/python3.12/site-packages/urllib3/connectionpool.py:1097: InsecureRequestWarning: Unverified HTTPS request is being made to host 'serviciosdigitales.movilidadavanzadabello.com.co'. Adding certificate verification is strongly advised. See: https://urllib3.readthedocs.io/en/latest/advanced-usage.html#tls-warnings
  warnings.warn(
/home/comparendos/venv/lib/python3.12/site-packages/urllib3/connectionpool.py:1097: InsecureRequestWarning: Unverified HTTPS request is being made to host 'serviciosdigitales.movilidadavanzadabello.com.co'. Adding certificate verification is strongly advised. See: https://urllib3.readthedocs.io/en/latest/advanced-usage.html#tls-warnings
  warnings.warn(
/home/comparendos/venv/lib/python3.12/site-packages/urllib3/connectionpool.py:1097: InsecureRequestWarning: Unverified HTTPS request is being made to host 'serviciosdigitales.movilidadavanzadabello.com.co'. Adding certificate verification is strongly advised. See: https://urllib3.readthedocs.io/en/latest/advanced-usage.html#tls-warnings
  warnings.warn(
/home/comparendos/venv/lib/python3.12/site-packages/urllib3/connectionpool.py:1097: InsecureRequestWarning: Unverified HTTPS request is being made to host 'serviciosdigitales.movilidadavanzadabello.com.co'. Adding certificate verification is strongly advised. See: https://urllib3.readthedocs.io/en/latest/advanced-usage.html#tls-warnings
  warnings.warn(
/home/comparendos/venv/lib/python3.12/site-packages/urllib3/connectionpool.py:1097: InsecureRequestWarning: Unverified HTTPS request is being made to host 'serviciosdigitales.movilidadavanzadabello.com.co'. Adding certificate verification is strongly advised. See: https://urllib3.readthedocs.io/en/latest/advanced-usage.html#tls-warnings
  warnings.warn(
/home/comparendos/venv/lib/python3.12/site-packages/urllib3/connectionpool.py:1097: InsecureRequestWarning: Unverified HTTPS request is being made to host 'serviciosdigitales.movilidadavanzadabello.com.co'. Adding certificate verification is strongly advised. See: https://urllib3.readthedocs.io/en/latest/advanced-usage.html#tls-warnings
  warnings.warn(
/home/comparendos/venv/lib/python3.12/site-packages/urllib3/connectionpool.py:1097: InsecureRequestWarning: Unverified HTTPS request is being made to host 'serviciosdigitales.movilidadavanzadabello.com.co'. Adding certificate verification is strongly advised. See: https://urllib3.readthedocs.io/en/latest/advanced-usage.html#tls-warnings
  warnings.warn(
/home/comparendos/venv/lib/python3.12/site-packages/urllib3/connectionpool.py:1097: InsecureRequestWarning: Unverified HTTPS request is being made to host 'serviciosdigitales.movilidadavanzadabello.com.co'. Adding certificate verification is strongly advised. See: https://urllib3.readthedocs.io/en/latest/advanced-usage.html#tls-warnings
  warnings.warn(
/home/comparendos/venv/lib/python3.12/site-packages/urllib3/connectionpool.py:1097: InsecureRequestWarning: Unverified HTTPS request is being made to host 'serviciosdigitales.movilidadavanzadabello.com.co'. Adding certificate verification is strongly advised. See: https://urllib3.readthedocs.io/en/latest/advanced-usage.html#tls-warnings
  warnings.warn(
Inicio del proceso mensual: [2026-07-17 09:00:01]
Procesando desde offset 38213, lote de 1416 registros
Error en consulta_info_home_public para ITAGUI: HTTPSConnectionPool(host='movilidad.transitoitagui.gov.co', port=443): Read timed out. (read timeout=30)
Error en ITAGUI: 'NoneType' object has no attribute 'json'
Error en consulta_info_home_public para ITAGUI: HTTPSConnectionPool(host='movilidad.transitoitagui.gov.co', port=443): Read timed out. (read timeout=30)
Error en ITAGUI: 'NoneType' object has no attribute 'json'
Error en consulta_info_home_public para ITAGUI: HTTPSConnectionPool(host='movilidad.transitoitagui.gov.co', port=443): Read timed out. (read timeout=30)
Error en ITAGUI: 'NoneType' object has no attribute 'json'
Error en consulta_info_home_public para ITAGUI: HTTPSConnectionPool(host='movilidad.transitoitagui.gov.co', port=443): Read timed out. (read timeout=30)
Error en ITAGUI: 'NoneType' object has no attribute 'json'
Error en consulta_info_home_public para ITAGUI: HTTPSConnectionPool(host='movilidad.transitoitagui.gov.co', port=443): Read timed out. (read timeout=30)
Error en ITAGUI: 'NoneType' object has no attribute 'json'
Error en consulta_info_home_public para SABANETA: HTTPSConnectionPool(host='transitosabaneta.utsetsa.com', port=443): Read timed out. (read timeout=30)
Error en SABANETA: 'NoneType' object has no attribute 'json'
Error en consulta_info_home_public para ITAGUI: HTTPSConnectionPool(host='movilidad.transitoitagui.gov.co', port=443): Read timed out. (read timeout=30)
Error en ITAGUI: 'NoneType' object has no attribute 'json'
Error en consulta_info_home_public para SABANETA: HTTPSConnectionPool(host='transitosabaneta.utsetsa.com', port=443): Read timed out. (read timeout=30)
Error en SABANETA: 'NoneType' object has no attribute 'json'
Error en consulta_info_home_public para ITAGUI: HTTPSConnectionPool(host='movilidad.transitoitagui.gov.co', port=443): Read timed out. (read timeout=30)
Error en ITAGUI: 'NoneType' object has no attribute 'json'
Error en consulta_info_home_public para SABANETA: HTTPSConnectionPool(host='transitosabaneta.utsetsa.com', port=443): Read timed out. (read timeout=30)
Error en SABANETA: 'NoneType' object has no attribute 'json'
Error en consulta_info_home_public para ITAGUI: HTTPSConnectionPool(host='movilidad.transitoitagui.gov.co', port=443): Read timed out. (read timeout=30)
Error en ITAGUI: 'NoneType' object has no attribute 'json'
Error en consulta_info_home_public para ITAGUI: HTTPSConnectionPool(host='movilidad.transitoitagui.gov.co', port=443): Read timed out. (read timeout=30)
Error en ITAGUI: 'NoneType' object has no attribute 'json'
Error en consulta_info_home_public para SABANETA: HTTPSConnectionPool(host='transitosabaneta.utsetsa.com', port=443): Read timed out. (read timeout=30)
Error en SABANETA: 'NoneType' object has no attribute 'json'
Error en consulta_info_home_public para ITAGUI: HTTPSConnectionPool(host='movilidad.transitoitagui.gov.co', port=443): Read timed out. (read timeout=30)
Error en ITAGUI: 'NoneType' object has no attribute 'json'
Error en consulta_info_home_public para SABANETA: HTTPSConnectionPool(host='transitosabaneta.utsetsa.com', port=443): Read timed out. (read timeout=30)
Error en SABANETA: 'NoneType' object has no attribute 'json'
Error en consulta_info_home_public para ITAGUI: HTTPSConnectionPool(host='movilidad.transitoitagui.gov.co', port=443): Read timed out. (read timeout=30)
Error en ITAGUI: 'NoneType' object has no attribute 'json'
Error en consulta_info_home_public para SABANETA: HTTPSConnectionPool(host='transitosabaneta.utsetsa.com', port=443): Read timed out. (read timeout=30)
Error en SABANETA: 'NoneType' object has no attribute 'json'
Error en consulta_info_home_public para SABANETA: HTTPSConnectionPool(host='transitosabaneta.utsetsa.com', port=443): Read timed out. (read timeout=30)
Error en SABANETA: 'NoneType' object has no attribute 'json'
Error en consulta_info_home_public para ITAGUI: HTTPSConnectionPool(host='movilidad.transitoitagui.gov.co', port=443): Read timed out. (read timeout=30)
Error en ITAGUI: 'NoneType' object has no attribute 'json'
Error en consulta_info_home_public para SABANETA: HTTPSConnectionPool(host='transitosabaneta.utsetsa.com', port=443): Read timed out. (read timeout=30)
Error en SABANETA: 'NoneType' object has no attribute 'json'
Error en consulta_info_home_public para ITAGUI: HTTPSConnectionPool(host='movilidad.transitoitagui.gov.co', port=443): Read timed out. (read timeout=30)
Error en ITAGUI: 'NoneType' object has no attribute 'json'
Error en consulta_info_home_public para SABANETA: HTTPSConnectionPool(host='transitosabaneta.utsetsa.com', port=443): Read timed out. (read timeout=30)
Error en SABANETA: 'NoneType' object has no attribute 'json'
Error en consulta_info_home_public para ITAGUI: HTTPSConnectionPool(host='movilidad.transitoitagui.gov.co', port=443): Read timed out. (read timeout=30)
Error en ITAGUI: 'NoneType' object has no attribute 'json'
Error en consulta_info_home_public para ITAGUI: HTTPSConnectionPool(host='movilidad.transitoitagui.gov.co', port=443): Read timed out. (read timeout=30)
Error en ITAGUI: 'NoneType' object has no attribute 'json'
Error en consulta_info_home_public para SABANETA: HTTPSConnectionPool(host='transitosabaneta.utsetsa.com', port=443): Read timed out. (read timeout=30)
Error en SABANETA: 'NoneType' object has no attribute 'json'
Error en consulta_info_home_public para SABANETA: HTTPSConnectionPool(host='transitosabaneta.utsetsa.com', port=443): Read timed out. (read timeout=30)
Error en SABANETA: 'NoneType' object has no attribute 'json'
Error en consulta_info_home_public para ITAGUI: HTTPSConnectionPool(host='movilidad.transitoitagui.gov.co', port=443): Read timed out. (read timeout=30)
Error en ITAGUI: 'NoneType' object has no attribute 'json'
Error en consulta_info_home_public para ITAGUI: HTTPSConnectionPool(host='movilidad.transitoitagui.gov.co', port=443): Read timed out. (read timeout=30)
Error en ITAGUI: 'NoneType' object has no attribute 'json'
Error en consulta_info_home_public para SABANETA: HTTPSConnectionPool(host='transitosabaneta.utsetsa.com', port=443): Read timed out. (read timeout=30)
Error en SABANETA: 'NoneType' object has no attribute 'json'
Error en consulta_info_home_public para SABANETA: HTTPSConnectionPool(host='transitosabaneta.utsetsa.com', port=443): Read timed out. (read timeout=30)
Error en SABANETA: 'NoneType' object has no attribute 'json'
Error en consulta_info_home_public para ITAGUI: HTTPSConnectionPool(host='movilidad.transitoitagui.gov.co', port=443): Read timed out. (read timeout=30)
Error en ITAGUI: 'NoneType' object has no attribute 'json'
Error en consulta_info_home_public para SABANETA: HTTPSConnectionPool(host='transitosabaneta.utsetsa.com', port=443): Read timed out. (read timeout=30)
Error en SABANETA: 'NoneType' object has no attribute 'json'
Error en consulta_info_home_public para ITAGUI: HTTPSConnectionPool(host='movilidad.transitoitagui.gov.co', port=443): Read timed out. (read timeout=30)
Error en ITAGUI: 'NoneType' object has no attribute 'json'
Error en consulta_info_home_public para SABANETA: HTTPSConnectionPool(host='transitosabaneta.utsetsa.com', port=443): Read timed out. (read timeout=30)
Error en SABANETA: 'NoneType' object has no attribute 'json'
Error en consulta_info_home_public para ITAGUI: HTTPSConnectionPool(host='movilidad.transitoitagui.gov.co', port=443): Read timed out. (read timeout=30)
Error en ITAGUI: 'NoneType' object has no attribute 'json'
Error en consulta_info_home_public para SABANETA: HTTPSConnectionPool(host='transitosabaneta.utsetsa.com', port=443): Read timed out. (read timeout=30)
Error en SABANETA: 'NoneType' object has no attribute 'json'
Error en consulta_info_home_public para ITAGUI: HTTPSConnectionPool(host='movilidad.transitoitagui.gov.co', port=443): Read timed out. (read timeout=30)
Error en ITAGUI: 'NoneType' object has no attribute 'json'
Error en consulta_info_home_public para SABANETA: HTTPSConnectionPool(host='transitosabaneta.utsetsa.com', port=443): Read timed out. (read timeout=30)
Error en SABANETA: 'NoneType' object has no attribute 'json'
Error en consulta_info_home_public para ITAGUI: HTTPSConnectionPool(host='movilidad.transitoitagui.gov.co', port=443): Read timed out. (read timeout=30)/home/comparendos/venv/lib/python3.12/site-packages/urllib3/connectionpool.py:1097: InsecureRequestWarning: Unverified HTTPS request is being made to host 'serviciosdigitales.movilidadavanzadabello.com.co'. Adding certificate verification is strongly advised. See: https://urllib3.readthedocs.io/en/latest/advanced-usage.html#tls-warnings
  warnings.warn(
/home/comparendos/venv/lib/python3.12/site-packages/urllib3/connectionpool.py:1097: InsecureRequestWarning: Unverified HTTPS request is being made to host 'serviciosdigitales.movilidadavanzadabello.com.co'. Adding certificate verification is strongly advised. See: https://urllib3.readthedocs.io/en/latest/advanced-usage.html#tls-warnings
  warnings.warn(
/home/comparendos/venv/lib/python3.12/site-packages/urllib3/connectionpool.py:1097: InsecureRequestWarning: Unverified HTTPS request is being made to host 'serviciosdigitales.movilidadavanzadabello.com.co'. Adding certificate verification is strongly advised. See: https://urllib3.readthedocs.io/en/latest/advanced-usage.html#tls-warnings
  warnings.warn(
/home/comparendos/venv/lib/python3.12/site-packages/urllib3/connectionpool.py:1097: InsecureRequestWarning: Unverified HTTPS request is being made to host 'serviciosdigitales.movilidadavanzadabello.com.co'. Adding certificate verification is strongly advised. See: https://urllib3.readthedocs.io/en/latest/advanced-usage.html#tls-warnings
  warnings.warn(
/home/comparendos/venv/lib/python3.12/site-packages/urllib3/connectionpool.py:1097: InsecureRequestWarning: Unverified HTTPS request is being made to host 'serviciosdigitales.movilidadavanzadabello.com.co'. Adding certificate verification is strongly advised. See: https://urllib3.readthedocs.io/en/latest/advanced-usage.html#tls-warnings
  warnings.warn(
/home/comparendos/venv/lib/python3.12/site-packages/urllib3/connectionpool.py:1097: InsecureRequestWarning: Unverified HTTPS request is being made to host 'serviciosdigitales.movilidadavanzadabello.com.co'. Adding certificate verification is strongly advised. See: https://urllib3.readthedocs.io/en/latest/advanced-usage.html#tls-warnings
  warnings.warn(
/home/comparendos/venv/lib/python3.12/site-packages/urllib3/connectionpool.py:1097: InsecureRequestWarning: Unverified HTTPS request is being made to host 'serviciosdigitales.movilidadavanzadabello.com.co'. Adding certificate verification is strongly advised. See: https://urllib3.readthedocs.io/en/latest/advanced-usage.html#tls-warnings
  warnings.warn(
/home/comparendos/venv/lib/python3.12/site-packages/urllib3/connectionpool.py:1097: InsecureRequestWarning: Unverified HTTPS request is being made to host 'serviciosdigitales.movilidadavanzadabello.com.co'. Adding certificate verification is strongly advised. See: https://urllib3.readthedocs.io/en/latest/advanced-usage.html#tls-warnings
  warnings.warn(
/home/comparendos/venv/lib/python3.12/site-packages/urllib3/connectionpool.py:1097: InsecureRequestWarning: Unverified HTTPS request is being made to host 'serviciosdigitales.movilidadavanzadabello.com.co'. Adding certificate verification is strongly advised. See: https://urllib3.readthedocs.io/en/latest/advanced-usage.html#tls-warnings
  warnings.warn(
/home/comparendos/venv/lib/python3.12/site-packages/urllib3/connectionpool.py:1097: InsecureRequestWarning: Unverified HTTPS request is being made to host 'serviciosdigitales.movilidadavanzadabello.com.co'. Adding certificate verification is strongly advised. See: https://urllib3.readthedocs.io/en/latest/advanced-usage.html#tls-warnings
  warnings.warn(
/home/comparendos/venv/lib/python3.12/site-packages/urllib3/connectionpool.py:1097: InsecureRequestWarning: Unverified HTTPS request is being made to host 'serviciosdigitales.movilidadavanzadabello.com.co'. Adding certificate verification is strongly advised. See: https://urllib3.readthedocs.io/en/latest/advanced-usage.html#tls-warnings
  warnings.warn(
/home/comparendos/venv/lib/python3.12/site-packages/urllib3/connectionpool.py:1097: InsecureRequestWarning: Unverified HTTPS request is being made to host 'serviciosdigitales.movilidadavanzadabello.com.co'. Adding certificate verification is strongly advised. See: https://urllib3.readthedocs.io/en/latest/advanced-usage.html#tls-warnings
  warnings.warn(
/home/comparendos/venv/lib/python3.12/site-packages/urllib3/connectionpool.py:1097: InsecureRequestWarning: Unverified HTTPS request is being made to host 'serviciosdigitales.movilidadavanzadabello.com.co'. Adding certificate verification is strongly advised. See: https://urllib3.readthedocs.io/en/latest/advanced-usage.html#tls-warnings
  warnings.warn(
/home/comparendos/venv/lib/python3.12/site-packages/urllib3/connectionpool.py:1097: InsecureRequestWarning: Unverified HTTPS request is being made to host 'serviciosdigitales.movilidadavanzadabello.com.co'. Adding certificate verification is strongly advised. See: https://urllib3.readthedocs.io/en/latest/advanced-usage.html#tls-warnings
  warnings.warn(
/home/comparendos/venv/lib/python3.12/site-packages/urllib3/connectionpool.py:1097: InsecureRequestWarning: Unverified HTTPS request is being made to host 'serviciosdigitales.movilidadavanzadabello.com.co'. Adding certificate verification is strongly advised. See: https://urllib3.readthedocs.io/en/latest/advanced-usage.html#tls-warnings
  warnings.warn(
/home/comparendos/venv/lib/python3.12/site-packages/urllib3/connectionpool.py:1097: InsecureRequestWarning: Unverified HTTPS request is being made to host 'serviciosdigitales.movilidadavanzadabello.com.co'. Adding certificate verification is strongly advised. See: https://urllib3.readthedocs.io/en/latest/advanced-usage.html#tls-warnings
  warnings.warn(
/home/comparendos/venv/lib/python3.12/site-packages/urllib3/connectionpool.py:1097: InsecureRequestWarning: Unverified HTTPS request is being made to host 'serviciosdigitales.movilidadavanzadabello.com.co'. Adding certificate verification is strongly advised. See: https://urllib3.readthedocs.io/en/latest/advanced-usage.html#tls-warnings
  warnings.warn(
/home/comparendos/venv/lib/python3.12/site-packages/urllib3/connectionpool.py:1097: InsecureRequestWarning: Unverified HTTPS request is being made to host 'serviciosdigitales.movilidadavanzadabello.com.co'. Adding certificate verification is strongly advised. See: https://urllib3.readthedocs.io/en/latest/advanced-usage.html#tls-warnings
  warnings.warn(
/home/comparendos/venv/lib/python3.12/site-packages/urllib3/connectionpool.py:1097: InsecureRequestWarning: Unverified HTTPS request is being made to host 'serviciosdigitales.movilidadavanzadabello.com.co'. Adding certificate verification is strongly advised. See: https://urllib3.readthedocs.io/en/latest/advanced-usage.html#tls-warnings
  warnings.warn(
/home/comparendos/venv/lib/python3.12/site-packages/urllib3/connectionpool.py:1097: InsecureRequestWarning: Unverified HTTPS request is being made to host 'serviciosdigitales.movilidadavanzadabello.com.co'. Adding certificate verification is strongly advised. See: https://urllib3.readthedocs.io/en/latest/advanced-usage.html#tls-warnings
  warnings.warn(
/home/comparendos/venv/lib/python3.12/site-packages/urllib3/connectionpool.py:1097: InsecureRequestWarning: Unverified HTTPS request is being made to host 'serviciosdigitales.movilidadavanzadabello.com.co'. Adding certificate verification is strongly advised. See: https://urllib3.readthedocs.io/en/latest/advanced-usage.html#tls-warnings
  warnings.warn(
/home/comparendos/venv/lib/python3.12/site-packages/urllib3/connectionpool.py:1097: InsecureRequestWarning: Unverified HTTPS request is being made to host 'serviciosdigitales.movilidadavanzadabello.com.co'. Adding certificate verification is strongly advised. See: https://urllib3.readthedocs.io/en/latest/advanced-usage.html#tls-warnings
  warnings.warn(
/home/comparendos/venv/lib/python3.12/site-packages/urllib3/connectionpool.py:1097: InsecureRequestWarning: Unverified HTTPS request is being made to host 'serviciosdigitales.movilidadavanzadabello.com.co'. Adding certificate verification is strongly advised. See: https://urllib3.readthedocs.io/en/latest/advanced-usage.html#tls-warnings
  warnings.warn(
/home/comparendos/venv/lib/python3.12/site-packages/urllib3/connectionpool.py:1097: InsecureRequestWarning: Unverified HTTPS request is being made to host 'serviciosdigitales.movilidadavanzadabello.com.co'. Adding certificate verification is strongly advised. See: https://urllib3.readthedocs.io/en/latest/advanced-usage.html#tls-warnings
  warnings.warn(
/home/comparendos/venv/lib/python3.12/site-packages/urllib3/connectionpool.py:1097: InsecureRequestWarning: Unverified HTTPS request is being made to host 'serviciosdigitales.movilidadavanzadabello.com.co'. Adding certificate verification is strongly advised. See: https://urllib3.readthedocs.io/en/latest/advanced-usage.html#tls-warnings
  warnings.warn(
/home/comparendos/venv/lib/python3.12/site-packages/urllib3/connectionpool.py:1097: InsecureRequestWarning: Unverified HTTPS request is being made to host 'serviciosdigitales.movilidadavanzadabello.com.co'. Adding certificate verification is strongly advised. See: https://urllib3.readthedocs.io/en/latest/advanced-usage.html#tls-warnings
  warnings.warn(
/home/comparendos/venv/lib/python3.12/site-packages/urllib3/connectionpool.py:1097: InsecureRequestWarning: Unverified HTTPS request is being made to host 'serviciosdigitales.movilidadavanzadabello.com.co'. Adding certificate verification is strongly advised. See: https://urllib3.readthedocs.io/en/latest/advanced-usage.html#tls-warnings
  warnings.warn(
/home/comparendos/venv/lib/python3.12/site-packages/urllib3/connectionpool.py:1097: InsecureRequestWarning: Unverified HTTPS request is being made to host 'serviciosdigitales.movilidadavanzadabello.com.co'. Adding certificate verification is strongly advised. See: https://urllib3.readthedocs.io/en/latest/advanced-usage.html#tls-warnings
  warnings.warn(
/home/comparendos/venv/lib/python3.12/site-packages/urllib3/connectionpool.py:1097: InsecureRequestWarning: Unverified HTTPS request is being made to host 'serviciosdigitales.movilidadavanzadabello.com.co'. Adding certificate verification is strongly advised. See: https://urllib3.readthedocs.io/en/latest/advanced-usage.html#tls-warnings
  warnings.warn(
/home/comparendos/venv/lib/python3.12/site-packages/urllib3/connectionpool.py:1097: InsecureRequestWarning: Unverified HTTPS request is being made to host 'serviciosdigitales.movilidadavanzadabello.com.co'. Adding certificate verification is strongly advised. See: https://urllib3.readthedocs.io/en/latest/advanced-usage.html#tls-warnings
  warnings.warn(
/home/comparendos/venv/lib/python3.12/site-packages/urllib3/connectionpool.py:1097: InsecureRequestWarning: Unverified HTTPS request is being made to host 'serviciosdigitales.movilidadavanzadabello.com.co'. Adding certificate verification is strongly advised. See: https://urllib3.readthedocs.io/en/latest/advanced-usage.html#tls-warnings
  warnings.warn(
/home/comparendos/venv/lib/python3.12/site-packages/urllib3/connectionpool.py:1097: InsecureRequestWarning: Unverified HTTPS request is being made to host 'serviciosdigitales.movilidadavanzadabello.com.co'. Adding certificate verification is strongly advised. See: https://urllib3.readthedocs.io/en/latest/advanced-usage.html#tls-warnings
  warnings.warn(
/home/comparendos/venv/lib/python3.12/site-packages/urllib3/connectionpool.py:1097: InsecureRequestWarning: Unverified HTTPS request is being made to host 'serviciosdigitales.movilidadavanzadabello.com.co'. Adding certificate verification is strongly advised. See: https://urllib3.readthedocs.io/en/latest/advanced-usage.html#tls-warnings
  warnings.warn(

Error en ITAGUI: 'NoneType' object has no attribute 'json'
Error en consulta_info_home_public para SABANETA: HTTPSConnectionPool(host='transitosabaneta.utsetsa.com', port=443): Read timed out. (read timeout=30)
Error en SABANETA: 'NoneType' object has no attribute 'json'
Error en consulta_info_home_public para ITAGUI: HTTPSConnectionPool(host='movilidad.transitoitagui.gov.co', port=443): Read timed out. (read timeout=30)
Error en ITAGUI: 'NoneType' object has no attribute 'json'
El comparendo ya fue notificado previamente Documento: 1001370800 Comparendo: D05001000000054705850
El comparendo ya fue notificado previamente Documento: 1001370800 Comparendo: D05001000000054694689
Error en consulta_info_home_public para ITAGUI: HTTPSConnectionPool(host='movilidad.transitoitagui.gov.co', port=443): Read timed out. (read timeout=30)
Error en ITAGUI: 'NoneType' object has no attribute 'json'
Error en consulta_info_home_public para SABANETA: HTTPSConnectionPool(host='transitosabaneta.utsetsa.com', port=443): Read timed out. (read timeout=30)
Error en SABANETA: 'NoneType' object has no attribute 'json'
Error en consulta_info_home_public para ITAGUI: HTTPSConnectionPool(host='movilidad.transitoitagui.gov.co', port=443): Read timed out. (read timeout=30)
Error en ITAGUI: 'NoneType' object has no attribute 'json'
Error en consulta_info_home_public para SABANETA: HTTPSConnectionPool(host='transitosabaneta.utsetsa.com', port=443): Read timed out. (read timeout=30)
Error en SABANETA: 'NoneType' object has no attribute 'json'
Error en consulta_info_home_public para ITAGUI: HTTPSConnectionPool(host='movilidad.transitoitagui.gov.co', port=443): Read timed out. (read timeout=30)
Error en ITAGUI: 'NoneType' object has no attribute 'json'
Error en consulta_info_home_public para ITAGUI: HTTPSConnectionPool(host='movilidad.transitoitagui.gov.co', port=443): Read timed out. (read timeout=30)
Error en ITAGUI: 'NoneType' object has no attribute 'json'
Error en consulta_info_home_public para ITAGUI: HTTPSConnectionPool(host='movilidad.transitoitagui.gov.co', port=443): Read timed out. (read timeout=30)
Error en ITAGUI: 'NoneType' object has no attribute 'json'
Error en consulta_info_home_public para ITAGUI: HTTPSConnectionPool(host='movilidad.transitoitagui.gov.co', port=443): Read timed out. (read timeout=30)
Error en ITAGUI: 'NoneType' object has no attribute 'json'
Error en consulta_info_home_public para ITAGUI: HTTPSConnectionPool(host='movilidad.transitoitagui.gov.co', port=443): Read timed out. (read timeout=30)
Error en ITAGUI: 'NoneType' object has no attribute 'json'
Error en consulta_info_home_public para ITAGUI: HTTPSConnectionPool(host='movilidad.transitoitagui.gov.co', port=443): Read timed out. (read timeout=30)
Error en ITAGUI: 'NoneType' object has no attribute 'json'
Error en consulta_info_home_public para ITAGUI: HTTPSConnectionPool(host='movilidad.transitoitagui.gov.co', port=443): Read timed out. (read timeout=30)
Error en ITAGUI: 'NoneType' object has no attribute 'json'
Error en consulta_info_home_public para ITAGUI: HTTPSConnectionPool(host='movilidad.transitoitagui.gov.co', port=443): Read timed out. (read timeout=30)
Error en ITAGUI: 'NoneType' object has no attribute 'json'
Error en consulta_info_home_public para ITAGUI: HTTPSConnectionPool(host='movilidad.transitoitagui.gov.co', port=443): Read timed out. (read timeout=30)
Error en ITAGUI: 'NoneType' object has no attribute 'json'
Error en consulta_info_home_public para ITAGUI: HTTPSConnectionPool(host='movilidad.transitoitagui.gov.co', port=443): Read timed out. (read timeout=30)
Error en ITAGUI: 'NoneType' object has no attribute 'json'
Error en consulta_info_home_public para ITAGUI: HTTPSConnectionPool(host='movilidad.transitoitagui.gov.co', port=443): Read timed out. (read timeout=30)
Error en ITAGUI: 'NoneType' object has no attribute 'json'
Error en consulta_info_home_public para ITAGUI: HTTPSConnectionPool(host='movilidad.transitoitagui.gov.co', port=443): Read timed out. (read timeout=30)
Error en ITAGUI: 'NoneType' object has no attribute 'json'
Error en consulta_info_home_public para ITAGUI: HTTPSConnectionPool(host='movilidad.transitoitagui.gov.co', port=443): Read timed out. (read timeout=30)
Error en ITAGUI: 'NoneType' object has no attribute 'json'
Error en consulta_info_home_public para ITAGUI: HTTPSConnectionPool(host='movilidad.transitoitagui.gov.co', port=443): Read timed out. (read timeout=30)
Error en ITAGUI: 'NoneType' object has no attribute 'json'
Error en consulta_info_home_public para ITAGUI: HTTPSConnectionPool(host='movilidad.transitoitagui.gov.co', port=443): Read timed out. (read timeout=30)
Error en ITAGUI: 'NoneType' object has no attribute 'json'
Error en consulta_info_home_public para ITAGUI: HTTPSConnectionPool(host='movilidad.transitoitagui.gov.co', port=443): Read timed out. (read timeout=30)
Error en ITAGUI: 'NoneType' object has no attribute 'json'
Error en consulta_info_home_public para ITAGUI: HTTPSConnectionPool(host='movilidad.transitoitagui.gov.co', port=443): Read timed out. (read timeout=30)
Error en ITAGUI: 'NoneType' object has no attribute 'json'
Error en consulta_info_home_public para ITAGUI: HTTPSConnectionPool(host='movilidad.transitoitagui.gov.co', port=443): Read timed out. (read timeout=30)
Error en ITAGUI: 'NoneType' object has no attribute 'json'
Error en consulta_info_home_public para ITAGUI: HTTPSConnectionPool(host='movilidad.transitoitagui.gov.co', port=443): Read timed out. (read timeout=30)
Error en ITAGUI: 'NoneType' object has no attribute 'json'
Error en consulta_info_home_public para SABANETA: HTTPSConnectionPool(host='transitosabaneta.utsetsa.com', port=443): Read timed out. (read timeout=30)
Error en SABANETA: 'NoneType' object has no attribute 'json'
Error en consulta_info_home_public para ITAGUI: HTTPSConnectionPool(host='movilidad.transitoitagui.gov.co', port=443): Read timed out. (read timeout=30)
Error en ITAGUI: 'NoneType' object has no attribute 'json'
Error en consulta_info_home_public para ITAGUI: HTTPSConnectionPool(host='movilidad.transitoitagui.gov.co', port=443): Read timed out. (read timeout=30)
Error en ITAGUI: 'NoneType' object has no attribute 'json'
Error en consulta_info_home_public para ITAGUI: HTTPSConnectionPool(host='movilidad.transitoitagui.gov.co', port=443): Read timed out. (read timeout=30)
Error en ITAGUI: 'NoneType' object has no attribute 'json'
Error en consulta_info_home_public para ITAGUI: HTTPSConnectionPool(host='movilidad.transitoitagui.gov.co', port=443): Read timed out. (read timeout=30)
Error en ITAGUI: 'NoneType' object has no attribute 'json'
Error en consulta_info_home_public para ITAGUI: HTTPSConnectionPool(host='movilidad.transitoitagui.gov.co', port=443): Read timed out. (read timeout=30)
Error en ITAGUI: 'NoneType' object has no attribute 'json'
Error en consulta_info_home_public para ITAGUI: HTTPSConnectionPool(host='movilidad.transitoitagui.gov.co', port=443): Read timed out. (read timeout=30)
Error en ITAGUI: 'NoneType' object has no attribute 'json'
Error en consulta_info_home_public para ITAGUI: HTTPSConnectionPool(host='movilidad.transitoitagui.gov.co', port=443): Read timed out. (read timeout=30)
Error en ITAGUI: 'NoneType' object has no attribute 'json'
Error en consulta_info_home_public para ITAGUI: HTTPSConnectionPool(host='movilidad.transitoitagui.gov.co', port=443): Read timed out. (read timeout=30)
Error en ITAGUI: 'NoneType' object has no attribute 'json'
Error en consulta_info_home_public para ITAGUI: HTTPSConnectionPool(host='movilidad.transitoitagui.gov.co', port=443): Read timed out. (read timeout=30)
Error en ITAGUI: 'NoneType' object has no attribute 'json'
Error en consulta_info_home_public para ITAGUI: HTTPSConnectionPool(host='movilidad.transitoitagui.gov.co', port=443): Read timed out. (read timeout=30)
Error en ITAGUI: 'NoneType' object has no attribute 'json'
El comparendo ya fue notificado previamente Documento: 1035224915 Comparendo: D05001000000051252659
Error en consulta_info_home_public para ITAGUI: HTTPSConnectionPool(host='movilidad.transitoitagui.gov.co', port=443): Read timed out. (read timeout=30)
Error en ITAGUI: 'NoneType' object has no attribute 'json'/home/comparendos/venv/lib/python3.12/site-packages/urllib3/connectionpool.py:1097: InsecureRequestWarning: Unverified HTTPS request is being made to host 'serviciosdigitales.movilidadavanzadabello.com.co'. Adding certificate verification is strongly advised. See: https://urllib3.readthedocs.io/en/latest/advanced-usage.html#tls-warnings
  warnings.warn(
/home/comparendos/venv/lib/python3.12/site-packages/urllib3/connectionpool.py:1097: InsecureRequestWarning: Unverified HTTPS request is being made to host 'serviciosdigitales.movilidadavanzadabello.com.co'. Adding certificate verification is strongly advised. See: https://urllib3.readthedocs.io/en/latest/advanced-usage.html#tls-warnings
  warnings.warn(
/home/comparendos/venv/lib/python3.12/site-packages/urllib3/connectionpool.py:1097: InsecureRequestWarning: Unverified HTTPS request is being made to host 'serviciosdigitales.movilidadavanzadabello.com.co'. Adding certificate verification is strongly advised. See: https://urllib3.readthedocs.io/en/latest/advanced-usage.html#tls-warnings
  warnings.warn(
/home/comparendos/venv/lib/python3.12/site-packages/urllib3/connectionpool.py:1097: InsecureRequestWarning: Unverified HTTPS request is being made to host 'serviciosdigitales.movilidadavanzadabello.com.co'. Adding certificate verification is strongly advised. See: https://urllib3.readthedocs.io/en/latest/advanced-usage.html#tls-warnings
  warnings.warn(
/home/comparendos/venv/lib/python3.12/site-packages/urllib3/connectionpool.py:1097: InsecureRequestWarning: Unverified HTTPS request is being made to host 'serviciosdigitales.movilidadavanzadabello.com.co'. Adding certificate verification is strongly advised. See: https://urllib3.readthedocs.io/en/latest/advanced-usage.html#tls-warnings
  warnings.warn(
/home/comparendos/venv/lib/python3.12/site-packages/urllib3/connectionpool.py:1097: InsecureRequestWarning: Unverified HTTPS request is being made to host 'serviciosdigitales.movilidadavanzadabello.com.co'. Adding certificate verification is strongly advised. See: https://urllib3.readthedocs.io/en/latest/advanced-usage.html#tls-warnings
  warnings.warn(
/home/comparendos/venv/lib/python3.12/site-packages/urllib3/connectionpool.py:1097: InsecureRequestWarning: Unverified HTTPS request is being made to host 'serviciosdigitales.movilidadavanzadabello.com.co'. Adding certificate verification is strongly advised. See: https://urllib3.readthedocs.io/en/latest/advanced-usage.html#tls-warnings
  warnings.warn(
/home/comparendos/venv/lib/python3.12/site-packages/urllib3/connectionpool.py:1097: InsecureRequestWarning: Unverified HTTPS request is being made to host 'serviciosdigitales.movilidadavanzadabello.com.co'. Adding certificate verification is strongly advised. See: https://urllib3.readthedocs.io/en/latest/advanced-usage.html#tls-warnings
  warnings.warn(
/home/comparendos/venv/lib/python3.12/site-packages/urllib3/connectionpool.py:1097: InsecureRequestWarning: Unverified HTTPS request is being made to host 'serviciosdigitales.movilidadavanzadabello.com.co'. Adding certificate verification is strongly advised. See: https://urllib3.readthedocs.io/en/latest/advanced-usage.html#tls-warnings
  warnings.warn(
/home/comparendos/venv/lib/python3.12/site-packages/urllib3/connectionpool.py:1097: InsecureRequestWarning: Unverified HTTPS request is being made to host 'serviciosdigitales.movilidadavanzadabello.com.co'. Adding certificate verification is strongly advised. See: https://urllib3.readthedocs.io/en/latest/advanced-usage.html#tls-warnings
  warnings.warn(
/home/comparendos/venv/lib/python3.12/site-packages/urllib3/connectionpool.py:1097: InsecureRequestWarning: Unverified HTTPS request is being made to host 'serviciosdigitales.movilidadavanzadabello.com.co'. Adding certificate verification is strongly advised. See: https://urllib3.readthedocs.io/en/latest/advanced-usage.html#tls-warnings
  warnings.warn(
/home/comparendos/venv/lib/python3.12/site-packages/urllib3/connectionpool.py:1097: InsecureRequestWarning: Unverified HTTPS request is being made to host 'serviciosdigitales.movilidadavanzadabello.com.co'. Adding certificate verification is strongly advised. See: https://urllib3.readthedocs.io/en/latest/advanced-usage.html#tls-warnings
  warnings.warn(
/home/comparendos/venv/lib/python3.12/site-packages/urllib3/connectionpool.py:1097: InsecureRequestWarning: Unverified HTTPS request is being made to host 'serviciosdigitales.movilidadavanzadabello.com.co'. Adding certificate verification is strongly advised. See: https://urllib3.readthedocs.io/en/latest/advanced-usage.html#tls-warnings
  warnings.warn(
/home/comparendos/venv/lib/python3.12/site-packages/urllib3/connectionpool.py:1097: InsecureRequestWarning: Unverified HTTPS request is being made to host 'serviciosdigitales.movilidadavanzadabello.com.co'. Adding certificate verification is strongly advised. See: https://urllib3.readthedocs.io/en/latest/advanced-usage.html#tls-warnings
  warnings.warn(
/home/comparendos/venv/lib/python3.12/site-packages/urllib3/connectionpool.py:1097: InsecureRequestWarning: Unverified HTTPS request is being made to host 'serviciosdigitales.movilidadavanzadabello.com.co'. Adding certificate verification is strongly advised. See: https://urllib3.readthedocs.io/en/latest/advanced-usage.html#tls-warnings
  warnings.warn(
/home/comparendos/venv/lib/python3.12/site-packages/urllib3/connectionpool.py:1097: InsecureRequestWarning: Unverified HTTPS request is being made to host 'serviciosdigitales.movilidadavanzadabello.com.co'. Adding certificate verification is strongly advised. See: https://urllib3.readthedocs.io/en/latest/advanced-usage.html#tls-warnings
  warnings.warn(
/home/comparendos/venv/lib/python3.12/site-packages/urllib3/connectionpool.py:1097: InsecureRequestWarning: Unverified HTTPS request is being made to host 'serviciosdigitales.movilidadavanzadabello.com.co'. Adding certificate verification is strongly advised. See: https://urllib3.readthedocs.io/en/latest/advanced-usage.html#tls-warnings
  warnings.warn(
/home/comparendos/venv/lib/python3.12/site-packages/urllib3/connectionpool.py:1097: InsecureRequestWarning: Unverified HTTPS request is being made to host 'serviciosdigitales.movilidadavanzadabello.com.co'. Adding certificate verification is strongly advised. See: https://urllib3.readthedocs.io/en/latest/advanced-usage.html#tls-warnings
  warnings.warn(
/home/comparendos/venv/lib/python3.12/site-packages/urllib3/connectionpool.py:1097: InsecureRequestWarning: Unverified HTTPS request is being made to host 'serviciosdigitales.movilidadavanzadabello.com.co'. Adding certificate verification is strongly advised. See: https://urllib3.readthedocs.io/en/latest/advanced-usage.html#tls-warnings
  warnings.warn(
/home/comparendos/venv/lib/python3.12/site-packages/urllib3/connectionpool.py:1097: InsecureRequestWarning: Unverified HTTPS request is being made to host 'serviciosdigitales.movilidadavanzadabello.com.co'. Adding certificate verification is strongly advised. See: https://urllib3.readthedocs.io/en/latest/advanced-usage.html#tls-warnings
  warnings.warn(
/home/comparendos/venv/lib/python3.12/site-packages/urllib3/connectionpool.py:1097: InsecureRequestWarning: Unverified HTTPS request is being made to host 'serviciosdigitales.movilidadavanzadabello.com.co'. Adding certificate verification is strongly advised. See: https://urllib3.readthedocs.io/en/latest/advanced-usage.html#tls-warnings
  warnings.warn(
/home/comparendos/venv/lib/python3.12/site-packages/urllib3/connectionpool.py:1097: InsecureRequestWarning: Unverified HTTPS request is being made to host 'serviciosdigitales.movilidadavanzadabello.com.co'. Adding certificate verification is strongly advised. See: https://urllib3.readthedocs.io/en/latest/advanced-usage.html#tls-warnings
  warnings.warn(
/home/comparendos/venv/lib/python3.12/site-packages/urllib3/connectionpool.py:1097: InsecureRequestWarning: Unverified HTTPS request is being made to host 'serviciosdigitales.movilidadavanzadabello.com.co'. Adding certificate verification is strongly advised. See: https://urllib3.readthedocs.io/en/latest/advanced-usage.html#tls-warnings
  warnings.warn(
/home/comparendos/venv/lib/python3.12/site-packages/urllib3/connectionpool.py:1097: InsecureRequestWarning: Unverified HTTPS request is being made to host 'serviciosdigitales.movilidadavanzadabello.com.co'. Adding certificate verification is strongly advised. See: https://urllib3.readthedocs.io/en/latest/advanced-usage.html#tls-warnings
  warnings.warn(
/home/comparendos/venv/lib/python3.12/site-packages/urllib3/connectionpool.py:1097: InsecureRequestWarning: Unverified HTTPS request is being made to host 'serviciosdigitales.movilidadavanzadabello.com.co'. Adding certificate verification is strongly advised. See: https://urllib3.readthedocs.io/en/latest/advanced-usage.html#tls-warnings
  warnings.warn(
/home/comparendos/venv/lib/python3.12/site-packages/urllib3/connectionpool.py:1097: InsecureRequestWarning: Unverified HTTPS request is being made to host 'serviciosdigitales.movilidadavanzadabello.com.co'. Adding certificate verification is strongly advised. See: https://urllib3.readthedocs.io/en/latest/advanced-usage.html#tls-warnings
  warnings.warn(
/home/comparendos/venv/lib/python3.12/site-packages/urllib3/connectionpool.py:1097: InsecureRequestWarning: Unverified HTTPS request is being made to host 'serviciosdigitales.movilidadavanzadabello.com.co'. Adding certificate verification is strongly advised. See: https://urllib3.readthedocs.io/en/latest/advanced-usage.html#tls-warnings
  warnings.warn(
/home/comparendos/venv/lib/python3.12/site-packages/urllib3/connectionpool.py:1097: InsecureRequestWarning: Unverified HTTPS request is being made to host 'serviciosdigitales.movilidadavanzadabello.com.co'. Adding certificate verification is strongly advised. See: https://urllib3.readthedocs.io/en/latest/advanced-usage.html#tls-warnings
  warnings.warn(
/home/comparendos/venv/lib/python3.12/site-packages/urllib3/connectionpool.py:1097: InsecureRequestWarning: Unverified HTTPS request is being made to host 'serviciosdigitales.movilidadavanzadabello.com.co'. Adding certificate verification is strongly advised. See: https://urllib3.readthedocs.io/en/latest/advanced-usage.html#tls-warnings
  warnings.warn(
/home/comparendos/venv/lib/python3.12/site-packages/urllib3/connectionpool.py:1097: InsecureRequestWarning: Unverified HTTPS request is being made to host 'serviciosdigitales.movilidadavanzadabello.com.co'. Adding certificate verification is strongly advised. See: https://urllib3.readthedocs.io/en/latest/advanced-usage.html#tls-warnings
  warnings.warn(
/home/comparendos/venv/lib/python3.12/site-packages/urllib3/connectionpool.py:1097: InsecureRequestWarning: Unverified HTTPS request is being made to host 'serviciosdigitales.movilidadavanzadabello.com.co'. Adding certificate verification is strongly advised. See: https://urllib3.readthedocs.io/en/latest/advanced-usage.html#tls-warnings
  warnings.warn(
/home/comparendos/venv/lib/python3.12/site-packages/urllib3/connectionpool.py:1097: InsecureRequestWarning: Unverified HTTPS request is being made to host 'serviciosdigitales.movilidadavanzadabello.com.co'. Adding certificate verification is strongly advised. See: https://urllib3.readthedocs.io/en/latest/advanced-usage.html#tls-warnings
  warnings.warn(
/home/comparendos/venv/lib/python3.12/site-packages/urllib3/connectionpool.py:1097: InsecureRequestWarning: Unverified HTTPS request is being made to host 'serviciosdigitales.movilidadavanzadabello.com.co'. Adding certificate verification is strongly advised. See: https://urllib3.readthedocs.io/en/latest/advanced-usage.html#tls-warnings
  warnings.warn(
/home/comparendos/venv/lib/python3.12/site-packages/urllib3/connectionpool.py:1097: InsecureRequestWarning: Unverified HTTPS request is being made to host 'serviciosdigitales.movilidadavanzadabello.com.co'. Adding certificate verification is strongly advised. See: https://urllib3.readthedocs.io/en/latest/advanced-usage.html#tls-warnings
  warnings.warn(
/home/comparendos/venv/lib/python3.12/site-packages/urllib3/connectionpool.py:1097: InsecureRequestWarning: Unverified HTTPS request is being made to host 'serviciosdigitales.movilidadavanzadabello.com.co'. Adding certificate verification is strongly advised. See: https://urllib3.readthedocs.io/en/latest/advanced-usage.html#tls-warnings
  warnings.warn(

Error en consulta_info_home_public para ITAGUI: HTTPSConnectionPool(host='movilidad.transitoitagui.gov.co', port=443): Read timed out. (read timeout=30)
Error en ITAGUI: 'NoneType' object has no attribute 'json'
Error en consulta_info_home_public para ITAGUI: HTTPSConnectionPool(host='movilidad.transitoitagui.gov.co', port=443): Read timed out. (read timeout=30)
Error en ITAGUI: 'NoneType' object has no attribute 'json'
Error en consulta_info_home_public para ITAGUI: HTTPSConnectionPool(host='movilidad.transitoitagui.gov.co', port=443): Read timed out. (read timeout=30)
Error en ITAGUI: 'NoneType' object has no attribute 'json'
Error en consulta_info_home_public para ITAGUI: HTTPSConnectionPool(host='movilidad.transitoitagui.gov.co', port=443): Read timed out. (read timeout=30)
Error en ITAGUI: 'NoneType' object has no attribute 'json'
Error en consulta_info_home_public para ITAGUI: HTTPSConnectionPool(host='movilidad.transitoitagui.gov.co', port=443): Read timed out. (read timeout=30)
Error en ITAGUI: 'NoneType' object has no attribute 'json'
Error en consulta_info_home_public para ITAGUI: HTTPSConnectionPool(host='movilidad.transitoitagui.gov.co', port=443): Read timed out. (read timeout=30)
Error en ITAGUI: 'NoneType' object has no attribute 'json'
Error en consulta_info_home_public para ITAGUI: HTTPSConnectionPool(host='movilidad.transitoitagui.gov.co', port=443): Read timed out. (read timeout=30)
Error en ITAGUI: 'NoneType' object has no attribute 'json'
Error en consulta_info_home_public para ITAGUI: HTTPSConnectionPool(host='movilidad.transitoitagui.gov.co', port=443): Read timed out. (read timeout=30)
Error en ITAGUI: 'NoneType' object has no attribute 'json'
Error en consulta_info_home_public para ITAGUI: HTTPSConnectionPool(host='movilidad.transitoitagui.gov.co', port=443): Read timed out. (read timeout=30)
Error en ITAGUI: 'NoneType' object has no attribute 'json'
Error en consulta_info_home_public para ITAGUI: HTTPSConnectionPool(host='movilidad.transitoitagui.gov.co', port=443): Read timed out. (read timeout=30)
Error en ITAGUI: 'NoneType' object has no attribute 'json'
El comparendo ya fue notificado previamente Documento: 70037757 Comparendo: D05001000000054341198
Error en consulta_info_home_public para ITAGUI: HTTPSConnectionPool(host='movilidad.transitoitagui.gov.co', port=443): Read timed out. (read timeout=30)
Error en ITAGUI: 'NoneType' object has no attribute 'json'
Error en consulta_info_home_public para ITAGUI: HTTPSConnectionPool(host='movilidad.transitoitagui.gov.co', port=443): Read timed out. (read timeout=30)
Error en ITAGUI: 'NoneType' object has no attribute 'json'
Error en consulta_info_home_public para ITAGUI: HTTPSConnectionPool(host='movilidad.transitoitagui.gov.co', port=443): Read timed out. (read timeout=30)
Error en ITAGUI: 'NoneType' object has no attribute 'json'
Error en consulta_info_home_public para ITAGUI: HTTPSConnectionPool(host='movilidad.transitoitagui.gov.co', port=443): Read timed out. (read timeout=30)
Error en ITAGUI: 'NoneType' object has no attribute 'json'
Error en MEDELLIN: Expecting value: line 1 column 1 (char 0)
Error en consulta_info_home_public para MEDELLIN: ('Connection aborted.', RemoteDisconnected('Remote end closed connection without response'))
Error en MEDELLIN: 'NoneType' object has no attribute 'json'
Error en consulta_info_home_public para ITAGUI: HTTPSConnectionPool(host='movilidad.transitoitagui.gov.co', port=443): Read timed out. (read timeout=30)
Error en ITAGUI: 'NoneType' object has no attribute 'json'
Error en consulta_info_home_public para ITAGUI: HTTPSConnectionPool(host='movilidad.transitoitagui.gov.co', port=443): Read timed out. (read timeout=30)
Error en ITAGUI: 'NoneType' object has no attribute 'json'
Error en MEDELLIN: Expecting value: line 1 column 1 (char 0)
Error en consulta_info_home_public para ITAGUI: HTTPSConnectionPool(host='movilidad.transitoitagui.gov.co', port=443): Read timed out. (read timeout=30)
Error en ITAGUI: 'NoneType' object has no attribute 'json'
Error en consulta_info_home_public para ITAGUI: HTTPSConnectionPool(host='movilidad.transitoitagui.gov.co', port=443): Read timed out. (read timeout=30)
Error en ITAGUI: 'NoneType' object has no attribute 'json'
Error en consulta_info_home_public para ITAGUI: HTTPSConnectionPool(host='movilidad.transitoitagui.gov.co', port=443): Read timed out. (read timeout=30)
Error en ITAGUI: 'NoneType' object has no attribute 'json'
Error en consulta_info_home_public para ITAGUI: HTTPSConnectionPool(host='movilidad.transitoitagui.gov.co', port=443): Read timed out. (read timeout=30)
Error en ITAGUI: 'NoneType' object has no attribute 'json'
Error en consulta_info_home_public para ITAGUI: HTTPSConnectionPool(host='movilidad.transitoitagui.gov.co', port=443): Read timed out. (read timeout=30)
Error en ITAGUI: 'NoneType' object has no attribute 'json'
El comparendo ya fue notificado previamente Documento: 32207406 Comparendo: D05001000000054483543
Error en consulta_info_home_public para ITAGUI: HTTPSConnectionPool(host='movilidad.transitoitagui.gov.co', port=443): Read timed out. (read timeout=30)
Error en ITAGUI: 'NoneType' object has no attribute 'json'
Error en consulta_info_home_public para ITAGUI: HTTPSConnectionPool(host='movilidad.transitoitagui.gov.co', port=443): Read timed out. (read timeout=30)
Error en ITAGUI: 'NoneType' object has no attribute 'json'
Error en consulta_info_home_public para ITAGUI: HTTPSConnectionPool(host='movilidad.transitoitagui.gov.co', port=443): Read timed out. (read timeout=30)
Error en ITAGUI: 'NoneType' object has no attribute 'json'
Error en consulta_info_home_public para SABANETA: HTTPSConnectionPool(host='transitosabaneta.utsetsa.com', port=443): Read timed out. (read timeout=30)
Error en SABANETA: 'NoneType' object has no attribute 'json'
Error en consulta_info_home_public para ITAGUI: HTTPSConnectionPool(host='movilidad.transitoitagui.gov.co', port=443): Read timed out. (read timeout=30)
Error en ITAGUI: 'NoneType' object has no attribute 'json'
El comparendo ya fue notificado previamente Documento: 98658986 Comparendo: D05001000000051433585
Error en consulta_info_home_public para ITAGUI: HTTPSConnectionPool(host='movilidad.transitoitagui.gov.co', port=443): Read timed out. (read timeout=30)
Error en ITAGUI: 'NoneType' object has no attribute 'json'
Error en consulta_info_home_public para ITAGUI: HTTPSConnectionPool(host='movilidad.transitoitagui.gov.co', port=443): Read timed out. (read timeout=30)
Error en ITAGUI: 'NoneType' object has no attribute 'json'
Error en consulta_info_home_public para ITAGUI: HTTPSConnectionPool(host='movilidad.transitoitagui.gov.co', port=443): Read timed out. (read timeout=30)
Error en ITAGUI: 'NoneType' object has no attribute 'json'
Error en consulta_info_home_public para ITAGUI: HTTPSConnectionPool(host='movilidad.transitoitagui.gov.co', port=443): Read timed out. (read timeout=30)
Error en ITAGUI: 'NoneType' object has no attribute 'json'
Error en consulta_info_home_public para ITAGUI: HTTPSConnectionPool(host='movilidad.transitoitagui.gov.co', port=443): Read timed out. (read timeout=30)
Error en ITAGUI: 'NoneType' object has no attribute 'json'
Error en consulta_info_home_public para ITAGUI: HTTPSConnectionPool(host='movilidad.transitoitagui.gov.co', port=443): Read timed out. (read timeout=30)
Error en ITAGUI: 'NoneType' object has no attribute 'json'
Error en consulta_info_home_public para ITAGUI: HTTPSConnectionPool(host='movilidad.transitoitagui.gov.co', port=443): Read timed out. (read timeout=30)
Error en ITAGUI: 'NoneType' object has no attribute 'json'
Error en consulta_info_home_public para ITAGUI: HTTPSConnectionPool(host='movilidad.transitoitagui.gov.co', port=443): Read timed out. (read timeout=30)
Error en ITAGUI: 'NoneType' object has no attribute 'json'
Error en consulta_info_home_public para ITAGUI: HTTPSConnectionPool(host='movilidad.transitoitagui.gov.co', port=443): Read timed out. (read timeout=30)
Error en ITAGUI: 'NoneType' object has no attribute 'json'
Error en consulta_info_home_public para ITAGUI: HTTPSConnectionPool(host='movilidad.transitoitagui.gov.co', port=443): Read timed out. (read timeout=30)/home/comparendos/venv/lib/python3.12/site-packages/urllib3/connectionpool.py:1097: InsecureRequestWarning: Unverified HTTPS request is being made to host 'serviciosdigitales.movilidadavanzadabello.com.co'. Adding certificate verification is strongly advised. See: https://urllib3.readthedocs.io/en/latest/advanced-usage.html#tls-warnings
  warnings.warn(
/home/comparendos/venv/lib/python3.12/site-packages/urllib3/connectionpool.py:1097: InsecureRequestWarning: Unverified HTTPS request is being made to host 'serviciosdigitales.movilidadavanzadabello.com.co'. Adding certificate verification is strongly advised. See: https://urllib3.readthedocs.io/en/latest/advanced-usage.html#tls-warnings
  warnings.warn(
/home/comparendos/venv/lib/python3.12/site-packages/urllib3/connectionpool.py:1097: InsecureRequestWarning: Unverified HTTPS request is being made to host 'serviciosdigitales.movilidadavanzadabello.com.co'. Adding certificate verification is strongly advised. See: https://urllib3.readthedocs.io/en/latest/advanced-usage.html#tls-warnings
  warnings.warn(
/home/comparendos/venv/lib/python3.12/site-packages/urllib3/connectionpool.py:1097: InsecureRequestWarning: Unverified HTTPS request is being made to host 'serviciosdigitales.movilidadavanzadabello.com.co'. Adding certificate verification is strongly advised. See: https://urllib3.readthedocs.io/en/latest/advanced-usage.html#tls-warnings
  warnings.warn(
/home/comparendos/venv/lib/python3.12/site-packages/urllib3/connectionpool.py:1097: InsecureRequestWarning: Unverified HTTPS request is being made to host 'serviciosdigitales.movilidadavanzadabello.com.co'. Adding certificate verification is strongly advised. See: https://urllib3.readthedocs.io/en/latest/advanced-usage.html#tls-warnings
  warnings.warn(
/home/comparendos/venv/lib/python3.12/site-packages/urllib3/connectionpool.py:1097: InsecureRequestWarning: Unverified HTTPS request is being made to host 'serviciosdigitales.movilidadavanzadabello.com.co'. Adding certificate verification is strongly advised. See: https://urllib3.readthedocs.io/en/latest/advanced-usage.html#tls-warnings
  warnings.warn(
/home/comparendos/venv/lib/python3.12/site-packages/urllib3/connectionpool.py:1097: InsecureRequestWarning: Unverified HTTPS request is being made to host 'serviciosdigitales.movilidadavanzadabello.com.co'. Adding certificate verification is strongly advised. See: https://urllib3.readthedocs.io/en/latest/advanced-usage.html#tls-warnings
  warnings.warn(
/home/comparendos/venv/lib/python3.12/site-packages/urllib3/connectionpool.py:1097: InsecureRequestWarning: Unverified HTTPS request is being made to host 'serviciosdigitales.movilidadavanzadabello.com.co'. Adding certificate verification is strongly advised. See: https://urllib3.readthedocs.io/en/latest/advanced-usage.html#tls-warnings
  warnings.warn(
/home/comparendos/venv/lib/python3.12/site-packages/urllib3/connectionpool.py:1097: InsecureRequestWarning: Unverified HTTPS request is being made to host 'serviciosdigitales.movilidadavanzadabello.com.co'. Adding certificate verification is strongly advised. See: https://urllib3.readthedocs.io/en/latest/advanced-usage.html#tls-warnings
  warnings.warn(
/home/comparendos/venv/lib/python3.12/site-packages/urllib3/connectionpool.py:1097: InsecureRequestWarning: Unverified HTTPS request is being made to host 'serviciosdigitales.movilidadavanzadabello.com.co'. Adding certificate verification is strongly advised. See: https://urllib3.readthedocs.io/en/latest/advanced-usage.html#tls-warnings
  warnings.warn(
/home/comparendos/venv/lib/python3.12/site-packages/urllib3/connectionpool.py:1097: InsecureRequestWarning: Unverified HTTPS request is being made to host 'serviciosdigitales.movilidadavanzadabello.com.co'. Adding certificate verification is strongly advised. See: https://urllib3.readthedocs.io/en/latest/advanced-usage.html#tls-warnings
  warnings.warn(
/home/comparendos/venv/lib/python3.12/site-packages/urllib3/connectionpool.py:1097: InsecureRequestWarning: Unverified HTTPS request is being made to host 'serviciosdigitales.movilidadavanzadabello.com.co'. Adding certificate verification is strongly advised. See: https://urllib3.readthedocs.io/en/latest/advanced-usage.html#tls-warnings
  warnings.warn(
/home/comparendos/venv/lib/python3.12/site-packages/urllib3/connectionpool.py:1097: InsecureRequestWarning: Unverified HTTPS request is being made to host 'serviciosdigitales.movilidadavanzadabello.com.co'. Adding certificate verification is strongly advised. See: https://urllib3.readthedocs.io/en/latest/advanced-usage.html#tls-warnings
  warnings.warn(
/home/comparendos/venv/lib/python3.12/site-packages/urllib3/connectionpool.py:1097: InsecureRequestWarning: Unverified HTTPS request is being made to host 'serviciosdigitales.movilidadavanzadabello.com.co'. Adding certificate verification is strongly advised. See: https://urllib3.readthedocs.io/en/latest/advanced-usage.html#tls-warnings
  warnings.warn(
/home/comparendos/venv/lib/python3.12/site-packages/urllib3/connectionpool.py:1097: InsecureRequestWarning: Unverified HTTPS request is being made to host 'serviciosdigitales.movilidadavanzadabello.com.co'. Adding certificate verification is strongly advised. See: https://urllib3.readthedocs.io/en/latest/advanced-usage.html#tls-warnings
  warnings.warn(
/home/comparendos/venv/lib/python3.12/site-packages/urllib3/connectionpool.py:1097: InsecureRequestWarning: Unverified HTTPS request is being made to host 'serviciosdigitales.movilidadavanzadabello.com.co'. Adding certificate verification is strongly advised. See: https://urllib3.readthedocs.io/en/latest/advanced-usage.html#tls-warnings
  warnings.warn(
/home/comparendos/venv/lib/python3.12/site-packages/urllib3/connectionpool.py:1097: InsecureRequestWarning: Unverified HTTPS request is being made to host 'serviciosdigitales.movilidadavanzadabello.com.co'. Adding certificate verification is strongly advised. See: https://urllib3.readthedocs.io/en/latest/advanced-usage.html#tls-warnings
  warnings.warn(
/home/comparendos/venv/lib/python3.12/site-packages/urllib3/connectionpool.py:1097: InsecureRequestWarning: Unverified HTTPS request is being made to host 'serviciosdigitales.movilidadavanzadabello.com.co'. Adding certificate verification is strongly advised. See: https://urllib3.readthedocs.io/en/latest/advanced-usage.html#tls-warnings
  warnings.warn(
/home/comparendos/venv/lib/python3.12/site-packages/urllib3/connectionpool.py:1097: InsecureRequestWarning: Unverified HTTPS request is being made to host 'serviciosdigitales.movilidadavanzadabello.com.co'. Adding certificate verification is strongly advised. See: https://urllib3.readthedocs.io/en/latest/advanced-usage.html#tls-warnings
  warnings.warn(
/home/comparendos/venv/lib/python3.12/site-packages/urllib3/connectionpool.py:1097: InsecureRequestWarning: Unverified HTTPS request is being made to host 'serviciosdigitales.movilidadavanzadabello.com.co'. Adding certificate verification is strongly advised. See: https://urllib3.readthedocs.io/en/latest/advanced-usage.html#tls-warnings
  warnings.warn(
/home/comparendos/venv/lib/python3.12/site-packages/urllib3/connectionpool.py:1097: InsecureRequestWarning: Unverified HTTPS request is being made to host 'serviciosdigitales.movilidadavanzadabello.com.co'. Adding certificate verification is strongly advised. See: https://urllib3.readthedocs.io/en/latest/advanced-usage.html#tls-warnings
  warnings.warn(
/home/comparendos/venv/lib/python3.12/site-packages/urllib3/connectionpool.py:1097: InsecureRequestWarning: Unverified HTTPS request is being made to host 'serviciosdigitales.movilidadavanzadabello.com.co'. Adding certificate verification is strongly advised. See: https://urllib3.readthedocs.io/en/latest/advanced-usage.html#tls-warnings
  warnings.warn(
/home/comparendos/venv/lib/python3.12/site-packages/urllib3/connectionpool.py:1097: InsecureRequestWarning: Unverified HTTPS request is being made to host 'serviciosdigitales.movilidadavanzadabello.com.co'. Adding certificate verification is strongly advised. See: https://urllib3.readthedocs.io/en/latest/advanced-usage.html#tls-warnings
  warnings.warn(
/home/comparendos/venv/lib/python3.12/site-packages/urllib3/connectionpool.py:1097: InsecureRequestWarning: Unverified HTTPS request is being made to host 'serviciosdigitales.movilidadavanzadabello.com.co'. Adding certificate verification is strongly advised. See: https://urllib3.readthedocs.io/en/latest/advanced-usage.html#tls-warnings
  warnings.warn(
/home/comparendos/venv/lib/python3.12/site-packages/urllib3/connectionpool.py:1097: InsecureRequestWarning: Unverified HTTPS request is being made to host 'serviciosdigitales.movilidadavanzadabello.com.co'. Adding certificate verification is strongly advised. See: https://urllib3.readthedocs.io/en/latest/advanced-usage.html#tls-warnings
  warnings.warn(
/home/comparendos/venv/lib/python3.12/site-packages/urllib3/connectionpool.py:1097: InsecureRequestWarning: Unverified HTTPS request is being made to host 'serviciosdigitales.movilidadavanzadabello.com.co'. Adding certificate verification is strongly advised. See: https://urllib3.readthedocs.io/en/latest/advanced-usage.html#tls-warnings
  warnings.warn(
/home/comparendos/venv/lib/python3.12/site-packages/urllib3/connectionpool.py:1097: InsecureRequestWarning: Unverified HTTPS request is being made to host 'serviciosdigitales.movilidadavanzadabello.com.co'. Adding certificate verification is strongly advised. See: https://urllib3.readthedocs.io/en/latest/advanced-usage.html#tls-warnings
  warnings.warn(
/home/comparendos/venv/lib/python3.12/site-packages/urllib3/connectionpool.py:1097: InsecureRequestWarning: Unverified HTTPS request is being made to host 'serviciosdigitales.movilidadavanzadabello.com.co'. Adding certificate verification is strongly advised. See: https://urllib3.readthedocs.io/en/latest/advanced-usage.html#tls-warnings
  warnings.warn(
/home/comparendos/venv/lib/python3.12/site-packages/urllib3/connectionpool.py:1097: InsecureRequestWarning: Unverified HTTPS request is being made to host 'serviciosdigitales.movilidadavanzadabello.com.co'. Adding certificate verification is strongly advised. See: https://urllib3.readthedocs.io/en/latest/advanced-usage.html#tls-warnings
  warnings.warn(
/home/comparendos/venv/lib/python3.12/site-packages/urllib3/connectionpool.py:1097: InsecureRequestWarning: Unverified HTTPS request is being made to host 'serviciosdigitales.movilidadavanzadabello.com.co'. Adding certificate verification is strongly advised. See: https://urllib3.readthedocs.io/en/latest/advanced-usage.html#tls-warnings
  warnings.warn(

Error en ITAGUI: 'NoneType' object has no attribute 'json'
Error en consulta_info_home_public para ITAGUI: HTTPSConnectionPool(host='movilidad.transitoitagui.gov.co', port=443): Read timed out. (read timeout=30)
Error en ITAGUI: 'NoneType' object has no attribute 'json'
Error en consulta_info_home_public para ITAGUI: HTTPSConnectionPool(host='movilidad.transitoitagui.gov.co', port=443): Read timed out. (read timeout=30)
Error en ITAGUI: 'NoneType' object has no attribute 'json'
Error en consulta_info_home_public para ITAGUI: HTTPSConnectionPool(host='movilidad.transitoitagui.gov.co', port=443): Read timed out. (read timeout=30)
Error en ITAGUI: 'NoneType' object has no attribute 'json'
Error en consulta_info_home_public para ITAGUI: HTTPSConnectionPool(host='movilidad.transitoitagui.gov.co', port=443): Read timed out. (read timeout=30)
Error en ITAGUI: 'NoneType' object has no attribute 'json'
Error en consulta_info_home_public para ITAGUI: HTTPSConnectionPool(host='movilidad.transitoitagui.gov.co', port=443): Read timed out. (read timeout=30)
Error en ITAGUI: 'NoneType' object has no attribute 'json'
Error en consulta_info_home_public para ITAGUI: HTTPSConnectionPool(host='movilidad.transitoitagui.gov.co', port=443): Read timed out. (read timeout=30)
Error en ITAGUI: 'NoneType' object has no attribute 'json'
El comparendo ya fue notificado previamente Documento: 1128464838 Comparendo: D05001000000054687309
Error en consulta_info_home_public para ITAGUI: HTTPSConnectionPool(host='movilidad.transitoitagui.gov.co', port=443): Read timed out. (read timeout=30)
Error en ITAGUI: 'NoneType' object has no attribute 'json'
Error en consulta_info_home_public para ITAGUI: HTTPSConnectionPool(host='movilidad.transitoitagui.gov.co', port=443): Read timed out. (read timeout=30)
Error en ITAGUI: 'NoneType' object has no attribute 'json'
Error en consulta_info_home_public para ITAGUI: HTTPSConnectionPool(host='movilidad.transitoitagui.gov.co', port=443): Read timed out. (read timeout=30)
Error en ITAGUI: 'NoneType' object has no attribute 'json'
Error en consulta_info_home_public para ITAGUI: HTTPSConnectionPool(host='movilidad.transitoitagui.gov.co', port=443): Read timed out. (read timeout=30)
Error en ITAGUI: 'NoneType' object has no attribute 'json'
Error en consulta_info_home_public para ITAGUI: HTTPSConnectionPool(host='movilidad.transitoitagui.gov.co', port=443): Read timed out. (read timeout=30)
Error en ITAGUI: 'NoneType' object has no attribute 'json'
El comparendo ya fue notificado previamente Documento: 8177781 Comparendo: D05001000000054548328
El comparendo ya fue notificado previamente Documento: 8177781 Comparendo: D05001000000054515221
Error en consulta_info_home_public para ITAGUI: HTTPSConnectionPool(host='movilidad.transitoitagui.gov.co', port=443): Read timed out. (read timeout=30)
Error en ITAGUI: 'NoneType' object has no attribute 'json'
Error en consulta_info_home_public para ITAGUI: HTTPSConnectionPool(host='movilidad.transitoitagui.gov.co', port=443): Read timed out. (read timeout=30)
Error en ITAGUI: 'NoneType' object has no attribute 'json'
Error en consulta_info_home_public para ITAGUI: HTTPSConnectionPool(host='movilidad.transitoitagui.gov.co', port=443): Read timed out. (read timeout=30)
Error en ITAGUI: 'NoneType' object has no attribute 'json'
Error en consulta_info_home_public para ITAGUI: HTTPSConnectionPool(host='movilidad.transitoitagui.gov.co', port=443): Read timed out. (read timeout=30)
Error en ITAGUI: 'NoneType' object has no attribute 'json'
Error en consulta_info_home_public para ITAGUI: HTTPSConnectionPool(host='movilidad.transitoitagui.gov.co', port=443): Read timed out. (read timeout=30)
Error en ITAGUI: 'NoneType' object has no attribute 'json'
Error en consulta_info_home_public para ITAGUI: HTTPSConnectionPool(host='movilidad.transitoitagui.gov.co', port=443): Read timed out. (read timeout=30)
Error en ITAGUI: 'NoneType' object has no attribute 'json'
Error en consulta_info_home_public para ITAGUI: HTTPSConnectionPool(host='movilidad.transitoitagui.gov.co', port=443): Read timed out. (read timeout=30)
Error en ITAGUI: 'NoneType' object has no attribute 'json'
Error en consulta_info_home_public para ITAGUI: HTTPSConnectionPool(host='movilidad.transitoitagui.gov.co', port=443): Read timed out. (read timeout=30)
Error en ITAGUI: 'NoneType' object has no attribute 'json'
Error en consulta_info_home_public para ITAGUI: HTTPSConnectionPool(host='movilidad.transitoitagui.gov.co', port=443): Read timed out. (read timeout=30)
Error en ITAGUI: 'NoneType' object has no attribute 'json'
Error en consulta_info_home_public para ITAGUI: HTTPSConnectionPool(host='movilidad.transitoitagui.gov.co', port=443): Read timed out. (read timeout=30)
Error en ITAGUI: 'NoneType' object has no attribute 'json'
Error en consulta_info_home_public para ITAGUI: HTTPSConnectionPool(host='movilidad.transitoitagui.gov.co', port=443): Read timed out. (read timeout=30)
Error en ITAGUI: 'NoneType' object has no attribute 'json'
Error en consulta_info_home_public para SABANETA: HTTPSConnectionPool(host='transitosabaneta.utsetsa.com', port=443): Read timed out. (read timeout=30)
Error en SABANETA: 'NoneType' object has no attribute 'json'
Error en consulta_info_home_public para ITAGUI: HTTPSConnectionPool(host='movilidad.transitoitagui.gov.co', port=443): Read timed out. (read timeout=30)
Error en ITAGUI: 'NoneType' object has no attribute 'json'
Error en consulta_info_home_public para ITAGUI: HTTPSConnectionPool(host='movilidad.transitoitagui.gov.co', port=443): Read timed out. (read timeout=30)
Error en ITAGUI: 'NoneType' object has no attribute 'json'
Error en consulta_info_home_public para SABANETA: HTTPSConnectionPool(host='transitosabaneta.utsetsa.com', port=443): Read timed out. (read timeout=30)
Error en SABANETA: 'NoneType' object has no attribute 'json'
Error en consulta_info_home_public para ITAGUI: HTTPSConnectionPool(host='movilidad.transitoitagui.gov.co', port=443): Read timed out. (read timeout=30)
Error en ITAGUI: 'NoneType' object has no attribute 'json'
Error en consulta_info_home_public para SABANETA: HTTPSConnectionPool(host='transitosabaneta.utsetsa.com', port=443): Read timed out. (read timeout=30)
Error en SABANETA: 'NoneType' object has no attribute 'json'
Error en consulta_info_home_public para ITAGUI: HTTPSConnectionPool(host='movilidad.transitoitagui.gov.co', port=443): Read timed out. (read timeout=30)
Error en ITAGUI: 'NoneType' object has no attribute 'json'
Error en consulta_info_home_public para SABANETA: HTTPSConnectionPool(host='transitosabaneta.utsetsa.com', port=443): Read timed out. (read timeout=30)
Error en SABANETA: 'NoneType' object has no attribute 'json'
Error en consulta_info_home_public para SABANETA: HTTPSConnectionPool(host='transitosabaneta.utsetsa.com', port=443): Read timed out. (read timeout=30)
Error en SABANETA: 'NoneType' object has no attribute 'json'
Error en consulta_info_home_public para ITAGUI: HTTPSConnectionPool(host='movilidad.transitoitagui.gov.co', port=443): Read timed out. (read timeout=30)
Error en ITAGUI: 'NoneType' object has no attribute 'json'
Error en consulta_info_home_public para SABANETA: HTTPSConnectionPool(host='transitosabaneta.utsetsa.com', port=443): Read timed out. (read timeout=30)
Error en SABANETA: 'NoneType' object has no attribute 'json'
Error en consulta_info_home_public para ITAGUI: HTTPSConnectionPool(host='movilidad.transitoitagui.gov.co', port=443): Read timed out. (read timeout=30)
Error en ITAGUI: 'NoneType' object has no attribute 'json'
Error en consulta_info_home_public para ITAGUI: HTTPSConnectionPool(host='movilidad.transitoitagui.gov.co', port=443): Read timed out. (read timeout=30)
Error en ITAGUI: 'NoneType' object has no attribute 'json'
Error en consulta_info_home_public para SABANETA: HTTPSConnectionPool(host='transitosabaneta.utsetsa.com', port=443): Read timed out. (read timeout=30)
Error en SABANETA: 'NoneType' object has no attribute 'json'
Error en consulta_info_home_public para ITAGUI: HTTPSConnectionPool(host='movilidad.transitoitagui.gov.co', port=443): Read timed out. (read timeout=30)
Error en ITAGUI: 'NoneType' object has no attribute 'json'/home/comparendos/venv/lib/python3.12/site-packages/urllib3/connectionpool.py:1097: InsecureRequestWarning: Unverified HTTPS request is being made to host 'serviciosdigitales.movilidadavanzadabello.com.co'. Adding certificate verification is strongly advised. See: https://urllib3.readthedocs.io/en/latest/advanced-usage.html#tls-warnings
  warnings.warn(
/home/comparendos/venv/lib/python3.12/site-packages/urllib3/connectionpool.py:1097: InsecureRequestWarning: Unverified HTTPS request is being made to host 'serviciosdigitales.movilidadavanzadabello.com.co'. Adding certificate verification is strongly advised. See: https://urllib3.readthedocs.io/en/latest/advanced-usage.html#tls-warnings
  warnings.warn(
/home/comparendos/venv/lib/python3.12/site-packages/urllib3/connectionpool.py:1097: InsecureRequestWarning: Unverified HTTPS request is being made to host 'serviciosdigitales.movilidadavanzadabello.com.co'. Adding certificate verification is strongly advised. See: https://urllib3.readthedocs.io/en/latest/advanced-usage.html#tls-warnings
  warnings.warn(
/home/comparendos/venv/lib/python3.12/site-packages/urllib3/connectionpool.py:1097: InsecureRequestWarning: Unverified HTTPS request is being made to host 'serviciosdigitales.movilidadavanzadabello.com.co'. Adding certificate verification is strongly advised. See: https://urllib3.readthedocs.io/en/latest/advanced-usage.html#tls-warnings
  warnings.warn(
/home/comparendos/venv/lib/python3.12/site-packages/urllib3/connectionpool.py:1097: InsecureRequestWarning: Unverified HTTPS request is being made to host 'serviciosdigitales.movilidadavanzadabello.com.co'. Adding certificate verification is strongly advised. See: https://urllib3.readthedocs.io/en/latest/advanced-usage.html#tls-warnings
  warnings.warn(
/home/comparendos/venv/lib/python3.12/site-packages/urllib3/connectionpool.py:1097: InsecureRequestWarning: Unverified HTTPS request is being made to host 'serviciosdigitales.movilidadavanzadabello.com.co'. Adding certificate verification is strongly advised. See: https://urllib3.readthedocs.io/en/latest/advanced-usage.html#tls-warnings
  warnings.warn(
/home/comparendos/venv/lib/python3.12/site-packages/urllib3/connectionpool.py:1097: InsecureRequestWarning: Unverified HTTPS request is being made to host 'serviciosdigitales.movilidadavanzadabello.com.co'. Adding certificate verification is strongly advised. See: https://urllib3.readthedocs.io/en/latest/advanced-usage.html#tls-warnings
  warnings.warn(
/home/comparendos/venv/lib/python3.12/site-packages/urllib3/connectionpool.py:1097: InsecureRequestWarning: Unverified HTTPS request is being made to host 'serviciosdigitales.movilidadavanzadabello.com.co'. Adding certificate verification is strongly advised. See: https://urllib3.readthedocs.io/en/latest/advanced-usage.html#tls-warnings
  warnings.warn(
/home/comparendos/venv/lib/python3.12/site-packages/urllib3/connectionpool.py:1097: InsecureRequestWarning: Unverified HTTPS request is being made to host 'serviciosdigitales.movilidadavanzadabello.com.co'. Adding certificate verification is strongly advised. See: https://urllib3.readthedocs.io/en/latest/advanced-usage.html#tls-warnings
  warnings.warn(
/home/comparendos/venv/lib/python3.12/site-packages/urllib3/connectionpool.py:1097: InsecureRequestWarning: Unverified HTTPS request is being made to host 'serviciosdigitales.movilidadavanzadabello.com.co'. Adding certificate verification is strongly advised. See: https://urllib3.readthedocs.io/en/latest/advanced-usage.html#tls-warnings
  warnings.warn(
/home/comparendos/venv/lib/python3.12/site-packages/urllib3/connectionpool.py:1097: InsecureRequestWarning: Unverified HTTPS request is being made to host 'serviciosdigitales.movilidadavanzadabello.com.co'. Adding certificate verification is strongly advised. See: https://urllib3.readthedocs.io/en/latest/advanced-usage.html#tls-warnings
  warnings.warn(
/home/comparendos/venv/lib/python3.12/site-packages/urllib3/connectionpool.py:1097: InsecureRequestWarning: Unverified HTTPS request is being made to host 'serviciosdigitales.movilidadavanzadabello.com.co'. Adding certificate verification is strongly advised. See: https://urllib3.readthedocs.io/en/latest/advanced-usage.html#tls-warnings
  warnings.warn(
/home/comparendos/venv/lib/python3.12/site-packages/urllib3/connectionpool.py:1097: InsecureRequestWarning: Unverified HTTPS request is being made to host 'serviciosdigitales.movilidadavanzadabello.com.co'. Adding certificate verification is strongly advised. See: https://urllib3.readthedocs.io/en/latest/advanced-usage.html#tls-warnings
  warnings.warn(
/home/comparendos/venv/lib/python3.12/site-packages/urllib3/connectionpool.py:1097: InsecureRequestWarning: Unverified HTTPS request is being made to host 'serviciosdigitales.movilidadavanzadabello.com.co'. Adding certificate verification is strongly advised. See: https://urllib3.readthedocs.io/en/latest/advanced-usage.html#tls-warnings
  warnings.warn(
/home/comparendos/venv/lib/python3.12/site-packages/urllib3/connectionpool.py:1097: InsecureRequestWarning: Unverified HTTPS request is being made to host 'serviciosdigitales.movilidadavanzadabello.com.co'. Adding certificate verification is strongly advised. See: https://urllib3.readthedocs.io/en/latest/advanced-usage.html#tls-warnings
  warnings.warn(

Error en consulta_info_home_public para SABANETA: HTTPSConnectionPool(host='transitosabaneta.utsetsa.com', port=443): Read timed out. (read timeout=30)
Error en SABANETA: 'NoneType' object has no attribute 'json'
El comparendo ya fue notificado previamente Documento: 15487105 Comparendo: D05001000000054515907
Error en consulta_info_home_public para ITAGUI: HTTPSConnectionPool(host='movilidad.transitoitagui.gov.co', port=443): Read timed out. (read timeout=30)
Error en ITAGUI: 'NoneType' object has no attribute 'json'
Error en consulta_info_home_public para SABANETA: HTTPSConnectionPool(host='transitosabaneta.utsetsa.com', port=443): Read timed out. (read timeout=30)
Error en SABANETA: 'NoneType' object has no attribute 'json'
Error en consulta_info_home_public para ITAGUI: HTTPSConnectionPool(host='movilidad.transitoitagui.gov.co', port=443): Read timed out. (read timeout=30)
Error en ITAGUI: 'NoneType' object has no attribute 'json'
Error en consulta_info_home_public para SABANETA: HTTPSConnectionPool(host='transitosabaneta.utsetsa.com', port=443): Read timed out. (read timeout=30)
Error en SABANETA: 'NoneType' object has no attribute 'json'
Error en consulta_info_home_public para SABANETA: HTTPSConnectionPool(host='transitosabaneta.utsetsa.com', port=443): Read timed out. (read timeout=30)
Error en SABANETA: 'NoneType' object has no attribute 'json'
Error en consulta_info_home_public para ITAGUI: HTTPSConnectionPool(host='movilidad.transitoitagui.gov.co', port=443): Read timed out. (read timeout=30)
Error en ITAGUI: 'NoneType' object has no attribute 'json'
Error en consulta_info_home_public para ITAGUI: HTTPSConnectionPool(host='movilidad.transitoitagui.gov.co', port=443): Read timed out. (read timeout=30)
Error en ITAGUI: 'NoneType' object has no attribute 'json'
Error en consulta_info_home_public para SABANETA: HTTPSConnectionPool(host='transitosabaneta.utsetsa.com', port=443): Read timed out. (read timeout=30)
Error en SABANETA: 'NoneType' object has no attribute 'json'
El comparendo ya fue notificado previamente Documento: 71787262 Comparendo: D05001000000051408776
El comparendo ya fue notificado previamente Documento: 71787262 Comparendo: D05001000000051360276
El comparendo ya fue notificado previamente Documento: 71787262 Comparendo: D05001000000051217112
El comparendo ya fue notificado previamente Documento: 71787262 Comparendo: D05001000000054376658
El comparendo ya fue notificado previamente Documento: 71787262 Comparendo: D05001000000054291671
El comparendo ya fue notificado previamente Documento: 71787262 Comparendo: D05001000000054264395
El comparendo ya fue notificado previamente Documento: 71787262 Comparendo: D05001000000054438752
El comparendo ya fue notificado previamente Documento: 71787262 Comparendo: D05001000000051255510
El comparendo ya fue notificado previamente Documento: 71787262 Comparendo: D05001000000048464485
El comparendo ya fue notificado previamente Documento: 71787262 Comparendo: D05001000000054331992
El comparendo ya fue notificado previamente Documento: 71787262 Comparendo: D05001000000054304556
El comparendo ya fue notificado previamente Documento: 71787262 Comparendo: D05001000000054300035
Error en consulta_info_home_public para SABANETA: HTTPSConnectionPool(host='transitosabaneta.utsetsa.com', port=443): Read timed out. (read timeout=30)
Error en SABANETA: 'NoneType' object has no attribute 'json'
Error en consulta_info_home_public para ITAGUI: HTTPSConnectionPool(host='movilidad.transitoitagui.gov.co', port=443): Read timed out. (read timeout=30)
Error en ITAGUI: 'NoneType' object has no attribute 'json'
Error en consulta_info_home_public para ITAGUI: HTTPSConnectionPool(host='movilidad.transitoitagui.gov.co', port=443): Read timed out. (read timeout=30)
Error en ITAGUI: 'NoneType' object has no attribute 'json'
Error en consulta_info_home_public para SABANETA: HTTPSConnectionPool(host='transitosabaneta.utsetsa.com', port=443): Read timed out. (read timeout=30)
Error en SABANETA: 'NoneType' object has no attribute 'json'
Error en consulta_info_home_public para ITAGUI: HTTPSConnectionPool(host='movilidad.transitoitagui.gov.co', port=443): Read timed out. (read timeout=30)
Error en ITAGUI: 'NoneType' object has no attribute 'json'
El comparendo ya fue notificado previamente Documento: 1216714512 Comparendo: D05001000000054707784
Error en consulta_info_home_public para SABANETA: HTTPSConnectionPool(host='transitosabaneta.utsetsa.com', port=443): Read timed out. (read timeout=30)
Error en SABANETA: 'NoneType' object has no attribute 'json'
Error en consulta_info_home_public para ITAGUI: HTTPSConnectionPool(host='movilidad.transitoitagui.gov.co', port=443): Read timed out. (read timeout=30)
Error en ITAGUI: 'NoneType' object has no attribute 'json'
Error en consulta_info_home_public para SABANETA: HTTPSConnectionPool(host='transitosabaneta.utsetsa.com', port=443): Read timed out. (read timeout=30)
Error en SABANETA: 'NoneType' object has no attribute 'json'
Error en consulta_info_home_public para SABANETA: HTTPSConnectionPool(host='transitosabaneta.utsetsa.com', port=443): Read timed out. (read timeout=30)
Error en SABANETA: 'NoneType' object has no attribute 'json'
Error en consulta_info_home_public para ITAGUI: HTTPSConnectionPool(host='movilidad.transitoitagui.gov.co', port=443): Read timed out. (read timeout=30)
Error en ITAGUI: 'NoneType' object has no attribute 'json'
Error en consulta_info_home_public para ITAGUI: HTTPSConnectionPool(host='movilidad.transitoitagui.gov.co', port=443): Read timed out. (read timeout=30)
Error en ITAGUI: 'NoneType' object has no attribute 'json'
Error en consulta_info_home_public para SABANETA: HTTPSConnectionPool(host='transitosabaneta.utsetsa.com', port=443): Read timed out. (read timeout=30)
Error en SABANETA: 'NoneType' object has no attribute 'json'
Error en consulta_info_home_public para ITAGUI: HTTPSConnectionPool(host='movilidad.transitoitagui.gov.co', port=443): Read timed out. (read timeout=30)
Error en ITAGUI: 'NoneType' object has no attribute 'json'
El comparendo ya fue notificado previamente Documento: 43469388 Comparendo: D05001000000054287503
El comparendo ya fue notificado previamente Documento: 43469388 Comparendo: D05001000000054524679
Error en consulta_info_home_public para SABANETA: HTTPSConnectionPool(host='transitosabaneta.utsetsa.com', port=443): Read timed out. (read timeout=30)
Error en SABANETA: 'NoneType' object has no attribute 'json'
Error en consulta_info_home_public para ITAGUI: HTTPSConnectionPool(host='movilidad.transitoitagui.gov.co', port=443): Read timed out. (read timeout=30)
Error en ITAGUI: 'NoneType' object has no attribute 'json'
Error en consulta_info_home_public para SABANETA: HTTPSConnectionPool(host='transitosabaneta.utsetsa.com', port=443): Read timed out. (read timeout=30)
Error en SABANETA: 'NoneType' object has no attribute 'json'
Error en consulta_info_home_public para SABANETA: HTTPSConnectionPool(host='transitosabaneta.utsetsa.com', port=443): Read timed out. (read timeout=30)
Error en SABANETA: 'NoneType' object has no attribute 'json'
Error en consulta_info_home_public para ITAGUI: HTTPSConnectionPool(host='movilidad.transitoitagui.gov.co', port=443): Read timed out. (read timeout=30)
Error en ITAGUI: 'NoneType' object has no attribute 'json'
El comparendo ya fue notificado previamente Documento: 1128430186 Comparendo: 05001000000051566050
El comparendo ya fue notificado previamente Documento: 1128430186 Comparendo: 05001000000051561316
El comparendo ya fue notificado previamente Documento: 1128430186 Comparendo: D05001000000051247255
Error en consulta_info_home_public para SABANETA: HTTPSConnectionPool(host='transitosabaneta.utsetsa.com', port=443): Read timed out. (read timeout=30)
Error en SABANETA: 'NoneType' object has no attribute 'json'
Error en consulta_info_home_public para ITAGUI: HTTPSConnectionPool(host='movilidad.transitoitagui.gov.co', port=443): Read timed out. (read timeout=30)
Error en ITAGUI: 'NoneType' object has no attribute 'json'
Error en consulta_info_home_public para ITAGUI: HTTPSConnectionPool(host='movilidad.transitoitagui.gov.co', port=443): Read timed out. (read timeout=30)
Error en ITAGUI: 'NoneType' object has no attribute 'json'/home/comparendos/venv/lib/python3.12/site-packages/urllib3/connectionpool.py:1097: InsecureRequestWarning: Unverified HTTPS request is being made to host 'serviciosdigitales.movilidadavanzadabello.com.co'. Adding certificate verification is strongly advised. See: https://urllib3.readthedocs.io/en/latest/advanced-usage.html#tls-warnings
  warnings.warn(
/home/comparendos/venv/lib/python3.12/site-packages/urllib3/connectionpool.py:1097: InsecureRequestWarning: Unverified HTTPS request is being made to host 'serviciosdigitales.movilidadavanzadabello.com.co'. Adding certificate verification is strongly advised. See: https://urllib3.readthedocs.io/en/latest/advanced-usage.html#tls-warnings
  warnings.warn(
/home/comparendos/venv/lib/python3.12/site-packages/urllib3/connectionpool.py:1097: InsecureRequestWarning: Unverified HTTPS request is being made to host 'serviciosdigitales.movilidadavanzadabello.com.co'. Adding certificate verification is strongly advised. See: https://urllib3.readthedocs.io/en/latest/advanced-usage.html#tls-warnings
  warnings.warn(
/home/comparendos/venv/lib/python3.12/site-packages/urllib3/connectionpool.py:1097: InsecureRequestWarning: Unverified HTTPS request is being made to host 'serviciosdigitales.movilidadavanzadabello.com.co'. Adding certificate verification is strongly advised. See: https://urllib3.readthedocs.io/en/latest/advanced-usage.html#tls-warnings
  warnings.warn(
/home/comparendos/venv/lib/python3.12/site-packages/urllib3/connectionpool.py:1097: InsecureRequestWarning: Unverified HTTPS request is being made to host 'serviciosdigitales.movilidadavanzadabello.com.co'. Adding certificate verification is strongly advised. See: https://urllib3.readthedocs.io/en/latest/advanced-usage.html#tls-warnings
  warnings.warn(
/home/comparendos/venv/lib/python3.12/site-packages/urllib3/connectionpool.py:1097: InsecureRequestWarning: Unverified HTTPS request is being made to host 'serviciosdigitales.movilidadavanzadabello.com.co'. Adding certificate verification is strongly advised. See: https://urllib3.readthedocs.io/en/latest/advanced-usage.html#tls-warnings
  warnings.warn(
/home/comparendos/venv/lib/python3.12/site-packages/urllib3/connectionpool.py:1097: InsecureRequestWarning: Unverified HTTPS request is being made to host 'serviciosdigitales.movilidadavanzadabello.com.co'. Adding certificate verification is strongly advised. See: https://urllib3.readthedocs.io/en/latest/advanced-usage.html#tls-warnings
  warnings.warn(
/home/comparendos/venv/lib/python3.12/site-packages/urllib3/connectionpool.py:1097: InsecureRequestWarning: Unverified HTTPS request is being made to host 'serviciosdigitales.movilidadavanzadabello.com.co'. Adding certificate verification is strongly advised. See: https://urllib3.readthedocs.io/en/latest/advanced-usage.html#tls-warnings
  warnings.warn(
/home/comparendos/venv/lib/python3.12/site-packages/urllib3/connectionpool.py:1097: InsecureRequestWarning: Unverified HTTPS request is being made to host 'serviciosdigitales.movilidadavanzadabello.com.co'. Adding certificate verification is strongly advised. See: https://urllib3.readthedocs.io/en/latest/advanced-usage.html#tls-warnings
  warnings.warn(
/home/comparendos/venv/lib/python3.12/site-packages/urllib3/connectionpool.py:1097: InsecureRequestWarning: Unverified HTTPS request is being made to host 'serviciosdigitales.movilidadavanzadabello.com.co'. Adding certificate verification is strongly advised. See: https://urllib3.readthedocs.io/en/latest/advanced-usage.html#tls-warnings
  warnings.warn(
/home/comparendos/venv/lib/python3.12/site-packages/urllib3/connectionpool.py:1097: InsecureRequestWarning: Unverified HTTPS request is being made to host 'serviciosdigitales.movilidadavanzadabello.com.co'. Adding certificate verification is strongly advised. See: https://urllib3.readthedocs.io/en/latest/advanced-usage.html#tls-warnings
  warnings.warn(
/home/comparendos/venv/lib/python3.12/site-packages/urllib3/connectionpool.py:1097: InsecureRequestWarning: Unverified HTTPS request is being made to host 'serviciosdigitales.movilidadavanzadabello.com.co'. Adding certificate verification is strongly advised. See: https://urllib3.readthedocs.io/en/latest/advanced-usage.html#tls-warnings
  warnings.warn(
/home/comparendos/venv/lib/python3.12/site-packages/urllib3/connectionpool.py:1097: InsecureRequestWarning: Unverified HTTPS request is being made to host 'serviciosdigitales.movilidadavanzadabello.com.co'. Adding certificate verification is strongly advised. See: https://urllib3.readthedocs.io/en/latest/advanced-usage.html#tls-warnings
  warnings.warn(
/home/comparendos/venv/lib/python3.12/site-packages/urllib3/connectionpool.py:1097: InsecureRequestWarning: Unverified HTTPS request is being made to host 'serviciosdigitales.movilidadavanzadabello.com.co'. Adding certificate verification is strongly advised. See: https://urllib3.readthedocs.io/en/latest/advanced-usage.html#tls-warnings
  warnings.warn(
/home/comparendos/venv/lib/python3.12/site-packages/urllib3/connectionpool.py:1097: InsecureRequestWarning: Unverified HTTPS request is being made to host 'serviciosdigitales.movilidadavanzadabello.com.co'. Adding certificate verification is strongly advised. See: https://urllib3.readthedocs.io/en/latest/advanced-usage.html#tls-warnings
  warnings.warn(
/home/comparendos/venv/lib/python3.12/site-packages/urllib3/connectionpool.py:1097: InsecureRequestWarning: Unverified HTTPS request is being made to host 'serviciosdigitales.movilidadavanzadabello.com.co'. Adding certificate verification is strongly advised. See: https://urllib3.readthedocs.io/en/latest/advanced-usage.html#tls-warnings
  warnings.warn(
/home/comparendos/venv/lib/python3.12/site-packages/urllib3/connectionpool.py:1097: InsecureRequestWarning: Unverified HTTPS request is being made to host 'serviciosdigitales.movilidadavanzadabello.com.co'. Adding certificate verification is strongly advised. See: https://urllib3.readthedocs.io/en/latest/advanced-usage.html#tls-warnings
  warnings.warn(
/home/comparendos/venv/lib/python3.12/site-packages/urllib3/connectionpool.py:1097: InsecureRequestWarning: Unverified HTTPS request is being made to host 'serviciosdigitales.movilidadavanzadabello.com.co'. Adding certificate verification is strongly advised. See: https://urllib3.readthedocs.io/en/latest/advanced-usage.html#tls-warnings
  warnings.warn(
/home/comparendos/venv/lib/python3.12/site-packages/urllib3/connectionpool.py:1097: InsecureRequestWarning: Unverified HTTPS request is being made to host 'serviciosdigitales.movilidadavanzadabello.com.co'. Adding certificate verification is strongly advised. See: https://urllib3.readthedocs.io/en/latest/advanced-usage.html#tls-warnings
  warnings.warn(
/home/comparendos/venv/lib/python3.12/site-packages/urllib3/connectionpool.py:1097: InsecureRequestWarning: Unverified HTTPS request is being made to host 'serviciosdigitales.movilidadavanzadabello.com.co'. Adding certificate verification is strongly advised. See: https://urllib3.readthedocs.io/en/latest/advanced-usage.html#tls-warnings
  warnings.warn(
/home/comparendos/venv/lib/python3.12/site-packages/urllib3/connectionpool.py:1097: InsecureRequestWarning: Unverified HTTPS request is being made to host 'serviciosdigitales.movilidadavanzadabello.com.co'. Adding certificate verification is strongly advised. See: https://urllib3.readthedocs.io/en/latest/advanced-usage.html#tls-warnings
  warnings.warn(
/home/comparendos/venv/lib/python3.12/site-packages/urllib3/connectionpool.py:1097: InsecureRequestWarning: Unverified HTTPS request is being made to host 'serviciosdigitales.movilidadavanzadabello.com.co'. Adding certificate verification is strongly advised. See: https://urllib3.readthedocs.io/en/latest/advanced-usage.html#tls-warnings
  warnings.warn(
/home/comparendos/venv/lib/python3.12/site-packages/urllib3/connectionpool.py:1097: InsecureRequestWarning: Unverified HTTPS request is being made to host 'serviciosdigitales.movilidadavanzadabello.com.co'. Adding certificate verification is strongly advised. See: https://urllib3.readthedocs.io/en/latest/advanced-usage.html#tls-warnings
  warnings.warn(
/home/comparendos/venv/lib/python3.12/site-packages/urllib3/connectionpool.py:1097: InsecureRequestWarning: Unverified HTTPS request is being made to host 'serviciosdigitales.movilidadavanzadabello.com.co'. Adding certificate verification is strongly advised. See: https://urllib3.readthedocs.io/en/latest/advanced-usage.html#tls-warnings
  warnings.warn(
/home/comparendos/venv/lib/python3.12/site-packages/urllib3/connectionpool.py:1097: InsecureRequestWarning: Unverified HTTPS request is being made to host 'serviciosdigitales.movilidadavanzadabello.com.co'. Adding certificate verification is strongly advised. See: https://urllib3.readthedocs.io/en/latest/advanced-usage.html#tls-warnings
  warnings.warn(
/home/comparendos/venv/lib/python3.12/site-packages/urllib3/connectionpool.py:1097: InsecureRequestWarning: Unverified HTTPS request is being made to host 'serviciosdigitales.movilidadavanzadabello.com.co'. Adding certificate verification is strongly advised. See: https://urllib3.readthedocs.io/en/latest/advanced-usage.html#tls-warnings
  warnings.warn(
/home/comparendos/venv/lib/python3.12/site-packages/urllib3/connectionpool.py:1097: InsecureRequestWarning: Unverified HTTPS request is being made to host 'serviciosdigitales.movilidadavanzadabello.com.co'. Adding certificate verification is strongly advised. See: https://urllib3.readthedocs.io/en/latest/advanced-usage.html#tls-warnings
  warnings.warn(
/home/comparendos/venv/lib/python3.12/site-packages/urllib3/connectionpool.py:1097: InsecureRequestWarning: Unverified HTTPS request is being made to host 'serviciosdigitales.movilidadavanzadabello.com.co'. Adding certificate verification is strongly advised. See: https://urllib3.readthedocs.io/en/latest/advanced-usage.html#tls-warnings
  warnings.warn(
/home/comparendos/venv/lib/python3.12/site-packages/urllib3/connectionpool.py:1097: InsecureRequestWarning: Unverified HTTPS request is being made to host 'serviciosdigitales.movilidadavanzadabello.com.co'. Adding certificate verification is strongly advised. See: https://urllib3.readthedocs.io/en/latest/advanced-usage.html#tls-warnings
  warnings.warn(
/home/comparendos/venv/lib/python3.12/site-packages/urllib3/connectionpool.py:1097: InsecureRequestWarning: Unverified HTTPS request is being made to host 'serviciosdigitales.movilidadavanzadabello.com.co'. Adding certificate verification is strongly advised. See: https://urllib3.readthedocs.io/en/latest/advanced-usage.html#tls-warnings
  warnings.warn(
/home/comparendos/venv/lib/python3.12/site-packages/urllib3/connectionpool.py:1097: InsecureRequestWarning: Unverified HTTPS request is being made to host 'serviciosdigitales.movilidadavanzadabello.com.co'. Adding certificate verification is strongly advised. See: https://urllib3.readthedocs.io/en/latest/advanced-usage.html#tls-warnings
  warnings.warn(
/home/comparendos/venv/lib/python3.12/site-packages/urllib3/connectionpool.py:1097: InsecureRequestWarning: Unverified HTTPS request is being made to host 'serviciosdigitales.movilidadavanzadabello.com.co'. Adding certificate verification is strongly advised. See: https://urllib3.readthedocs.io/en/latest/advanced-usage.html#tls-warnings
  warnings.warn(
/home/comparendos/venv/lib/python3.12/site-packages/urllib3/connectionpool.py:1097: InsecureRequestWarning: Unverified HTTPS request is being made to host 'serviciosdigitales.movilidadavanzadabello.com.co'. Adding certificate verification is strongly advised. See: https://urllib3.readthedocs.io/en/latest/advanced-usage.html#tls-warnings
  warnings.warn(

Error en consulta_info_home_public para SABANETA: HTTPSConnectionPool(host='transitosabaneta.utsetsa.com', port=443): Read timed out. (read timeout=30)
Error en SABANETA: 'NoneType' object has no attribute 'json'
Error en consulta_info_home_public para SABANETA: HTTPSConnectionPool(host='transitosabaneta.utsetsa.com', port=443): Read timed out. (read timeout=30)
Error en SABANETA: 'NoneType' object has no attribute 'json'
Error en consulta_info_home_public para ITAGUI: HTTPSConnectionPool(host='movilidad.transitoitagui.gov.co', port=443): Read timed out. (read timeout=30)
Error en ITAGUI: 'NoneType' object has no attribute 'json'
Error en consulta_info_home_public para SABANETA: HTTPSConnectionPool(host='transitosabaneta.utsetsa.com', port=443): Read timed out. (read timeout=30)
Error en SABANETA: 'NoneType' object has no attribute 'json'
Error en consulta_info_home_public para ITAGUI: HTTPSConnectionPool(host='movilidad.transitoitagui.gov.co', port=443): Read timed out. (read timeout=30)
Error en ITAGUI: 'NoneType' object has no attribute 'json'
Error en consulta_info_home_public para ITAGUI: HTTPSConnectionPool(host='movilidad.transitoitagui.gov.co', port=443): Read timed out. (read timeout=30)
Error en ITAGUI: 'NoneType' object has no attribute 'json'
Error en consulta_info_home_public para ITAGUI: HTTPSConnectionPool(host='movilidad.transitoitagui.gov.co', port=443): Read timed out. (read timeout=30)
Error en ITAGUI: 'NoneType' object has no attribute 'json'
Error en consulta_info_home_public para ITAGUI: HTTPSConnectionPool(host='movilidad.transitoitagui.gov.co', port=443): Read timed out. (read timeout=30)
Error en ITAGUI: 'NoneType' object has no attribute 'json'
Error en consulta_info_home_public para ITAGUI: HTTPSConnectionPool(host='movilidad.transitoitagui.gov.co', port=443): Read timed out. (read timeout=30)
Error en ITAGUI: 'NoneType' object has no attribute 'json'
Error en consulta_info_home_public para ITAGUI: HTTPSConnectionPool(host='movilidad.transitoitagui.gov.co', port=443): Read timed out. (read timeout=30)
Error en ITAGUI: 'NoneType' object has no attribute 'json'
Error en consulta_info_home_public para ITAGUI: HTTPSConnectionPool(host='movilidad.transitoitagui.gov.co', port=443): Read timed out. (read timeout=30)
Error en ITAGUI: 'NoneType' object has no attribute 'json'
Error en consulta_info_home_public para ITAGUI: HTTPSConnectionPool(host='movilidad.transitoitagui.gov.co', port=443): Read timed out. (read timeout=30)
Error en ITAGUI: 'NoneType' object has no attribute 'json'
Error en consulta_info_home_public para ITAGUI: HTTPSConnectionPool(host='movilidad.transitoitagui.gov.co', port=443): Read timed out. (read timeout=30)
Error en ITAGUI: 'NoneType' object has no attribute 'json'
Error en consulta_info_home_public para ITAGUI: HTTPSConnectionPool(host='movilidad.transitoitagui.gov.co', port=443): Read timed out. (read timeout=30)
Error en ITAGUI: 'NoneType' object has no attribute 'json'
El comparendo ya fue notificado previamente Documento: 70167057 Comparendo: D05001000000054536678
Error en consulta_info_home_public para ITAGUI: HTTPSConnectionPool(host='movilidad.transitoitagui.gov.co', port=443): Read timed out. (read timeout=30)
Error en ITAGUI: 'NoneType' object has no attribute 'json'
El comparendo ya fue notificado previamente Documento: 1152470565 Comparendo: D05001000000054338175
El comparendo ya fue notificado previamente Documento: 1152470565 Comparendo: D05001000000054630251
El comparendo ya fue notificado previamente Documento: 1152470565 Comparendo: D05001000000054688455
Error en consulta_info_home_public para ITAGUI: HTTPSConnectionPool(host='movilidad.transitoitagui.gov.co', port=443): Read timed out. (read timeout=30)
Error en ITAGUI: 'NoneType' object has no attribute 'json'
Error en consulta_info_home_public para ITAGUI: HTTPSConnectionPool(host='movilidad.transitoitagui.gov.co', port=443): Read timed out. (read timeout=30)
Error en ITAGUI: 'NoneType' object has no attribute 'json'
Error en consulta_info_home_public para ITAGUI: HTTPSConnectionPool(host='movilidad.transitoitagui.gov.co', port=443): Read timed out. (read timeout=30)
Error en ITAGUI: 'NoneType' object has no attribute 'json'
Error en consulta_info_home_public para ITAGUI: HTTPSConnectionPool(host='movilidad.transitoitagui.gov.co', port=443): Read timed out. (read timeout=30)
Error en ITAGUI: 'NoneType' object has no attribute 'json'
Error en consulta_info_home_public para ITAGUI: HTTPSConnectionPool(host='movilidad.transitoitagui.gov.co', port=443): Read timed out. (read timeout=30)
Error en ITAGUI: 'NoneType' object has no attribute 'json'
Error en consulta_info_home_public para ITAGUI: HTTPSConnectionPool(host='movilidad.transitoitagui.gov.co', port=443): Read timed out. (read timeout=30)
Error en ITAGUI: 'NoneType' object has no attribute 'json'
Error en consulta_info_home_public para ITAGUI: HTTPSConnectionPool(host='movilidad.transitoitagui.gov.co', port=443): Read timed out. (read timeout=30)
Error en ITAGUI: 'NoneType' object has no attribute 'json'
Error en consulta_info_home_public para ITAGUI: HTTPSConnectionPool(host='movilidad.transitoitagui.gov.co', port=443): Read timed out. (read timeout=30)
Error en ITAGUI: 'NoneType' object has no attribute 'json'
Error en consulta_info_home_public para ITAGUI: HTTPSConnectionPool(host='movilidad.transitoitagui.gov.co', port=443): Read timed out. (read timeout=30)
Error en ITAGUI: 'NoneType' object has no attribute 'json'
Error en consulta_info_home_public para ITAGUI: HTTPSConnectionPool(host='movilidad.transitoitagui.gov.co', port=443): Read timed out. (read timeout=30)
Error en ITAGUI: 'NoneType' object has no attribute 'json'
Error en consulta_info_home_public para ITAGUI: HTTPSConnectionPool(host='movilidad.transitoitagui.gov.co', port=443): Read timed out. (read timeout=30)
Error en ITAGUI: 'NoneType' object has no attribute 'json'
Error en consulta_info_home_public para ITAGUI: HTTPSConnectionPool(host='movilidad.transitoitagui.gov.co', port=443): Read timed out. (read timeout=30)
Error en ITAGUI: 'NoneType' object has no attribute 'json'
Error en consulta_info_home_public para ITAGUI: HTTPSConnectionPool(host='movilidad.transitoitagui.gov.co', port=443): Read timed out. (read timeout=30)
Error en ITAGUI: 'NoneType' object has no attribute 'json'
Error en consulta_info_home_public para ITAGUI: HTTPSConnectionPool(host='movilidad.transitoitagui.gov.co', port=443): Read timed out. (read timeout=30)
Error en ITAGUI: 'NoneType' object has no attribute 'json'
Error en consulta_info_home_public para ITAGUI: HTTPSConnectionPool(host='movilidad.transitoitagui.gov.co', port=443): Read timed out. (read timeout=30)
Error en ITAGUI: 'NoneType' object has no attribute 'json'
Error en consulta_info_home_public para SABANETA: HTTPSConnectionPool(host='transitosabaneta.utsetsa.com', port=443): Read timed out. (read timeout=30)
Error en SABANETA: 'NoneType' object has no attribute 'json'
Error en consulta_info_home_public para ITAGUI: HTTPSConnectionPool(host='movilidad.transitoitagui.gov.co', port=443): Read timed out. (read timeout=30)
Error en ITAGUI: 'NoneType' object has no attribute 'json'
Error en consulta_info_home_public para ITAGUI: HTTPSConnectionPool(host='movilidad.transitoitagui.gov.co', port=443): Read timed out. (read timeout=30)
Error en ITAGUI: 'NoneType' object has no attribute 'json'
Error en consulta_info_home_public para ITAGUI: HTTPSConnectionPool(host='movilidad.transitoitagui.gov.co', port=443): Read timed out. (read timeout=30)
Error en ITAGUI: 'NoneType' object has no attribute 'json'
Error en consulta_info_home_public para ITAGUI: HTTPSConnectionPool(host='movilidad.transitoitagui.gov.co', port=443): Read timed out. (read timeout=30)
Error en ITAGUI: 'NoneType' object has no attribute 'json'
Error en consulta_info_home_public para ITAGUI: HTTPSConnectionPool(host='movilidad.transitoitagui.gov.co', port=443): Read timed out. (read timeout=30)
Error en ITAGUI: 'NoneType' object has no attribute 'json'
Error en consulta_info_home_public para ITAGUI: HTTPSConnectionPool(host='movilidad.transitoitagui.gov.co', port=443): Read timed out. (read timeout=30)
Error en ITAGUI: 'NoneType' object has no attribute 'json'/home/comparendos/venv/lib/python3.12/site-packages/urllib3/connectionpool.py:1097: InsecureRequestWarning: Unverified HTTPS request is being made to host 'serviciosdigitales.movilidadavanzadabello.com.co'. Adding certificate verification is strongly advised. See: https://urllib3.readthedocs.io/en/latest/advanced-usage.html#tls-warnings
  warnings.warn(
/home/comparendos/venv/lib/python3.12/site-packages/urllib3/connectionpool.py:1097: InsecureRequestWarning: Unverified HTTPS request is being made to host 'serviciosdigitales.movilidadavanzadabello.com.co'. Adding certificate verification is strongly advised. See: https://urllib3.readthedocs.io/en/latest/advanced-usage.html#tls-warnings
  warnings.warn(
/home/comparendos/venv/lib/python3.12/site-packages/urllib3/connectionpool.py:1097: InsecureRequestWarning: Unverified HTTPS request is being made to host 'serviciosdigitales.movilidadavanzadabello.com.co'. Adding certificate verification is strongly advised. See: https://urllib3.readthedocs.io/en/latest/advanced-usage.html#tls-warnings
  warnings.warn(
/home/comparendos/venv/lib/python3.12/site-packages/urllib3/connectionpool.py:1097: InsecureRequestWarning: Unverified HTTPS request is being made to host 'serviciosdigitales.movilidadavanzadabello.com.co'. Adding certificate verification is strongly advised. See: https://urllib3.readthedocs.io/en/latest/advanced-usage.html#tls-warnings
  warnings.warn(
/home/comparendos/venv/lib/python3.12/site-packages/urllib3/connectionpool.py:1097: InsecureRequestWarning: Unverified HTTPS request is being made to host 'serviciosdigitales.movilidadavanzadabello.com.co'. Adding certificate verification is strongly advised. See: https://urllib3.readthedocs.io/en/latest/advanced-usage.html#tls-warnings
  warnings.warn(
/home/comparendos/venv/lib/python3.12/site-packages/urllib3/connectionpool.py:1097: InsecureRequestWarning: Unverified HTTPS request is being made to host 'serviciosdigitales.movilidadavanzadabello.com.co'. Adding certificate verification is strongly advised. See: https://urllib3.readthedocs.io/en/latest/advanced-usage.html#tls-warnings
  warnings.warn(
/home/comparendos/venv/lib/python3.12/site-packages/urllib3/connectionpool.py:1097: InsecureRequestWarning: Unverified HTTPS request is being made to host 'serviciosdigitales.movilidadavanzadabello.com.co'. Adding certificate verification is strongly advised. See: https://urllib3.readthedocs.io/en/latest/advanced-usage.html#tls-warnings
  warnings.warn(
/home/comparendos/venv/lib/python3.12/site-packages/urllib3/connectionpool.py:1097: InsecureRequestWarning: Unverified HTTPS request is being made to host 'serviciosdigitales.movilidadavanzadabello.com.co'. Adding certificate verification is strongly advised. See: https://urllib3.readthedocs.io/en/latest/advanced-usage.html#tls-warnings
  warnings.warn(
/home/comparendos/venv/lib/python3.12/site-packages/urllib3/connectionpool.py:1097: InsecureRequestWarning: Unverified HTTPS request is being made to host 'serviciosdigitales.movilidadavanzadabello.com.co'. Adding certificate verification is strongly advised. See: https://urllib3.readthedocs.io/en/latest/advanced-usage.html#tls-warnings
  warnings.warn(
/home/comparendos/venv/lib/python3.12/site-packages/urllib3/connectionpool.py:1097: InsecureRequestWarning: Unverified HTTPS request is being made to host 'serviciosdigitales.movilidadavanzadabello.com.co'. Adding certificate verification is strongly advised. See: https://urllib3.readthedocs.io/en/latest/advanced-usage.html#tls-warnings
  warnings.warn(
/home/comparendos/venv/lib/python3.12/site-packages/urllib3/connectionpool.py:1097: InsecureRequestWarning: Unverified HTTPS request is being made to host 'serviciosdigitales.movilidadavanzadabello.com.co'. Adding certificate verification is strongly advised. See: https://urllib3.readthedocs.io/en/latest/advanced-usage.html#tls-warnings
  warnings.warn(
/home/comparendos/venv/lib/python3.12/site-packages/urllib3/connectionpool.py:1097: InsecureRequestWarning: Unverified HTTPS request is being made to host 'serviciosdigitales.movilidadavanzadabello.com.co'. Adding certificate verification is strongly advised. See: https://urllib3.readthedocs.io/en/latest/advanced-usage.html#tls-warnings
  warnings.warn(
/home/comparendos/venv/lib/python3.12/site-packages/urllib3/connectionpool.py:1097: InsecureRequestWarning: Unverified HTTPS request is being made to host 'serviciosdigitales.movilidadavanzadabello.com.co'. Adding certificate verification is strongly advised. See: https://urllib3.readthedocs.io/en/latest/advanced-usage.html#tls-warnings
  warnings.warn(
/home/comparendos/venv/lib/python3.12/site-packages/urllib3/connectionpool.py:1097: InsecureRequestWarning: Unverified HTTPS request is being made to host 'serviciosdigitales.movilidadavanzadabello.com.co'. Adding certificate verification is strongly advised. See: https://urllib3.readthedocs.io/en/latest/advanced-usage.html#tls-warnings
  warnings.warn(
/home/comparendos/venv/lib/python3.12/site-packages/urllib3/connectionpool.py:1097: InsecureRequestWarning: Unverified HTTPS request is being made to host 'serviciosdigitales.movilidadavanzadabello.com.co'. Adding certificate verification is strongly advised. See: https://urllib3.readthedocs.io/en/latest/advanced-usage.html#tls-warnings
  warnings.warn(
/home/comparendos/venv/lib/python3.12/site-packages/urllib3/connectionpool.py:1097: InsecureRequestWarning: Unverified HTTPS request is being made to host 'serviciosdigitales.movilidadavanzadabello.com.co'. Adding certificate verification is strongly advised. See: https://urllib3.readthedocs.io/en/latest/advanced-usage.html#tls-warnings
  warnings.warn(
/home/comparendos/venv/lib/python3.12/site-packages/urllib3/connectionpool.py:1097: InsecureRequestWarning: Unverified HTTPS request is being made to host 'serviciosdigitales.movilidadavanzadabello.com.co'. Adding certificate verification is strongly advised. See: https://urllib3.readthedocs.io/en/latest/advanced-usage.html#tls-warnings
  warnings.warn(
/home/comparendos/venv/lib/python3.12/site-packages/urllib3/connectionpool.py:1097: InsecureRequestWarning: Unverified HTTPS request is being made to host 'serviciosdigitales.movilidadavanzadabello.com.co'. Adding certificate verification is strongly advised. See: https://urllib3.readthedocs.io/en/latest/advanced-usage.html#tls-warnings
  warnings.warn(
/home/comparendos/venv/lib/python3.12/site-packages/urllib3/connectionpool.py:1097: InsecureRequestWarning: Unverified HTTPS request is being made to host 'serviciosdigitales.movilidadavanzadabello.com.co'. Adding certificate verification is strongly advised. See: https://urllib3.readthedocs.io/en/latest/advanced-usage.html#tls-warnings
  warnings.warn(
/home/comparendos/venv/lib/python3.12/site-packages/urllib3/connectionpool.py:1097: InsecureRequestWarning: Unverified HTTPS request is being made to host 'serviciosdigitales.movilidadavanzadabello.com.co'. Adding certificate verification is strongly advised. See: https://urllib3.readthedocs.io/en/latest/advanced-usage.html#tls-warnings
  warnings.warn(
/home/comparendos/venv/lib/python3.12/site-packages/urllib3/connectionpool.py:1097: InsecureRequestWarning: Unverified HTTPS request is being made to host 'serviciosdigitales.movilidadavanzadabello.com.co'. Adding certificate verification is strongly advised. See: https://urllib3.readthedocs.io/en/latest/advanced-usage.html#tls-warnings
  warnings.warn(
/home/comparendos/venv/lib/python3.12/site-packages/urllib3/connectionpool.py:1097: InsecureRequestWarning: Unverified HTTPS request is being made to host 'serviciosdigitales.movilidadavanzadabello.com.co'. Adding certificate verification is strongly advised. See: https://urllib3.readthedocs.io/en/latest/advanced-usage.html#tls-warnings
  warnings.warn(
/home/comparendos/venv/lib/python3.12/site-packages/urllib3/connectionpool.py:1097: InsecureRequestWarning: Unverified HTTPS request is being made to host 'serviciosdigitales.movilidadavanzadabello.com.co'. Adding certificate verification is strongly advised. See: https://urllib3.readthedocs.io/en/latest/advanced-usage.html#tls-warnings
  warnings.warn(
/home/comparendos/venv/lib/python3.12/site-packages/urllib3/connectionpool.py:1097: InsecureRequestWarning: Unverified HTTPS request is being made to host 'serviciosdigitales.movilidadavanzadabello.com.co'. Adding certificate verification is strongly advised. See: https://urllib3.readthedocs.io/en/latest/advanced-usage.html#tls-warnings
  warnings.warn(
/home/comparendos/venv/lib/python3.12/site-packages/urllib3/connectionpool.py:1097: InsecureRequestWarning: Unverified HTTPS request is being made to host 'serviciosdigitales.movilidadavanzadabello.com.co'. Adding certificate verification is strongly advised. See: https://urllib3.readthedocs.io/en/latest/advanced-usage.html#tls-warnings
  warnings.warn(
/home/comparendos/venv/lib/python3.12/site-packages/urllib3/connectionpool.py:1097: InsecureRequestWarning: Unverified HTTPS request is being made to host 'serviciosdigitales.movilidadavanzadabello.com.co'. Adding certificate verification is strongly advised. See: https://urllib3.readthedocs.io/en/latest/advanced-usage.html#tls-warnings
  warnings.warn(
/home/comparendos/venv/lib/python3.12/site-packages/urllib3/connectionpool.py:1097: InsecureRequestWarning: Unverified HTTPS request is being made to host 'serviciosdigitales.movilidadavanzadabello.com.co'. Adding certificate verification is strongly advised. See: https://urllib3.readthedocs.io/en/latest/advanced-usage.html#tls-warnings
  warnings.warn(
/home/comparendos/venv/lib/python3.12/site-packages/urllib3/connectionpool.py:1097: InsecureRequestWarning: Unverified HTTPS request is being made to host 'serviciosdigitales.movilidadavanzadabello.com.co'. Adding certificate verification is strongly advised. See: https://urllib3.readthedocs.io/en/latest/advanced-usage.html#tls-warnings
  warnings.warn(
/home/comparendos/venv/lib/python3.12/site-packages/urllib3/connectionpool.py:1097: InsecureRequestWarning: Unverified HTTPS request is being made to host 'serviciosdigitales.movilidadavanzadabello.com.co'. Adding certificate verification is strongly advised. See: https://urllib3.readthedocs.io/en/latest/advanced-usage.html#tls-warnings
  warnings.warn(
/home/comparendos/venv/lib/python3.12/site-packages/urllib3/connectionpool.py:1097: InsecureRequestWarning: Unverified HTTPS request is being made to host 'serviciosdigitales.movilidadavanzadabello.com.co'. Adding certificate verification is strongly advised. See: https://urllib3.readthedocs.io/en/latest/advanced-usage.html#tls-warnings
  warnings.warn(
/home/comparendos/venv/lib/python3.12/site-packages/urllib3/connectionpool.py:1097: InsecureRequestWarning: Unverified HTTPS request is being made to host 'serviciosdigitales.movilidadavanzadabello.com.co'. Adding certificate verification is strongly advised. See: https://urllib3.readthedocs.io/en/latest/advanced-usage.html#tls-warnings
  warnings.warn(
/home/comparendos/venv/lib/python3.12/site-packages/urllib3/connectionpool.py:1097: InsecureRequestWarning: Unverified HTTPS request is being made to host 'serviciosdigitales.movilidadavanzadabello.com.co'. Adding certificate verification is strongly advised. See: https://urllib3.readthedocs.io/en/latest/advanced-usage.html#tls-warnings
  warnings.warn(
/home/comparendos/venv/lib/python3.12/site-packages/urllib3/connectionpool.py:1097: InsecureRequestWarning: Unverified HTTPS request is being made to host 'serviciosdigitales.movilidadavanzadabello.com.co'. Adding certificate verification is strongly advised. See: https://urllib3.readthedocs.io/en/latest/advanced-usage.html#tls-warnings
  warnings.warn(
/home/comparendos/venv/lib/python3.12/site-packages/urllib3/connectionpool.py:1097: InsecureRequestWarning: Unverified HTTPS request is being made to host 'serviciosdigitales.movilidadavanzadabello.com.co'. Adding certificate verification is strongly advised. See: https://urllib3.readthedocs.io/en/latest/advanced-usage.html#tls-warnings
  warnings.warn(
/home/comparendos/venv/lib/python3.12/site-packages/urllib3/connectionpool.py:1097: InsecureRequestWarning: Unverified HTTPS request is being made to host 'serviciosdigitales.movilidadavanzadabello.com.co'. Adding certificate verification is strongly advised. See: https://urllib3.readthedocs.io/en/latest/advanced-usage.html#tls-warnings
  warnings.warn(
/home/comparendos/venv/lib/python3.12/site-packages/urllib3/connectionpool.py:1097: InsecureRequestWarning: Unverified HTTPS request is being made to host 'serviciosdigitales.movilidadavanzadabello.com.co'. Adding certificate verification is strongly advised. See: https://urllib3.readthedocs.io/en/latest/advanced-usage.html#tls-warnings
  warnings.warn(
/home/comparendos/venv/lib/python3.12/site-packages/urllib3/connectionpool.py:1097: InsecureRequestWarning: Unverified HTTPS request is being made to host 'serviciosdigitales.movilidadavanzadabello.com.co'. Adding certificate verification is strongly advised. See: https://urllib3.readthedocs.io/en/latest/advanced-usage.html#tls-warnings
  warnings.warn(

Error en consulta_info_home_public para ITAGUI: HTTPSConnectionPool(host='movilidad.transitoitagui.gov.co', port=443): Read timed out. (read timeout=30)
Error en ITAGUI: 'NoneType' object has no attribute 'json'
Error en consulta_info_home_public para ITAGUI: HTTPSConnectionPool(host='movilidad.transitoitagui.gov.co', port=443): Read timed out. (read timeout=30)
Error en ITAGUI: 'NoneType' object has no attribute 'json'
Error en consulta_info_home_public para ITAGUI: HTTPSConnectionPool(host='movilidad.transitoitagui.gov.co', port=443): Read timed out. (read timeout=30)
Error en ITAGUI: 'NoneType' object has no attribute 'json'
Error en consulta_info_home_public para SABANETA: HTTPSConnectionPool(host='transitosabaneta.utsetsa.com', port=443): Read timed out. (read timeout=30)
Error en SABANETA: 'NoneType' object has no attribute 'json'
Error en consulta_info_home_public para ITAGUI: HTTPSConnectionPool(host='movilidad.transitoitagui.gov.co', port=443): Read timed out. (read timeout=30)
Error en ITAGUI: 'NoneType' object has no attribute 'json'
Error en consulta_info_home_public para ITAGUI: HTTPSConnectionPool(host='movilidad.transitoitagui.gov.co', port=443): Read timed out. (read timeout=30)
Error en ITAGUI: 'NoneType' object has no attribute 'json'
Error en consulta_info_home_public para ITAGUI: HTTPSConnectionPool(host='movilidad.transitoitagui.gov.co', port=443): Read timed out. (read timeout=30)
Error en ITAGUI: 'NoneType' object has no attribute 'json'
Error en consulta_info_home_public para ITAGUI: HTTPSConnectionPool(host='movilidad.transitoitagui.gov.co', port=443): Read timed out. (read timeout=30)
Error en ITAGUI: 'NoneType' object has no attribute 'json'
Error en consulta_info_home_public para ITAGUI: HTTPSConnectionPool(host='movilidad.transitoitagui.gov.co', port=443): Read timed out. (read timeout=30)
Error en ITAGUI: 'NoneType' object has no attribute 'json'
Error en consulta_info_home_public para ITAGUI: HTTPSConnectionPool(host='movilidad.transitoitagui.gov.co', port=443): Read timed out. (read timeout=30)
Error en ITAGUI: 'NoneType' object has no attribute 'json'
Error en consulta_info_home_public para ITAGUI: HTTPSConnectionPool(host='movilidad.transitoitagui.gov.co', port=443): Read timed out. (read timeout=30)
Error en ITAGUI: 'NoneType' object has no attribute 'json'
Error en consulta_info_home_public para ITAGUI: HTTPSConnectionPool(host='movilidad.transitoitagui.gov.co', port=443): Read timed out. (read timeout=30)
Error en ITAGUI: 'NoneType' object has no attribute 'json'
Error en consulta_info_home_public para ITAGUI: HTTPSConnectionPool(host='movilidad.transitoitagui.gov.co', port=443): Read timed out. (read timeout=30)
Error en ITAGUI: 'NoneType' object has no attribute 'json'
Error en consulta_info_home_public para ITAGUI: HTTPSConnectionPool(host='movilidad.transitoitagui.gov.co', port=443): Read timed out. (read timeout=30)
Error en ITAGUI: 'NoneType' object has no attribute 'json'
Error en consulta_info_home_public para ITAGUI: HTTPSConnectionPool(host='movilidad.transitoitagui.gov.co', port=443): Read timed out. (read timeout=30)
Error en ITAGUI: 'NoneType' object has no attribute 'json'
Error en consulta_info_home_public para ITAGUI: HTTPSConnectionPool(host='movilidad.transitoitagui.gov.co', port=443): Read timed out. (read timeout=30)
Error en ITAGUI: 'NoneType' object has no attribute 'json'
Error en consulta_info_home_public para ITAGUI: HTTPSConnectionPool(host='movilidad.transitoitagui.gov.co', port=443): Read timed out. (read timeout=30)
Error en ITAGUI: 'NoneType' object has no attribute 'json'
Error en consulta_info_home_public para ITAGUI: HTTPSConnectionPool(host='movilidad.transitoitagui.gov.co', port=443): Read timed out. (read timeout=30)
Error en ITAGUI: 'NoneType' object has no attribute 'json'
Error en consulta_info_home_public para ITAGUI: HTTPSConnectionPool(host='movilidad.transitoitagui.gov.co', port=443): Read timed out. (read timeout=30)
Error en ITAGUI: 'NoneType' object has no attribute 'json'
Error en consulta_info_home_public para ITAGUI: HTTPSConnectionPool(host='movilidad.transitoitagui.gov.co', port=443): Read timed out. (read timeout=30)
Error en ITAGUI: 'NoneType' object has no attribute 'json'
Error en consulta_info_home_public para ITAGUI: HTTPSConnectionPool(host='movilidad.transitoitagui.gov.co', port=443): Read timed out. (read timeout=30)
Error en ITAGUI: 'NoneType' object has no attribute 'json'
Error en consulta_info_home_public para ITAGUI: HTTPSConnectionPool(host='movilidad.transitoitagui.gov.co', port=443): Read timed out. (read timeout=30)
Error en ITAGUI: 'NoneType' object has no attribute 'json'
Error en consulta_info_home_public para ITAGUI: HTTPSConnectionPool(host='movilidad.transitoitagui.gov.co', port=443): Read timed out. (read timeout=30)
Error en ITAGUI: 'NoneType' object has no attribute 'json'
Error en consulta_info_home_public para ITAGUI: HTTPSConnectionPool(host='movilidad.transitoitagui.gov.co', port=443): Read timed out. (read timeout=30)
Error en ITAGUI: 'NoneType' object has no attribute 'json'
Error en consulta_info_home_public para SABANETA: HTTPSConnectionPool(host='transitosabaneta.utsetsa.com', port=443): Read timed out. (read timeout=30)
Error en SABANETA: 'NoneType' object has no attribute 'json'
Error en consulta_info_home_public para ITAGUI: HTTPSConnectionPool(host='movilidad.transitoitagui.gov.co', port=443): Read timed out. (read timeout=30)
Error en ITAGUI: 'NoneType' object has no attribute 'json'
Error en consulta_info_home_public para ITAGUI: HTTPSConnectionPool(host='movilidad.transitoitagui.gov.co', port=443): Read timed out. (read timeout=30)
Error en ITAGUI: 'NoneType' object has no attribute 'json'
Error en consulta_info_home_public para ITAGUI: HTTPSConnectionPool(host='movilidad.transitoitagui.gov.co', port=443): Read timed out. (read timeout=30)
Error en ITAGUI: 'NoneType' object has no attribute 'json'
Error en consulta_info_home_public para ITAGUI: HTTPSConnectionPool(host='movilidad.transitoitagui.gov.co', port=443): Read timed out. (read timeout=30)
Error en ITAGUI: 'NoneType' object has no attribute 'json'
Error en consulta_info_home_public para ITAGUI: HTTPSConnectionPool(host='movilidad.transitoitagui.gov.co', port=443): Read timed out. (read timeout=30)
Error en ITAGUI: 'NoneType' object has no attribute 'json'
Error en consulta_info_home_public para ITAGUI: HTTPSConnectionPool(host='movilidad.transitoitagui.gov.co', port=443): Read timed out. (read timeout=30)
Error en ITAGUI: 'NoneType' object has no attribute 'json'
Error en consulta_info_home_public para ITAGUI: HTTPSConnectionPool(host='movilidad.transitoitagui.gov.co', port=443): Read timed out. (read timeout=30)
Error en ITAGUI: 'NoneType' object has no attribute 'json'
Error en consulta_info_home_public para ITAGUI: HTTPSConnectionPool(host='movilidad.transitoitagui.gov.co', port=443): Read timed out. (read timeout=30)
Error en ITAGUI: 'NoneType' object has no attribute 'json'
Error en consulta_info_home_public para ITAGUI: HTTPSConnectionPool(host='movilidad.transitoitagui.gov.co', port=443): Read timed out. (read timeout=30)
Error en ITAGUI: 'NoneType' object has no attribute 'json'
Error en consulta_info_home_public para ITAGUI: HTTPSConnectionPool(host='movilidad.transitoitagui.gov.co', port=443): Read timed out. (read timeout=30)
Error en ITAGUI: 'NoneType' object has no attribute 'json'
El comparendo ya fue notificado previamente Documento: 98672488 Comparendo: D05001000000054259029
Error en consulta_info_home_public para ITAGUI: HTTPSConnectionPool(host='movilidad.transitoitagui.gov.co', port=443): Read timed out. (read timeout=30)
Error en ITAGUI: 'NoneType' object has no attribute 'json'
Error en consulta_info_home_public para ITAGUI: HTTPSConnectionPool(host='movilidad.transitoitagui.gov.co', port=443): Read timed out. (read timeout=30)
Error en ITAGUI: 'NoneType' object has no attribute 'json'
Error en consulta_info_home_public para ITAGUI: HTTPSConnectionPool(host='movilidad.transitoitagui.gov.co', port=443): Read timed out. (read timeout=30)
Error en ITAGUI: 'NoneType' object has no attribute 'json'
Error en consulta_info_home_public para ITAGUI: HTTPSConnectionPool(host='movilidad.transitoitagui.gov.co', port=443): Read timed out. (read timeout=30)/home/comparendos/venv/lib/python3.12/site-packages/urllib3/connectionpool.py:1097: InsecureRequestWarning: Unverified HTTPS request is being made to host 'serviciosdigitales.movilidadavanzadabello.com.co'. Adding certificate verification is strongly advised. See: https://urllib3.readthedocs.io/en/latest/advanced-usage.html#tls-warnings
  warnings.warn(
/home/comparendos/venv/lib/python3.12/site-packages/urllib3/connectionpool.py:1097: InsecureRequestWarning: Unverified HTTPS request is being made to host 'serviciosdigitales.movilidadavanzadabello.com.co'. Adding certificate verification is strongly advised. See: https://urllib3.readthedocs.io/en/latest/advanced-usage.html#tls-warnings
  warnings.warn(
/home/comparendos/venv/lib/python3.12/site-packages/urllib3/connectionpool.py:1097: InsecureRequestWarning: Unverified HTTPS request is being made to host 'serviciosdigitales.movilidadavanzadabello.com.co'. Adding certificate verification is strongly advised. See: https://urllib3.readthedocs.io/en/latest/advanced-usage.html#tls-warnings
  warnings.warn(
/home/comparendos/venv/lib/python3.12/site-packages/urllib3/connectionpool.py:1097: InsecureRequestWarning: Unverified HTTPS request is being made to host 'serviciosdigitales.movilidadavanzadabello.com.co'. Adding certificate verification is strongly advised. See: https://urllib3.readthedocs.io/en/latest/advanced-usage.html#tls-warnings
  warnings.warn(
/home/comparendos/venv/lib/python3.12/site-packages/urllib3/connectionpool.py:1097: InsecureRequestWarning: Unverified HTTPS request is being made to host 'serviciosdigitales.movilidadavanzadabello.com.co'. Adding certificate verification is strongly advised. See: https://urllib3.readthedocs.io/en/latest/advanced-usage.html#tls-warnings
  warnings.warn(
/home/comparendos/venv/lib/python3.12/site-packages/urllib3/connectionpool.py:1097: InsecureRequestWarning: Unverified HTTPS request is being made to host 'serviciosdigitales.movilidadavanzadabello.com.co'. Adding certificate verification is strongly advised. See: https://urllib3.readthedocs.io/en/latest/advanced-usage.html#tls-warnings
  warnings.warn(
/home/comparendos/venv/lib/python3.12/site-packages/urllib3/connectionpool.py:1097: InsecureRequestWarning: Unverified HTTPS request is being made to host 'serviciosdigitales.movilidadavanzadabello.com.co'. Adding certificate verification is strongly advised. See: https://urllib3.readthedocs.io/en/latest/advanced-usage.html#tls-warnings
  warnings.warn(
/home/comparendos/venv/lib/python3.12/site-packages/urllib3/connectionpool.py:1097: InsecureRequestWarning: Unverified HTTPS request is being made to host 'serviciosdigitales.movilidadavanzadabello.com.co'. Adding certificate verification is strongly advised. See: https://urllib3.readthedocs.io/en/latest/advanced-usage.html#tls-warnings
  warnings.warn(
/home/comparendos/venv/lib/python3.12/site-packages/urllib3/connectionpool.py:1097: InsecureRequestWarning: Unverified HTTPS request is being made to host 'serviciosdigitales.movilidadavanzadabello.com.co'. Adding certificate verification is strongly advised. See: https://urllib3.readthedocs.io/en/latest/advanced-usage.html#tls-warnings
  warnings.warn(
/home/comparendos/venv/lib/python3.12/site-packages/urllib3/connectionpool.py:1097: InsecureRequestWarning: Unverified HTTPS request is being made to host 'serviciosdigitales.movilidadavanzadabello.com.co'. Adding certificate verification is strongly advised. See: https://urllib3.readthedocs.io/en/latest/advanced-usage.html#tls-warnings
  warnings.warn(
/home/comparendos/venv/lib/python3.12/site-packages/urllib3/connectionpool.py:1097: InsecureRequestWarning: Unverified HTTPS request is being made to host 'serviciosdigitales.movilidadavanzadabello.com.co'. Adding certificate verification is strongly advised. See: https://urllib3.readthedocs.io/en/latest/advanced-usage.html#tls-warnings
  warnings.warn(
/home/comparendos/venv/lib/python3.12/site-packages/urllib3/connectionpool.py:1097: InsecureRequestWarning: Unverified HTTPS request is being made to host 'serviciosdigitales.movilidadavanzadabello.com.co'. Adding certificate verification is strongly advised. See: https://urllib3.readthedocs.io/en/latest/advanced-usage.html#tls-warnings
  warnings.warn(
/home/comparendos/venv/lib/python3.12/site-packages/urllib3/connectionpool.py:1097: InsecureRequestWarning: Unverified HTTPS request is being made to host 'serviciosdigitales.movilidadavanzadabello.com.co'. Adding certificate verification is strongly advised. See: https://urllib3.readthedocs.io/en/latest/advanced-usage.html#tls-warnings
  warnings.warn(
/home/comparendos/venv/lib/python3.12/site-packages/urllib3/connectionpool.py:1097: InsecureRequestWarning: Unverified HTTPS request is being made to host 'serviciosdigitales.movilidadavanzadabello.com.co'. Adding certificate verification is strongly advised. See: https://urllib3.readthedocs.io/en/latest/advanced-usage.html#tls-warnings
  warnings.warn(
/home/comparendos/venv/lib/python3.12/site-packages/urllib3/connectionpool.py:1097: InsecureRequestWarning: Unverified HTTPS request is being made to host 'serviciosdigitales.movilidadavanzadabello.com.co'. Adding certificate verification is strongly advised. See: https://urllib3.readthedocs.io/en/latest/advanced-usage.html#tls-warnings
  warnings.warn(
/home/comparendos/venv/lib/python3.12/site-packages/urllib3/connectionpool.py:1097: InsecureRequestWarning: Unverified HTTPS request is being made to host 'serviciosdigitales.movilidadavanzadabello.com.co'. Adding certificate verification is strongly advised. See: https://urllib3.readthedocs.io/en/latest/advanced-usage.html#tls-warnings
  warnings.warn(
/home/comparendos/venv/lib/python3.12/site-packages/urllib3/connectionpool.py:1097: InsecureRequestWarning: Unverified HTTPS request is being made to host 'serviciosdigitales.movilidadavanzadabello.com.co'. Adding certificate verification is strongly advised. See: https://urllib3.readthedocs.io/en/latest/advanced-usage.html#tls-warnings
  warnings.warn(
/home/comparendos/venv/lib/python3.12/site-packages/urllib3/connectionpool.py:1097: InsecureRequestWarning: Unverified HTTPS request is being made to host 'serviciosdigitales.movilidadavanzadabello.com.co'. Adding certificate verification is strongly advised. See: https://urllib3.readthedocs.io/en/latest/advanced-usage.html#tls-warnings
  warnings.warn(
/home/comparendos/venv/lib/python3.12/site-packages/urllib3/connectionpool.py:1097: InsecureRequestWarning: Unverified HTTPS request is being made to host 'serviciosdigitales.movilidadavanzadabello.com.co'. Adding certificate verification is strongly advised. See: https://urllib3.readthedocs.io/en/latest/advanced-usage.html#tls-warnings
  warnings.warn(
/home/comparendos/venv/lib/python3.12/site-packages/urllib3/connectionpool.py:1097: InsecureRequestWarning: Unverified HTTPS request is being made to host 'serviciosdigitales.movilidadavanzadabello.com.co'. Adding certificate verification is strongly advised. See: https://urllib3.readthedocs.io/en/latest/advanced-usage.html#tls-warnings
  warnings.warn(
/home/comparendos/venv/lib/python3.12/site-packages/urllib3/connectionpool.py:1097: InsecureRequestWarning: Unverified HTTPS request is being made to host 'serviciosdigitales.movilidadavanzadabello.com.co'. Adding certificate verification is strongly advised. See: https://urllib3.readthedocs.io/en/latest/advanced-usage.html#tls-warnings
  warnings.warn(
/home/comparendos/venv/lib/python3.12/site-packages/urllib3/connectionpool.py:1097: InsecureRequestWarning: Unverified HTTPS request is being made to host 'serviciosdigitales.movilidadavanzadabello.com.co'. Adding certificate verification is strongly advised. See: https://urllib3.readthedocs.io/en/latest/advanced-usage.html#tls-warnings
  warnings.warn(
/home/comparendos/venv/lib/python3.12/site-packages/urllib3/connectionpool.py:1097: InsecureRequestWarning: Unverified HTTPS request is being made to host 'serviciosdigitales.movilidadavanzadabello.com.co'. Adding certificate verification is strongly advised. See: https://urllib3.readthedocs.io/en/latest/advanced-usage.html#tls-warnings
  warnings.warn(
/home/comparendos/venv/lib/python3.12/site-packages/urllib3/connectionpool.py:1097: InsecureRequestWarning: Unverified HTTPS request is being made to host 'serviciosdigitales.movilidadavanzadabello.com.co'. Adding certificate verification is strongly advised. See: https://urllib3.readthedocs.io/en/latest/advanced-usage.html#tls-warnings
  warnings.warn(
/home/comparendos/venv/lib/python3.12/site-packages/urllib3/connectionpool.py:1097: InsecureRequestWarning: Unverified HTTPS request is being made to host 'serviciosdigitales.movilidadavanzadabello.com.co'. Adding certificate verification is strongly advised. See: https://urllib3.readthedocs.io/en/latest/advanced-usage.html#tls-warnings
  warnings.warn(
/home/comparendos/venv/lib/python3.12/site-packages/urllib3/connectionpool.py:1097: InsecureRequestWarning: Unverified HTTPS request is being made to host 'serviciosdigitales.movilidadavanzadabello.com.co'. Adding certificate verification is strongly advised. See: https://urllib3.readthedocs.io/en/latest/advanced-usage.html#tls-warnings
  warnings.warn(
/home/comparendos/venv/lib/python3.12/site-packages/urllib3/connectionpool.py:1097: InsecureRequestWarning: Unverified HTTPS request is being made to host 'serviciosdigitales.movilidadavanzadabello.com.co'. Adding certificate verification is strongly advised. See: https://urllib3.readthedocs.io/en/latest/advanced-usage.html#tls-warnings
  warnings.warn(
/home/comparendos/venv/lib/python3.12/site-packages/urllib3/connectionpool.py:1097: InsecureRequestWarning: Unverified HTTPS request is being made to host 'serviciosdigitales.movilidadavanzadabello.com.co'. Adding certificate verification is strongly advised. See: https://urllib3.readthedocs.io/en/latest/advanced-usage.html#tls-warnings
  warnings.warn(
/home/comparendos/venv/lib/python3.12/site-packages/urllib3/connectionpool.py:1097: InsecureRequestWarning: Unverified HTTPS request is being made to host 'serviciosdigitales.movilidadavanzadabello.com.co'. Adding certificate verification is strongly advised. See: https://urllib3.readthedocs.io/en/latest/advanced-usage.html#tls-warnings
  warnings.warn(
/home/comparendos/venv/lib/python3.12/site-packages/urllib3/connectionpool.py:1097: InsecureRequestWarning: Unverified HTTPS request is being made to host 'serviciosdigitales.movilidadavanzadabello.com.co'. Adding certificate verification is strongly advised. See: https://urllib3.readthedocs.io/en/latest/advanced-usage.html#tls-warnings
  warnings.warn(
/home/comparendos/venv/lib/python3.12/site-packages/urllib3/connectionpool.py:1097: InsecureRequestWarning: Unverified HTTPS request is being made to host 'serviciosdigitales.movilidadavanzadabello.com.co'. Adding certificate verification is strongly advised. See: https://urllib3.readthedocs.io/en/latest/advanced-usage.html#tls-warnings
  warnings.warn(
/home/comparendos/venv/lib/python3.12/site-packages/urllib3/connectionpool.py:1097: InsecureRequestWarning: Unverified HTTPS request is being made to host 'serviciosdigitales.movilidadavanzadabello.com.co'. Adding certificate verification is strongly advised. See: https://urllib3.readthedocs.io/en/latest/advanced-usage.html#tls-warnings
  warnings.warn(
/home/comparendos/venv/lib/python3.12/site-packages/urllib3/connectionpool.py:1097: InsecureRequestWarning: Unverified HTTPS request is being made to host 'serviciosdigitales.movilidadavanzadabello.com.co'. Adding certificate verification is strongly advised. See: https://urllib3.readthedocs.io/en/latest/advanced-usage.html#tls-warnings
  warnings.warn(
/home/comparendos/venv/lib/python3.12/site-packages/urllib3/connectionpool.py:1097: InsecureRequestWarning: Unverified HTTPS request is being made to host 'serviciosdigitales.movilidadavanzadabello.com.co'. Adding certificate verification is strongly advised. See: https://urllib3.readthedocs.io/en/latest/advanced-usage.html#tls-warnings
  warnings.warn(
/home/comparendos/venv/lib/python3.12/site-packages/urllib3/connectionpool.py:1097: InsecureRequestWarning: Unverified HTTPS request is being made to host 'serviciosdigitales.movilidadavanzadabello.com.co'. Adding certificate verification is strongly advised. See: https://urllib3.readthedocs.io/en/latest/advanced-usage.html#tls-warnings
  warnings.warn(

Error en ITAGUI: 'NoneType' object has no attribute 'json'
El comparendo ya fue notificado previamente Documento: 1013381481 Comparendo: D05001000000054500451
Error en consulta_info_home_public para ITAGUI: HTTPSConnectionPool(host='movilidad.transitoitagui.gov.co', port=443): Read timed out. (read timeout=30)
Error en ITAGUI: 'NoneType' object has no attribute 'json'
Error en consulta_info_home_public para ITAGUI: HTTPSConnectionPool(host='movilidad.transitoitagui.gov.co', port=443): Read timed out. (read timeout=30)
Error en ITAGUI: 'NoneType' object has no attribute 'json'
Error en consulta_info_home_public para ITAGUI: HTTPSConnectionPool(host='movilidad.transitoitagui.gov.co', port=443): Read timed out. (read timeout=30)
Error en ITAGUI: 'NoneType' object has no attribute 'json'
Error en consulta_info_home_public para ITAGUI: HTTPSConnectionPool(host='movilidad.transitoitagui.gov.co', port=443): Read timed out. (read timeout=30)
Error en ITAGUI: 'NoneType' object has no attribute 'json'
Error en consulta_info_home_public para ITAGUI: HTTPSConnectionPool(host='movilidad.transitoitagui.gov.co', port=443): Read timed out. (read timeout=30)
Error en ITAGUI: 'NoneType' object has no attribute 'json'
Error en consulta_info_home_public para SABANETA: HTTPSConnectionPool(host='transitosabaneta.utsetsa.com', port=443): Read timed out. (read timeout=30)
Error en SABANETA: 'NoneType' object has no attribute 'json'
Error en consulta_info_home_public para ITAGUI: HTTPSConnectionPool(host='movilidad.transitoitagui.gov.co', port=443): Read timed out. (read timeout=30)
Error en ITAGUI: 'NoneType' object has no attribute 'json'
Error en consulta_info_home_public para ITAGUI: HTTPSConnectionPool(host='movilidad.transitoitagui.gov.co', port=443): Read timed out. (read timeout=30)
Error en ITAGUI: 'NoneType' object has no attribute 'json'
Error en consulta_info_home_public para ITAGUI: HTTPSConnectionPool(host='movilidad.transitoitagui.gov.co', port=443): Read timed out. (read timeout=30)
Error en ITAGUI: 'NoneType' object has no attribute 'json'
Error en consulta_info_home_public para ITAGUI: HTTPSConnectionPool(host='movilidad.transitoitagui.gov.co', port=443): Read timed out. (read timeout=30)
Error en ITAGUI: 'NoneType' object has no attribute 'json'
Error en consulta_info_home_public para ITAGUI: HTTPSConnectionPool(host='movilidad.transitoitagui.gov.co', port=443): Read timed out. (read timeout=30)
Error en ITAGUI: 'NoneType' object has no attribute 'json'
Error en consulta_info_home_public para ITAGUI: HTTPSConnectionPool(host='movilidad.transitoitagui.gov.co', port=443): Read timed out. (read timeout=30)
Error en ITAGUI: 'NoneType' object has no attribute 'json'
Error en consulta_info_home_public para ITAGUI: HTTPSConnectionPool(host='movilidad.transitoitagui.gov.co', port=443): Read timed out. (read timeout=30)
Error en ITAGUI: 'NoneType' object has no attribute 'json'
Error en consulta_info_home_public para ITAGUI: HTTPSConnectionPool(host='movilidad.transitoitagui.gov.co', port=443): Read timed out. (read timeout=30)
Error en ITAGUI: 'NoneType' object has no attribute 'json'
Error en consulta_info_home_public para ITAGUI: HTTPSConnectionPool(host='movilidad.transitoitagui.gov.co', port=443): Read timed out. (read timeout=30)
Error en ITAGUI: 'NoneType' object has no attribute 'json'
Error en consulta_info_home_public para ITAGUI: HTTPSConnectionPool(host='movilidad.transitoitagui.gov.co', port=443): Read timed out. (read timeout=30)
Error en ITAGUI: 'NoneType' object has no attribute 'json'
Error en consulta_info_home_public para SABANETA: HTTPSConnectionPool(host='transitosabaneta.utsetsa.com', port=443): Read timed out. (read timeout=30)
Error en SABANETA: 'NoneType' object has no attribute 'json'
Error en consulta_info_home_public para ITAGUI: HTTPSConnectionPool(host='movilidad.transitoitagui.gov.co', port=443): Read timed out. (read timeout=30)
Error en ITAGUI: 'NoneType' object has no attribute 'json'
Error en consulta_info_home_public para ITAGUI: HTTPSConnectionPool(host='movilidad.transitoitagui.gov.co', port=443): Read timed out. (read timeout=30)
Error en ITAGUI: 'NoneType' object has no attribute 'json'
Error en consulta_info_home_public para ITAGUI: HTTPSConnectionPool(host='movilidad.transitoitagui.gov.co', port=443): Read timed out. (read timeout=30)
Error en ITAGUI: 'NoneType' object has no attribute 'json'
Error en consulta_info_home_public para ITAGUI: HTTPSConnectionPool(host='movilidad.transitoitagui.gov.co', port=443): Read timed out. (read timeout=30)
Error en ITAGUI: 'NoneType' object has no attribute 'json'
Error en consulta_info_home_public para ITAGUI: HTTPSConnectionPool(host='movilidad.transitoitagui.gov.co', port=443): Read timed out. (read timeout=30)
Error en ITAGUI: 'NoneType' object has no attribute 'json'
Error en consulta_info_home_public para ITAGUI: HTTPSConnectionPool(host='movilidad.transitoitagui.gov.co', port=443): Read timed out. (read timeout=30)
Error en ITAGUI: 'NoneType' object has no attribute 'json'
Error en consulta_info_home_public para ITAGUI: HTTPSConnectionPool(host='movilidad.transitoitagui.gov.co', port=443): Read timed out. (read timeout=30)
Error en ITAGUI: 'NoneType' object has no attribute 'json'
Error en consulta_info_home_public para ITAGUI: HTTPSConnectionPool(host='movilidad.transitoitagui.gov.co', port=443): Read timed out. (read timeout=30)
Error en ITAGUI: 'NoneType' object has no attribute 'json'
Error en consulta_info_home_public para ITAGUI: HTTPSConnectionPool(host='movilidad.transitoitagui.gov.co', port=443): Read timed out. (read timeout=30)
Error en ITAGUI: 'NoneType' object has no attribute 'json'
Error en consulta_info_home_public para ITAGUI: HTTPSConnectionPool(host='movilidad.transitoitagui.gov.co', port=443): Read timed out. (read timeout=30)
Error en ITAGUI: 'NoneType' object has no attribute 'json'
Error en consulta_info_home_public para SABANETA: HTTPSConnectionPool(host='transitosabaneta.utsetsa.com', port=443): Read timed out. (read timeout=30)
Error en SABANETA: 'NoneType' object has no attribute 'json'
Error en consulta_info_home_public para ITAGUI: HTTPSConnectionPool(host='movilidad.transitoitagui.gov.co', port=443): Read timed out. (read timeout=30)
Error en ITAGUI: 'NoneType' object has no attribute 'json'
Error en consulta_info_home_public para ITAGUI: HTTPSConnectionPool(host='movilidad.transitoitagui.gov.co', port=443): Read timed out. (read timeout=30)
Error en ITAGUI: 'NoneType' object has no attribute 'json'
Error en consulta_info_home_public para ITAGUI: HTTPSConnectionPool(host='movilidad.transitoitagui.gov.co', port=443): Read timed out. (read timeout=30)
Error en ITAGUI: 'NoneType' object has no attribute 'json'
Error en consulta_info_home_public para ITAGUI: HTTPSConnectionPool(host='movilidad.transitoitagui.gov.co', port=443): Read timed out. (read timeout=30)
Error en ITAGUI: 'NoneType' object has no attribute 'json'
Error en consulta_info_home_public para ITAGUI: HTTPSConnectionPool(host='movilidad.transitoitagui.gov.co', port=443): Read timed out. (read timeout=30)
Error en ITAGUI: 'NoneType' object has no attribute 'json'
Error en consulta_info_home_public para ITAGUI: HTTPSConnectionPool(host='movilidad.transitoitagui.gov.co', port=443): Read timed out. (read timeout=30)
Error en ITAGUI: 'NoneType' object has no attribute 'json'
Error en consulta_info_home_public para ITAGUI: HTTPSConnectionPool(host='movilidad.transitoitagui.gov.co', port=443): Read timed out. (read timeout=30)
Error en ITAGUI: 'NoneType' object has no attribute 'json'
Error en consulta_info_home_public para ITAGUI: HTTPSConnectionPool(host='movilidad.transitoitagui.gov.co', port=443): Read timed out. (read timeout=30)
Error en ITAGUI: 'NoneType' object has no attribute 'json'
Error en consulta_info_home_public para ITAGUI: HTTPSConnectionPool(host='movilidad.transitoitagui.gov.co', port=443): Read timed out. (read timeout=30)
Error en ITAGUI: 'NoneType' object has no attribute 'json'
Error en consulta_info_home_public para ITAGUI: HTTPSConnectionPool(host='movilidad.transitoitagui.gov.co', port=443): Read timed out. (read timeout=30)
Error en ITAGUI: 'NoneType' object has no attribute 'json'/home/comparendos/venv/lib/python3.12/site-packages/urllib3/connectionpool.py:1097: InsecureRequestWarning: Unverified HTTPS request is being made to host 'serviciosdigitales.movilidadavanzadabello.com.co'. Adding certificate verification is strongly advised. See: https://urllib3.readthedocs.io/en/latest/advanced-usage.html#tls-warnings
  warnings.warn(
/home/comparendos/venv/lib/python3.12/site-packages/urllib3/connectionpool.py:1097: InsecureRequestWarning: Unverified HTTPS request is being made to host 'serviciosdigitales.movilidadavanzadabello.com.co'. Adding certificate verification is strongly advised. See: https://urllib3.readthedocs.io/en/latest/advanced-usage.html#tls-warnings
  warnings.warn(
/home/comparendos/venv/lib/python3.12/site-packages/urllib3/connectionpool.py:1097: InsecureRequestWarning: Unverified HTTPS request is being made to host 'serviciosdigitales.movilidadavanzadabello.com.co'. Adding certificate verification is strongly advised. See: https://urllib3.readthedocs.io/en/latest/advanced-usage.html#tls-warnings
  warnings.warn(
/home/comparendos/venv/lib/python3.12/site-packages/urllib3/connectionpool.py:1097: InsecureRequestWarning: Unverified HTTPS request is being made to host 'serviciosdigitales.movilidadavanzadabello.com.co'. Adding certificate verification is strongly advised. See: https://urllib3.readthedocs.io/en/latest/advanced-usage.html#tls-warnings
  warnings.warn(
/home/comparendos/venv/lib/python3.12/site-packages/urllib3/connectionpool.py:1097: InsecureRequestWarning: Unverified HTTPS request is being made to host 'serviciosdigitales.movilidadavanzadabello.com.co'. Adding certificate verification is strongly advised. See: https://urllib3.readthedocs.io/en/latest/advanced-usage.html#tls-warnings
  warnings.warn(
/home/comparendos/venv/lib/python3.12/site-packages/urllib3/connectionpool.py:1097: InsecureRequestWarning: Unverified HTTPS request is being made to host 'serviciosdigitales.movilidadavanzadabello.com.co'. Adding certificate verification is strongly advised. See: https://urllib3.readthedocs.io/en/latest/advanced-usage.html#tls-warnings
  warnings.warn(
/home/comparendos/venv/lib/python3.12/site-packages/urllib3/connectionpool.py:1097: InsecureRequestWarning: Unverified HTTPS request is being made to host 'serviciosdigitales.movilidadavanzadabello.com.co'. Adding certificate verification is strongly advised. See: https://urllib3.readthedocs.io/en/latest/advanced-usage.html#tls-warnings
  warnings.warn(
/home/comparendos/venv/lib/python3.12/site-packages/urllib3/connectionpool.py:1097: InsecureRequestWarning: Unverified HTTPS request is being made to host 'serviciosdigitales.movilidadavanzadabello.com.co'. Adding certificate verification is strongly advised. See: https://urllib3.readthedocs.io/en/latest/advanced-usage.html#tls-warnings
  warnings.warn(
/home/comparendos/venv/lib/python3.12/site-packages/urllib3/connectionpool.py:1097: InsecureRequestWarning: Unverified HTTPS request is being made to host 'serviciosdigitales.movilidadavanzadabello.com.co'. Adding certificate verification is strongly advised. See: https://urllib3.readthedocs.io/en/latest/advanced-usage.html#tls-warnings
  warnings.warn(
/home/comparendos/venv/lib/python3.12/site-packages/urllib3/connectionpool.py:1097: InsecureRequestWarning: Unverified HTTPS request is being made to host 'serviciosdigitales.movilidadavanzadabello.com.co'. Adding certificate verification is strongly advised. See: https://urllib3.readthedocs.io/en/latest/advanced-usage.html#tls-warnings
  warnings.warn(
/home/comparendos/venv/lib/python3.12/site-packages/urllib3/connectionpool.py:1097: InsecureRequestWarning: Unverified HTTPS request is being made to host 'serviciosdigitales.movilidadavanzadabello.com.co'. Adding certificate verification is strongly advised. See: https://urllib3.readthedocs.io/en/latest/advanced-usage.html#tls-warnings
  warnings.warn(
/home/comparendos/venv/lib/python3.12/site-packages/urllib3/connectionpool.py:1097: InsecureRequestWarning: Unverified HTTPS request is being made to host 'serviciosdigitales.movilidadavanzadabello.com.co'. Adding certificate verification is strongly advised. See: https://urllib3.readthedocs.io/en/latest/advanced-usage.html#tls-warnings
  warnings.warn(
/home/comparendos/venv/lib/python3.12/site-packages/urllib3/connectionpool.py:1097: InsecureRequestWarning: Unverified HTTPS request is being made to host 'serviciosdigitales.movilidadavanzadabello.com.co'. Adding certificate verification is strongly advised. See: https://urllib3.readthedocs.io/en/latest/advanced-usage.html#tls-warnings
  warnings.warn(
/home/comparendos/venv/lib/python3.12/site-packages/urllib3/connectionpool.py:1097: InsecureRequestWarning: Unverified HTTPS request is being made to host 'serviciosdigitales.movilidadavanzadabello.com.co'. Adding certificate verification is strongly advised. See: https://urllib3.readthedocs.io/en/latest/advanced-usage.html#tls-warnings
  warnings.warn(
/home/comparendos/venv/lib/python3.12/site-packages/urllib3/connectionpool.py:1097: InsecureRequestWarning: Unverified HTTPS request is being made to host 'serviciosdigitales.movilidadavanzadabello.com.co'. Adding certificate verification is strongly advised. See: https://urllib3.readthedocs.io/en/latest/advanced-usage.html#tls-warnings
  warnings.warn(
/home/comparendos/venv/lib/python3.12/site-packages/urllib3/connectionpool.py:1097: InsecureRequestWarning: Unverified HTTPS request is being made to host 'serviciosdigitales.movilidadavanzadabello.com.co'. Adding certificate verification is strongly advised. See: https://urllib3.readthedocs.io/en/latest/advanced-usage.html#tls-warnings
  warnings.warn(
/home/comparendos/venv/lib/python3.12/site-packages/urllib3/connectionpool.py:1097: InsecureRequestWarning: Unverified HTTPS request is being made to host 'serviciosdigitales.movilidadavanzadabello.com.co'. Adding certificate verification is strongly advised. See: https://urllib3.readthedocs.io/en/latest/advanced-usage.html#tls-warnings
  warnings.warn(
/home/comparendos/venv/lib/python3.12/site-packages/urllib3/connectionpool.py:1097: InsecureRequestWarning: Unverified HTTPS request is being made to host 'serviciosdigitales.movilidadavanzadabello.com.co'. Adding certificate verification is strongly advised. See: https://urllib3.readthedocs.io/en/latest/advanced-usage.html#tls-warnings
  warnings.warn(
/home/comparendos/venv/lib/python3.12/site-packages/urllib3/connectionpool.py:1097: InsecureRequestWarning: Unverified HTTPS request is being made to host 'serviciosdigitales.movilidadavanzadabello.com.co'. Adding certificate verification is strongly advised. See: https://urllib3.readthedocs.io/en/latest/advanced-usage.html#tls-warnings
  warnings.warn(
/home/comparendos/venv/lib/python3.12/site-packages/urllib3/connectionpool.py:1097: InsecureRequestWarning: Unverified HTTPS request is being made to host 'serviciosdigitales.movilidadavanzadabello.com.co'. Adding certificate verification is strongly advised. See: https://urllib3.readthedocs.io/en/latest/advanced-usage.html#tls-warnings
  warnings.warn(
/home/comparendos/venv/lib/python3.12/site-packages/urllib3/connectionpool.py:1097: InsecureRequestWarning: Unverified HTTPS request is being made to host 'serviciosdigitales.movilidadavanzadabello.com.co'. Adding certificate verification is strongly advised. See: https://urllib3.readthedocs.io/en/latest/advanced-usage.html#tls-warnings
  warnings.warn(
/home/comparendos/venv/lib/python3.12/site-packages/urllib3/connectionpool.py:1097: InsecureRequestWarning: Unverified HTTPS request is being made to host 'serviciosdigitales.movilidadavanzadabello.com.co'. Adding certificate verification is strongly advised. See: https://urllib3.readthedocs.io/en/latest/advanced-usage.html#tls-warnings
  warnings.warn(
/home/comparendos/venv/lib/python3.12/site-packages/urllib3/connectionpool.py:1097: InsecureRequestWarning: Unverified HTTPS request is being made to host 'serviciosdigitales.movilidadavanzadabello.com.co'. Adding certificate verification is strongly advised. See: https://urllib3.readthedocs.io/en/latest/advanced-usage.html#tls-warnings
  warnings.warn(
/home/comparendos/venv/lib/python3.12/site-packages/urllib3/connectionpool.py:1097: InsecureRequestWarning: Unverified HTTPS request is being made to host 'serviciosdigitales.movilidadavanzadabello.com.co'. Adding certificate verification is strongly advised. See: https://urllib3.readthedocs.io/en/latest/advanced-usage.html#tls-warnings
  warnings.warn(
/home/comparendos/venv/lib/python3.12/site-packages/urllib3/connectionpool.py:1097: InsecureRequestWarning: Unverified HTTPS request is being made to host 'serviciosdigitales.movilidadavanzadabello.com.co'. Adding certificate verification is strongly advised. See: https://urllib3.readthedocs.io/en/latest/advanced-usage.html#tls-warnings
  warnings.warn(
/home/comparendos/venv/lib/python3.12/site-packages/urllib3/connectionpool.py:1097: InsecureRequestWarning: Unverified HTTPS request is being made to host 'serviciosdigitales.movilidadavanzadabello.com.co'. Adding certificate verification is strongly advised. See: https://urllib3.readthedocs.io/en/latest/advanced-usage.html#tls-warnings
  warnings.warn(
/home/comparendos/venv/lib/python3.12/site-packages/urllib3/connectionpool.py:1097: InsecureRequestWarning: Unverified HTTPS request is being made to host 'serviciosdigitales.movilidadavanzadabello.com.co'. Adding certificate verification is strongly advised. See: https://urllib3.readthedocs.io/en/latest/advanced-usage.html#tls-warnings
  warnings.warn(
/home/comparendos/venv/lib/python3.12/site-packages/urllib3/connectionpool.py:1097: InsecureRequestWarning: Unverified HTTPS request is being made to host 'serviciosdigitales.movilidadavanzadabello.com.co'. Adding certificate verification is strongly advised. See: https://urllib3.readthedocs.io/en/latest/advanced-usage.html#tls-warnings
  warnings.warn(
/home/comparendos/venv/lib/python3.12/site-packages/urllib3/connectionpool.py:1097: InsecureRequestWarning: Unverified HTTPS request is being made to host 'serviciosdigitales.movilidadavanzadabello.com.co'. Adding certificate verification is strongly advised. See: https://urllib3.readthedocs.io/en/latest/advanced-usage.html#tls-warnings
  warnings.warn(
/home/comparendos/venv/lib/python3.12/site-packages/urllib3/connectionpool.py:1097: InsecureRequestWarning: Unverified HTTPS request is being made to host 'serviciosdigitales.movilidadavanzadabello.com.co'. Adding certificate verification is strongly advised. See: https://urllib3.readthedocs.io/en/latest/advanced-usage.html#tls-warnings
  warnings.warn(
/home/comparendos/venv/lib/python3.12/site-packages/urllib3/connectionpool.py:1097: InsecureRequestWarning: Unverified HTTPS request is being made to host 'serviciosdigitales.movilidadavanzadabello.com.co'. Adding certificate verification is strongly advised. See: https://urllib3.readthedocs.io/en/latest/advanced-usage.html#tls-warnings
  warnings.warn(
/home/comparendos/venv/lib/python3.12/site-packages/urllib3/connectionpool.py:1097: InsecureRequestWarning: Unverified HTTPS request is being made to host 'serviciosdigitales.movilidadavanzadabello.com.co'. Adding certificate verification is strongly advised. See: https://urllib3.readthedocs.io/en/latest/advanced-usage.html#tls-warnings
  warnings.warn(

Error en consulta_info_home_public para ITAGUI: HTTPSConnectionPool(host='movilidad.transitoitagui.gov.co', port=443): Read timed out. (read timeout=30)
Error en ITAGUI: 'NoneType' object has no attribute 'json'
Error en consulta_info_home_public para ITAGUI: HTTPSConnectionPool(host='movilidad.transitoitagui.gov.co', port=443): Read timed out. (read timeout=30)
Error en ITAGUI: 'NoneType' object has no attribute 'json'
Error en consulta_info_home_public para ITAGUI: HTTPSConnectionPool(host='movilidad.transitoitagui.gov.co', port=443): Read timed out. (read timeout=30)
Error en ITAGUI: 'NoneType' object has no attribute 'json'
Error en consulta_info_home_public para ITAGUI: HTTPSConnectionPool(host='movilidad.transitoitagui.gov.co', port=443): Read timed out. (read timeout=30)
Error en ITAGUI: 'NoneType' object has no attribute 'json'
Error en consulta_info_home_public para ITAGUI: HTTPSConnectionPool(host='movilidad.transitoitagui.gov.co', port=443): Read timed out. (read timeout=30)
Error en ITAGUI: 'NoneType' object has no attribute 'json'
Error en consulta_info_home_public para ITAGUI: HTTPSConnectionPool(host='movilidad.transitoitagui.gov.co', port=443): Read timed out. (read timeout=30)
Error en ITAGUI: 'NoneType' object has no attribute 'json'
Error en consulta_info_home_public para ITAGUI: HTTPSConnectionPool(host='movilidad.transitoitagui.gov.co', port=443): Read timed out. (read timeout=30)
Error en ITAGUI: 'NoneType' object has no attribute 'json'
Error en consulta_info_home_public para ITAGUI: HTTPSConnectionPool(host='movilidad.transitoitagui.gov.co', port=443): Read timed out. (read timeout=30)
Error en ITAGUI: 'NoneType' object has no attribute 'json'
Error en consulta_info_home_public para ITAGUI: HTTPSConnectionPool(host='movilidad.transitoitagui.gov.co', port=443): Read timed out. (read timeout=30)
Error en ITAGUI: 'NoneType' object has no attribute 'json'
Error en consulta_info_home_public para ITAGUI: HTTPSConnectionPool(host='movilidad.transitoitagui.gov.co', port=443): Read timed out. (read timeout=30)
Error en ITAGUI: 'NoneType' object has no attribute 'json'
Error en consulta_info_home_public para ITAGUI: HTTPSConnectionPool(host='movilidad.transitoitagui.gov.co', port=443): Read timed out. (read timeout=30)
Error en ITAGUI: 'NoneType' object has no attribute 'json'
Error en consulta_info_home_public para ITAGUI: HTTPSConnectionPool(host='movilidad.transitoitagui.gov.co', port=443): Read timed out. (read timeout=30)
Error en ITAGUI: 'NoneType' object has no attribute 'json'
Error en consulta_info_home_public para ITAGUI: HTTPSConnectionPool(host='movilidad.transitoitagui.gov.co', port=443): Read timed out. (read timeout=30)
Error en ITAGUI: 'NoneType' object has no attribute 'json'
Error en consulta_info_home_public para ITAGUI: HTTPSConnectionPool(host='movilidad.transitoitagui.gov.co', port=443): Read timed out. (read timeout=30)
Error en ITAGUI: 'NoneType' object has no attribute 'json'
Error en consulta_info_home_public para ITAGUI: HTTPSConnectionPool(host='movilidad.transitoitagui.gov.co', port=443): Read timed out. (read timeout=30)
Error en ITAGUI: 'NoneType' object has no attribute 'json'
Error en consulta_info_home_public para ITAGUI: HTTPSConnectionPool(host='movilidad.transitoitagui.gov.co', port=443): Read timed out. (read timeout=30)
Error en ITAGUI: 'NoneType' object has no attribute 'json'
Error en consulta_info_home_public para ITAGUI: HTTPSConnectionPool(host='movilidad.transitoitagui.gov.co', port=443): Read timed out. (read timeout=30)
Error en ITAGUI: 'NoneType' object has no attribute 'json'
Error en consulta_info_home_public para ITAGUI: HTTPSConnectionPool(host='movilidad.transitoitagui.gov.co', port=443): Read timed out. (read timeout=30)
Error en ITAGUI: 'NoneType' object has no attribute 'json'
Error en consulta_info_home_public para ITAGUI: HTTPSConnectionPool(host='movilidad.transitoitagui.gov.co', port=443): Read timed out. (read timeout=30)
Error en ITAGUI: 'NoneType' object has no attribute 'json'
El comparendo ya fue notificado previamente Documento: 1127248413 Comparendo: 05001000000054572463
Error en consulta_info_home_public para SABANETA: HTTPSConnectionPool(host='transitosabaneta.utsetsa.com', port=443): Read timed out. (read timeout=30)
Error en SABANETA: 'NoneType' object has no attribute 'json'
Error en consulta_info_home_public para ITAGUI: HTTPSConnectionPool(host='movilidad.transitoitagui.gov.co', port=443): Read timed out. (read timeout=30)
Error en ITAGUI: 'NoneType' object has no attribute 'json'
Error en consulta_info_home_public para ITAGUI: HTTPSConnectionPool(host='movilidad.transitoitagui.gov.co', port=443): Read timed out. (read timeout=30)
Error en ITAGUI: 'NoneType' object has no attribute 'json'
Error en consulta_info_home_public para ITAGUI: HTTPSConnectionPool(host='movilidad.transitoitagui.gov.co', port=443): Read timed out. (read timeout=30)
Error en ITAGUI: 'NoneType' object has no attribute 'json'
Error en consulta_info_home_public para ITAGUI: HTTPSConnectionPool(host='movilidad.transitoitagui.gov.co', port=443): Read timed out. (read timeout=30)
Error en ITAGUI: 'NoneType' object has no attribute 'json'
Error en consulta_info_home_public para ITAGUI: HTTPSConnectionPool(host='movilidad.transitoitagui.gov.co', port=443): Read timed out. (read timeout=30)
Error en ITAGUI: 'NoneType' object has no attribute 'json'
Error en consulta_info_home_public para ITAGUI: HTTPSConnectionPool(host='movilidad.transitoitagui.gov.co', port=443): Read timed out. (read timeout=30)
Error en ITAGUI: 'NoneType' object has no attribute 'json'
El comparendo ya fue notificado previamente Documento: 38790241 Comparendo: D05001000000054478449
Error en consulta_info_home_public para SABANETA: HTTPSConnectionPool(host='transitosabaneta.utsetsa.com', port=443): Read timed out. (read timeout=30)
Error en SABANETA: 'NoneType' object has no attribute 'json'
Error en consulta_info_home_public para ITAGUI: HTTPSConnectionPool(host='movilidad.transitoitagui.gov.co', port=443): Read timed out. (read timeout=30)
Error en ITAGUI: 'NoneType' object has no attribute 'json'
Error en consulta_info_home_public para ITAGUI: HTTPSConnectionPool(host='movilidad.transitoitagui.gov.co', port=443): Read timed out. (read timeout=30)
Error en ITAGUI: 'NoneType' object has no attribute 'json'
Error en consulta_info_home_public para ITAGUI: HTTPSConnectionPool(host='movilidad.transitoitagui.gov.co', port=443): Read timed out. (read timeout=30)
Error en ITAGUI: 'NoneType' object has no attribute 'json'
El comparendo ya fue notificado previamente Documento: 71773306 Comparendo: 05001000000054583372
Error en consulta_info_home_public para ITAGUI: HTTPSConnectionPool(host='movilidad.transitoitagui.gov.co', port=443): Read timed out. (read timeout=30)
Error en ITAGUI: 'NoneType' object has no attribute 'json'
Error en consulta_info_home_public para SABANETA: HTTPSConnectionPool(host='transitosabaneta.utsetsa.com', port=443): Read timed out. (read timeout=30)
Error en SABANETA: 'NoneType' object has no attribute 'json'
Error en consulta_info_home_public para ITAGUI: HTTPSConnectionPool(host='movilidad.transitoitagui.gov.co', port=443): Read timed out. (read timeout=30)
Error en ITAGUI: 'NoneType' object has no attribute 'json'
El comparendo ya fue notificado previamente Documento: 43192019 Comparendo: D05088000000052960156
Error en consulta_info_home_public para ITAGUI: HTTPSConnectionPool(host='movilidad.transitoitagui.gov.co', port=443): Read timed out. (read timeout=30)
Error en ITAGUI: 'NoneType' object has no attribute 'json'
Error en consulta_info_home_public para SABANETA: HTTPSConnectionPool(host='transitosabaneta.utsetsa.com', port=443): Read timed out. (read timeout=30)
Error en SABANETA: 'NoneType' object has no attribute 'json'
Error en consulta_info_home_public para ITAGUI: HTTPSConnectionPool(host='movilidad.transitoitagui.gov.co', port=443): Read timed out. (read timeout=30)
Error en ITAGUI: 'NoneType' object has no attribute 'json'
Error en consulta_info_home_public para SABANETA: HTTPSConnectionPool(host='transitosabaneta.utsetsa.com', port=443): Read timed out. (read timeout=30)
Error en SABANETA: 'NoneType' object has no attribute 'json'/home/comparendos/venv/lib/python3.12/site-packages/urllib3/connectionpool.py:1097: InsecureRequestWarning: Unverified HTTPS request is being made to host 'serviciosdigitales.movilidadavanzadabello.com.co'. Adding certificate verification is strongly advised. See: https://urllib3.readthedocs.io/en/latest/advanced-usage.html#tls-warnings
  warnings.warn(
/home/comparendos/venv/lib/python3.12/site-packages/urllib3/connectionpool.py:1097: InsecureRequestWarning: Unverified HTTPS request is being made to host 'serviciosdigitales.movilidadavanzadabello.com.co'. Adding certificate verification is strongly advised. See: https://urllib3.readthedocs.io/en/latest/advanced-usage.html#tls-warnings
  warnings.warn(
/home/comparendos/venv/lib/python3.12/site-packages/urllib3/connectionpool.py:1097: InsecureRequestWarning: Unverified HTTPS request is being made to host 'serviciosdigitales.movilidadavanzadabello.com.co'. Adding certificate verification is strongly advised. See: https://urllib3.readthedocs.io/en/latest/advanced-usage.html#tls-warnings
  warnings.warn(
/home/comparendos/venv/lib/python3.12/site-packages/urllib3/connectionpool.py:1097: InsecureRequestWarning: Unverified HTTPS request is being made to host 'serviciosdigitales.movilidadavanzadabello.com.co'. Adding certificate verification is strongly advised. See: https://urllib3.readthedocs.io/en/latest/advanced-usage.html#tls-warnings
  warnings.warn(
/home/comparendos/venv/lib/python3.12/site-packages/urllib3/connectionpool.py:1097: InsecureRequestWarning: Unverified HTTPS request is being made to host 'serviciosdigitales.movilidadavanzadabello.com.co'. Adding certificate verification is strongly advised. See: https://urllib3.readthedocs.io/en/latest/advanced-usage.html#tls-warnings
  warnings.warn(
/home/comparendos/venv/lib/python3.12/site-packages/urllib3/connectionpool.py:1097: InsecureRequestWarning: Unverified HTTPS request is being made to host 'serviciosdigitales.movilidadavanzadabello.com.co'. Adding certificate verification is strongly advised. See: https://urllib3.readthedocs.io/en/latest/advanced-usage.html#tls-warnings
  warnings.warn(
/home/comparendos/venv/lib/python3.12/site-packages/urllib3/connectionpool.py:1097: InsecureRequestWarning: Unverified HTTPS request is being made to host 'serviciosdigitales.movilidadavanzadabello.com.co'. Adding certificate verification is strongly advised. See: https://urllib3.readthedocs.io/en/latest/advanced-usage.html#tls-warnings
  warnings.warn(
/home/comparendos/venv/lib/python3.12/site-packages/urllib3/connectionpool.py:1097: InsecureRequestWarning: Unverified HTTPS request is being made to host 'serviciosdigitales.movilidadavanzadabello.com.co'. Adding certificate verification is strongly advised. See: https://urllib3.readthedocs.io/en/latest/advanced-usage.html#tls-warnings
  warnings.warn(
/home/comparendos/venv/lib/python3.12/site-packages/urllib3/connectionpool.py:1097: InsecureRequestWarning: Unverified HTTPS request is being made to host 'serviciosdigitales.movilidadavanzadabello.com.co'. Adding certificate verification is strongly advised. See: https://urllib3.readthedocs.io/en/latest/advanced-usage.html#tls-warnings
  warnings.warn(
/home/comparendos/venv/lib/python3.12/site-packages/urllib3/connectionpool.py:1097: InsecureRequestWarning: Unverified HTTPS request is being made to host 'serviciosdigitales.movilidadavanzadabello.com.co'. Adding certificate verification is strongly advised. See: https://urllib3.readthedocs.io/en/latest/advanced-usage.html#tls-warnings
  warnings.warn(
/home/comparendos/venv/lib/python3.12/site-packages/urllib3/connectionpool.py:1097: InsecureRequestWarning: Unverified HTTPS request is being made to host 'serviciosdigitales.movilidadavanzadabello.com.co'. Adding certificate verification is strongly advised. See: https://urllib3.readthedocs.io/en/latest/advanced-usage.html#tls-warnings
  warnings.warn(
/home/comparendos/venv/lib/python3.12/site-packages/urllib3/connectionpool.py:1097: InsecureRequestWarning: Unverified HTTPS request is being made to host 'serviciosdigitales.movilidadavanzadabello.com.co'. Adding certificate verification is strongly advised. See: https://urllib3.readthedocs.io/en/latest/advanced-usage.html#tls-warnings
  warnings.warn(
/home/comparendos/venv/lib/python3.12/site-packages/urllib3/connectionpool.py:1097: InsecureRequestWarning: Unverified HTTPS request is being made to host 'serviciosdigitales.movilidadavanzadabello.com.co'. Adding certificate verification is strongly advised. See: https://urllib3.readthedocs.io/en/latest/advanced-usage.html#tls-warnings
  warnings.warn(
/home/comparendos/venv/lib/python3.12/site-packages/urllib3/connectionpool.py:1097: InsecureRequestWarning: Unverified HTTPS request is being made to host 'serviciosdigitales.movilidadavanzadabello.com.co'. Adding certificate verification is strongly advised. See: https://urllib3.readthedocs.io/en/latest/advanced-usage.html#tls-warnings
  warnings.warn(
/home/comparendos/venv/lib/python3.12/site-packages/urllib3/connectionpool.py:1097: InsecureRequestWarning: Unverified HTTPS request is being made to host 'serviciosdigitales.movilidadavanzadabello.com.co'. Adding certificate verification is strongly advised. See: https://urllib3.readthedocs.io/en/latest/advanced-usage.html#tls-warnings
  warnings.warn(
/home/comparendos/venv/lib/python3.12/site-packages/urllib3/connectionpool.py:1097: InsecureRequestWarning: Unverified HTTPS request is being made to host 'serviciosdigitales.movilidadavanzadabello.com.co'. Adding certificate verification is strongly advised. See: https://urllib3.readthedocs.io/en/latest/advanced-usage.html#tls-warnings
  warnings.warn(
/home/comparendos/venv/lib/python3.12/site-packages/urllib3/connectionpool.py:1097: InsecureRequestWarning: Unverified HTTPS request is being made to host 'serviciosdigitales.movilidadavanzadabello.com.co'. Adding certificate verification is strongly advised. See: https://urllib3.readthedocs.io/en/latest/advanced-usage.html#tls-warnings
  warnings.warn(
/home/comparendos/venv/lib/python3.12/site-packages/urllib3/connectionpool.py:1097: InsecureRequestWarning: Unverified HTTPS request is being made to host 'serviciosdigitales.movilidadavanzadabello.com.co'. Adding certificate verification is strongly advised. See: https://urllib3.readthedocs.io/en/latest/advanced-usage.html#tls-warnings
  warnings.warn(
/home/comparendos/venv/lib/python3.12/site-packages/urllib3/connectionpool.py:1097: InsecureRequestWarning: Unverified HTTPS request is being made to host 'serviciosdigitales.movilidadavanzadabello.com.co'. Adding certificate verification is strongly advised. See: https://urllib3.readthedocs.io/en/latest/advanced-usage.html#tls-warnings
  warnings.warn(
/home/comparendos/venv/lib/python3.12/site-packages/urllib3/connectionpool.py:1097: InsecureRequestWarning: Unverified HTTPS request is being made to host 'serviciosdigitales.movilidadavanzadabello.com.co'. Adding certificate verification is strongly advised. See: https://urllib3.readthedocs.io/en/latest/advanced-usage.html#tls-warnings
  warnings.warn(
/home/comparendos/venv/lib/python3.12/site-packages/urllib3/connectionpool.py:1097: InsecureRequestWarning: Unverified HTTPS request is being made to host 'serviciosdigitales.movilidadavanzadabello.com.co'. Adding certificate verification is strongly advised. See: https://urllib3.readthedocs.io/en/latest/advanced-usage.html#tls-warnings
  warnings.warn(
/home/comparendos/venv/lib/python3.12/site-packages/urllib3/connectionpool.py:1097: InsecureRequestWarning: Unverified HTTPS request is being made to host 'serviciosdigitales.movilidadavanzadabello.com.co'. Adding certificate verification is strongly advised. See: https://urllib3.readthedocs.io/en/latest/advanced-usage.html#tls-warnings
  warnings.warn(
/home/comparendos/venv/lib/python3.12/site-packages/urllib3/connectionpool.py:1097: InsecureRequestWarning: Unverified HTTPS request is being made to host 'serviciosdigitales.movilidadavanzadabello.com.co'. Adding certificate verification is strongly advised. See: https://urllib3.readthedocs.io/en/latest/advanced-usage.html#tls-warnings
  warnings.warn(
/home/comparendos/venv/lib/python3.12/site-packages/urllib3/connectionpool.py:1097: InsecureRequestWarning: Unverified HTTPS request is being made to host 'serviciosdigitales.movilidadavanzadabello.com.co'. Adding certificate verification is strongly advised. See: https://urllib3.readthedocs.io/en/latest/advanced-usage.html#tls-warnings
  warnings.warn(
/home/comparendos/venv/lib/python3.12/site-packages/urllib3/connectionpool.py:1097: InsecureRequestWarning: Unverified HTTPS request is being made to host 'serviciosdigitales.movilidadavanzadabello.com.co'. Adding certificate verification is strongly advised. See: https://urllib3.readthedocs.io/en/latest/advanced-usage.html#tls-warnings
  warnings.warn(
/home/comparendos/venv/lib/python3.12/site-packages/urllib3/connectionpool.py:1097: InsecureRequestWarning: Unverified HTTPS request is being made to host 'serviciosdigitales.movilidadavanzadabello.com.co'. Adding certificate verification is strongly advised. See: https://urllib3.readthedocs.io/en/latest/advanced-usage.html#tls-warnings
  warnings.warn(
/home/comparendos/venv/lib/python3.12/site-packages/urllib3/connectionpool.py:1097: InsecureRequestWarning: Unverified HTTPS request is being made to host 'serviciosdigitales.movilidadavanzadabello.com.co'. Adding certificate verification is strongly advised. See: https://urllib3.readthedocs.io/en/latest/advanced-usage.html#tls-warnings
  warnings.warn(
/home/comparendos/venv/lib/python3.12/site-packages/urllib3/connectionpool.py:1097: InsecureRequestWarning: Unverified HTTPS request is being made to host 'serviciosdigitales.movilidadavanzadabello.com.co'. Adding certificate verification is strongly advised. See: https://urllib3.readthedocs.io/en/latest/advanced-usage.html#tls-warnings
  warnings.warn(
/home/comparendos/venv/lib/python3.12/site-packages/urllib3/connectionpool.py:1097: InsecureRequestWarning: Unverified HTTPS request is being made to host 'serviciosdigitales.movilidadavanzadabello.com.co'. Adding certificate verification is strongly advised. See: https://urllib3.readthedocs.io/en/latest/advanced-usage.html#tls-warnings
  warnings.warn(
/home/comparendos/venv/lib/python3.12/site-packages/urllib3/connectionpool.py:1097: InsecureRequestWarning: Unverified HTTPS request is being made to host 'serviciosdigitales.movilidadavanzadabello.com.co'. Adding certificate verification is strongly advised. See: https://urllib3.readthedocs.io/en/latest/advanced-usage.html#tls-warnings
  warnings.warn(
/home/comparendos/venv/lib/python3.12/site-packages/urllib3/connectionpool.py:1097: InsecureRequestWarning: Unverified HTTPS request is being made to host 'serviciosdigitales.movilidadavanzadabello.com.co'. Adding certificate verification is strongly advised. See: https://urllib3.readthedocs.io/en/latest/advanced-usage.html#tls-warnings
  warnings.warn(
/home/comparendos/venv/lib/python3.12/site-packages/urllib3/connectionpool.py:1097: InsecureRequestWarning: Unverified HTTPS request is being made to host 'serviciosdigitales.movilidadavanzadabello.com.co'. Adding certificate verification is strongly advised. See: https://urllib3.readthedocs.io/en/latest/advanced-usage.html#tls-warnings
  warnings.warn(
/home/comparendos/venv/lib/python3.12/site-packages/urllib3/connectionpool.py:1097: InsecureRequestWarning: Unverified HTTPS request is being made to host 'serviciosdigitales.movilidadavanzadabello.com.co'. Adding certificate verification is strongly advised. See: https://urllib3.readthedocs.io/en/latest/advanced-usage.html#tls-warnings
  warnings.warn(
/home/comparendos/venv/lib/python3.12/site-packages/urllib3/connectionpool.py:1097: InsecureRequestWarning: Unverified HTTPS request is being made to host 'serviciosdigitales.movilidadavanzadabello.com.co'. Adding certificate verification is strongly advised. See: https://urllib3.readthedocs.io/en/latest/advanced-usage.html#tls-warnings
  warnings.warn(
/home/comparendos/venv/lib/python3.12/site-packages/urllib3/connectionpool.py:1097: InsecureRequestWarning: Unverified HTTPS request is being made to host 'serviciosdigitales.movilidadavanzadabello.com.co'. Adding certificate verification is strongly advised. See: https://urllib3.readthedocs.io/en/latest/advanced-usage.html#tls-warnings
  warnings.warn(
/home/comparendos/venv/lib/python3.12/site-packages/urllib3/connectionpool.py:1097: InsecureRequestWarning: Unverified HTTPS request is being made to host 'serviciosdigitales.movilidadavanzadabello.com.co'. Adding certificate verification is strongly advised. See: https://urllib3.readthedocs.io/en/latest/advanced-usage.html#tls-warnings
  warnings.warn(
/home/comparendos/venv/lib/python3.12/site-packages/urllib3/connectionpool.py:1097: InsecureRequestWarning: Unverified HTTPS request is being made to host 'serviciosdigitales.movilidadavanzadabello.com.co'. Adding certificate verification is strongly advised. See: https://urllib3.readthedocs.io/en/latest/advanced-usage.html#tls-warnings
  warnings.warn(
/home/comparendos/venv/lib/python3.12/site-packages/urllib3/connectionpool.py:1097: InsecureRequestWarning: Unverified HTTPS request is being made to host 'serviciosdigitales.movilidadavanzadabello.com.co'. Adding certificate verification is strongly advised. See: https://urllib3.readthedocs.io/en/latest/advanced-usage.html#tls-warnings
  warnings.warn(
/home/comparendos/venv/lib/python3.12/site-packages/urllib3/connectionpool.py:1097: InsecureRequestWarning: Unverified HTTPS request is being made to host 'serviciosdigitales.movilidadavanzadabello.com.co'. Adding certificate verification is strongly advised. See: https://urllib3.readthedocs.io/en/latest/advanced-usage.html#tls-warnings
  warnings.warn(
/home/comparendos/venv/lib/python3.12/site-packages/urllib3/connectionpool.py:1097: InsecureRequestWarning: Unverified HTTPS request is being made to host 'serviciosdigitales.movilidadavanzadabello.com.co'. Adding certificate verification is strongly advised. See: https://urllib3.readthedocs.io/en/latest/advanced-usage.html#tls-warnings
  warnings.warn(
/home/comparendos/venv/lib/python3.12/site-packages/urllib3/connectionpool.py:1097: InsecureRequestWarning: Unverified HTTPS request is being made to host 'serviciosdigitales.movilidadavanzadabello.com.co'. Adding certificate verification is strongly advised. See: https://urllib3.readthedocs.io/en/latest/advanced-usage.html#tls-warnings
  warnings.warn(
/home/comparendos/venv/lib/python3.12/site-packages/urllib3/connectionpool.py:1097: InsecureRequestWarning: Unverified HTTPS request is being made to host 'serviciosdigitales.movilidadavanzadabello.com.co'. Adding certificate verification is strongly advised. See: https://urllib3.readthedocs.io/en/latest/advanced-usage.html#tls-warnings
  warnings.warn(
/home/comparendos/venv/lib/python3.12/site-packages/urllib3/connectionpool.py:1097: InsecureRequestWarning: Unverified HTTPS request is being made to host 'serviciosdigitales.movilidadavanzadabello.com.co'. Adding certificate verification is strongly advised. See: https://urllib3.readthedocs.io/en/latest/advanced-usage.html#tls-warnings
  warnings.warn(
/home/comparendos/venv/lib/python3.12/site-packages/urllib3/connectionpool.py:1097: InsecureRequestWarning: Unverified HTTPS request is being made to host 'serviciosdigitales.movilidadavanzadabello.com.co'. Adding certificate verification is strongly advised. See: https://urllib3.readthedocs.io/en/latest/advanced-usage.html#tls-warnings
  warnings.warn(
/home/comparendos/venv/lib/python3.12/site-packages/urllib3/connectionpool.py:1097: InsecureRequestWarning: Unverified HTTPS request is being made to host 'serviciosdigitales.movilidadavanzadabello.com.co'. Adding certificate verification is strongly advised. See: https://urllib3.readthedocs.io/en/latest/advanced-usage.html#tls-warnings
  warnings.warn(
/home/comparendos/venv/lib/python3.12/site-packages/urllib3/connectionpool.py:1097: InsecureRequestWarning: Unverified HTTPS request is being made to host 'serviciosdigitales.movilidadavanzadabello.com.co'. Adding certificate verification is strongly advised. See: https://urllib3.readthedocs.io/en/latest/advanced-usage.html#tls-warnings
  warnings.warn(
/home/comparendos/venv/lib/python3.12/site-packages/urllib3/connectionpool.py:1097: InsecureRequestWarning: Unverified HTTPS request is being made to host 'serviciosdigitales.movilidadavanzadabello.com.co'. Adding certificate verification is strongly advised. See: https://urllib3.readthedocs.io/en/latest/advanced-usage.html#tls-warnings
  warnings.warn(
/home/comparendos/venv/lib/python3.12/site-packages/urllib3/connectionpool.py:1097: InsecureRequestWarning: Unverified HTTPS request is being made to host 'serviciosdigitales.movilidadavanzadabello.com.co'. Adding certificate verification is strongly advised. See: https://urllib3.readthedocs.io/en/latest/advanced-usage.html#tls-warnings
  warnings.warn(
/home/comparendos/venv/lib/python3.12/site-packages/urllib3/connectionpool.py:1097: InsecureRequestWarning: Unverified HTTPS request is being made to host 'serviciosdigitales.movilidadavanzadabello.com.co'. Adding certificate verification is strongly advised. See: https://urllib3.readthedocs.io/en/latest/advanced-usage.html#tls-warnings
  warnings.warn(
/home/comparendos/venv/lib/python3.12/site-packages/urllib3/connectionpool.py:1097: InsecureRequestWarning: Unverified HTTPS request is being made to host 'serviciosdigitales.movilidadavanzadabello.com.co'. Adding certificate verification is strongly advised. See: https://urllib3.readthedocs.io/en/latest/advanced-usage.html#tls-warnings
  warnings.warn(
/home/comparendos/venv/lib/python3.12/site-packages/urllib3/connectionpool.py:1097: InsecureRequestWarning: Unverified HTTPS request is being made to host 'serviciosdigitales.movilidadavanzadabello.com.co'. Adding certificate verification is strongly advised. See: https://urllib3.readthedocs.io/en/latest/advanced-usage.html#tls-warnings
  warnings.warn(
/home/comparendos/venv/lib/python3.12/site-packages/urllib3/connectionpool.py:1097: InsecureRequestWarning: Unverified HTTPS request is being made to host 'serviciosdigitales.movilidadavanzadabello.com.co'. Adding certificate verification is strongly advised. See: https://urllib3.readthedocs.io/en/latest/advanced-usage.html#tls-warnings
  warnings.warn(
/home/comparendos/venv/lib/python3.12/site-packages/urllib3/connectionpool.py:1097: InsecureRequestWarning: Unverified HTTPS request is being made to host 'serviciosdigitales.movilidadavanzadabello.com.co'. Adding certificate verification is strongly advised. See: https://urllib3.readthedocs.io/en/latest/advanced-usage.html#tls-warnings
  warnings.warn(
/home/comparendos/venv/lib/python3.12/site-packages/urllib3/connectionpool.py:1097: InsecureRequestWarning: Unverified HTTPS request is being made to host 'serviciosdigitales.movilidadavanzadabello.com.co'. Adding certificate verification is strongly advised. See: https://urllib3.readthedocs.io/en/latest/advanced-usage.html#tls-warnings
  warnings.warn(
/home/comparendos/venv/lib/python3.12/site-packages/urllib3/connectionpool.py:1097: InsecureRequestWarning: Unverified HTTPS request is being made to host 'serviciosdigitales.movilidadavanzadabello.com.co'. Adding certificate verification is strongly advised. See: https://urllib3.readthedocs.io/en/latest/advanced-usage.html#tls-warnings
  warnings.warn(
/home/comparendos/venv/lib/python3.12/site-packages/urllib3/connectionpool.py:1097: InsecureRequestWarning: Unverified HTTPS request is being made to host 'serviciosdigitales.movilidadavanzadabello.com.co'. Adding certificate verification is strongly advised. See: https://urllib3.readthedocs.io/en/latest/advanced-usage.html#tls-warnings
  warnings.warn(
/home/comparendos/venv/lib/python3.12/site-packages/urllib3/connectionpool.py:1097: InsecureRequestWarning: Unverified HTTPS request is being made to host 'serviciosdigitales.movilidadavanzadabello.com.co'. Adding certificate verification is strongly advised. See: https://urllib3.readthedocs.io/en/latest/advanced-usage.html#tls-warnings
  warnings.warn(
/home/comparendos/venv/lib/python3.12/site-packages/urllib3/connectionpool.py:1097: InsecureRequestWarning: Unverified HTTPS request is being made to host 'serviciosdigitales.movilidadavanzadabello.com.co'. Adding certificate verification is strongly advised. See: https://urllib3.readthedocs.io/en/latest/advanced-usage.html#tls-warnings
  warnings.warn(
/home/comparendos/venv/lib/python3.12/site-packages/urllib3/connectionpool.py:1097: InsecureRequestWarning: Unverified HTTPS request is being made to host 'serviciosdigitales.movilidadavanzadabello.com.co'. Adding certificate verification is strongly advised. See: https://urllib3.readthedocs.io/en/latest/advanced-usage.html#tls-warnings
  warnings.warn(
/home/comparendos/venv/lib/python3.12/site-packages/urllib3/connectionpool.py:1097: InsecureRequestWarning: Unverified HTTPS request is being made to host 'serviciosdigitales.movilidadavanzadabello.com.co'. Adding certificate verification is strongly advised. See: https://urllib3.readthedocs.io/en/latest/advanced-usage.html#tls-warnings
  warnings.warn(
/home/comparendos/venv/lib/python3.12/site-packages/urllib3/connectionpool.py:1097: InsecureRequestWarning: Unverified HTTPS request is being made to host 'serviciosdigitales.movilidadavanzadabello.com.co'. Adding certificate verification is strongly advised. See: https://urllib3.readthedocs.io/en/latest/advanced-usage.html#tls-warnings
  warnings.warn(
/home/comparendos/venv/lib/python3.12/site-packages/urllib3/connectionpool.py:1097: InsecureRequestWarning: Unverified HTTPS request is being made to host 'serviciosdigitales.movilidadavanzadabello.com.co'. Adding certificate verification is strongly advised. See: https://urllib3.readthedocs.io/en/latest/advanced-usage.html#tls-warnings
  warnings.warn(
/home/comparendos/venv/lib/python3.12/site-packages/urllib3/connectionpool.py:1097: InsecureRequestWarning: Unverified HTTPS request is being made to host 'serviciosdigitales.movilidadavanzadabello.com.co'. Adding certificate verification is strongly advised. See: https://urllib3.readthedocs.io/en/latest/advanced-usage.html#tls-warnings
  warnings.warn(
/home/comparendos/venv/lib/python3.12/site-packages/urllib3/connectionpool.py:1097: InsecureRequestWarning: Unverified HTTPS request is being made to host 'serviciosdigitales.movilidadavanzadabello.com.co'. Adding certificate verification is strongly advised. See: https://urllib3.readthedocs.io/en/latest/advanced-usage.html#tls-warnings
  warnings.warn(
/home/comparendos/venv/lib/python3.12/site-packages/urllib3/connectionpool.py:1097: InsecureRequestWarning: Unverified HTTPS request is being made to host 'serviciosdigitales.movilidadavanzadabello.com.co'. Adding certificate verification is strongly advised. See: https://urllib3.readthedocs.io/en/latest/advanced-usage.html#tls-warnings
  warnings.warn(
/home/comparendos/venv/lib/python3.12/site-packages/urllib3/connectionpool.py:1097: InsecureRequestWarning: Unverified HTTPS request is being made to host 'serviciosdigitales.movilidadavanzadabello.com.co'. Adding certificate verification is strongly advised. See: https://urllib3.readthedocs.io/en/latest/advanced-usage.html#tls-warnings
  warnings.warn(
/home/comparendos/venv/lib/python3.12/site-packages/urllib3/connectionpool.py:1097: InsecureRequestWarning: Unverified HTTPS request is being made to host 'serviciosdigitales.movilidadavanzadabello.com.co'. Adding certificate verification is strongly advised. See: https://urllib3.readthedocs.io/en/latest/advanced-usage.html#tls-warnings
  warnings.warn(
/home/comparendos/venv/lib/python3.12/site-packages/urllib3/connectionpool.py:1097: InsecureRequestWarning: Unverified HTTPS request is being made to host 'serviciosdigitales.movilidadavanzadabello.com.co'. Adding certificate verification is strongly advised. See: https://urllib3.readthedocs.io/en/latest/advanced-usage.html#tls-warnings
  warnings.warn(
/home/comparendos/venv/lib/python3.12/site-packages/urllib3/connectionpool.py:1097: InsecureRequestWarning: Unverified HTTPS request is being made to host 'serviciosdigitales.movilidadavanzadabello.com.co'. Adding certificate verification is strongly advised. See: https://urllib3.readthedocs.io/en/latest/advanced-usage.html#tls-warnings
  warnings.warn(
/home/comparendos/venv/lib/python3.12/site-packages/urllib3/connectionpool.py:1097: InsecureRequestWarning: Unverified HTTPS request is being made to host 'serviciosdigitales.movilidadavanzadabello.com.co'. Adding certificate verification is strongly advised. See: https://urllib3.readthedocs.io/en/latest/advanced-usage.html#tls-warnings
  warnings.warn(
/home/comparendos/venv/lib/python3.12/site-packages/urllib3/connectionpool.py:1097: InsecureRequestWarning: Unverified HTTPS request is being made to host 'serviciosdigitales.movilidadavanzadabello.com.co'. Adding certificate verification is strongly advised. See: https://urllib3.readthedocs.io/en/latest/advanced-usage.html#tls-warnings
  warnings.warn(
/home/comparendos/venv/lib/python3.12/site-packages/urllib3/connectionpool.py:1097: InsecureRequestWarning: Unverified HTTPS request is being made to host 'serviciosdigitales.movilidadavanzadabello.com.co'. Adding certificate verification is strongly advised. See: https://urllib3.readthedocs.io/en/latest/advanced-usage.html#tls-warnings
  warnings.warn(
/home/comparendos/venv/lib/python3.12/site-packages/urllib3/connectionpool.py:1097: InsecureRequestWarning: Unverified HTTPS request is being made to host 'serviciosdigitales.movilidadavanzadabello.com.co'. Adding certificate verification is strongly advised. See: https://urllib3.readthedocs.io/en/latest/advanced-usage.html#tls-warnings
  warnings.warn(
/home/comparendos/venv/lib/python3.12/site-packages/urllib3/connectionpool.py:1097: InsecureRequestWarning: Unverified HTTPS request is being made to host 'serviciosdigitales.movilidadavanzadabello.com.co'. Adding certificate verification is strongly advised. See: https://urllib3.readthedocs.io/en/latest/advanced-usage.html#tls-warnings
  warnings.warn(
/home/comparendos/venv/lib/python3.12/site-packages/urllib3/connectionpool.py:1097: InsecureRequestWarning: Unverified HTTPS request is being made to host 'serviciosdigitales.movilidadavanzadabello.com.co'. Adding certificate verification is strongly advised. See: https://urllib3.readthedocs.io/en/latest/advanced-usage.html#tls-warnings
  warnings.warn(
/home/comparendos/venv/lib/python3.12/site-packages/urllib3/connectionpool.py:1097: InsecureRequestWarning: Unverified HTTPS request is being made to host 'serviciosdigitales.movilidadavanzadabello.com.co'. Adding certificate verification is strongly advised. See: https://urllib3.readthedocs.io/en/latest/advanced-usage.html#tls-warnings
  warnings.warn(
/home/comparendos/venv/lib/python3.12/site-packages/urllib3/connectionpool.py:1097: InsecureRequestWarning: Unverified HTTPS request is being made to host 'serviciosdigitales.movilidadavanzadabello.com.co'. Adding certificate verification is strongly advised. See: https://urllib3.readthedocs.io/en/latest/advanced-usage.html#tls-warnings
  warnings.warn(
/home/comparendos/venv/lib/python3.12/site-packages/urllib3/connectionpool.py:1097: InsecureRequestWarning: Unverified HTTPS request is being made to host 'serviciosdigitales.movilidadavanzadabello.com.co'. Adding certificate verification is strongly advised. See: https://urllib3.readthedocs.io/en/latest/advanced-usage.html#tls-warnings
  warnings.warn(
/home/comparendos/venv/lib/python3.12/site-packages/urllib3/connectionpool.py:1097: InsecureRequestWarning: Unverified HTTPS request is being made to host 'serviciosdigitales.movilidadavanzadabello.com.co'. Adding certificate verification is strongly advised. See: https://urllib3.readthedocs.io/en/latest/advanced-usage.html#tls-warnings
  warnings.warn(
/home/comparendos/venv/lib/python3.12/site-packages/urllib3/connectionpool.py:1097: InsecureRequestWarning: Unverified HTTPS request is being made to host 'serviciosdigitales.movilidadavanzadabello.com.co'. Adding certificate verification is strongly advised. See: https://urllib3.readthedocs.io/en/latest/advanced-usage.html#tls-warnings
  warnings.warn(
/home/comparendos/venv/lib/python3.12/site-packages/urllib3/connectionpool.py:1097: InsecureRequestWarning: Unverified HTTPS request is being made to host 'serviciosdigitales.movilidadavanzadabello.com.co'. Adding certificate verification is strongly advised. See: https://urllib3.readthedocs.io/en/latest/advanced-usage.html#tls-warnings
  warnings.warn(
/home/comparendos/venv/lib/python3.12/site-packages/urllib3/connectionpool.py:1097: InsecureRequestWarning: Unverified HTTPS request is being made to host 'serviciosdigitales.movilidadavanzadabello.com.co'. Adding certificate verification is strongly advised. See: https://urllib3.readthedocs.io/en/latest/advanced-usage.html#tls-warnings
  warnings.warn(
/home/comparendos/venv/lib/python3.12/site-packages/urllib3/connectionpool.py:1097: InsecureRequestWarning: Unverified HTTPS request is being made to host 'serviciosdigitales.movilidadavanzadabello.com.co'. Adding certificate verification is strongly advised. See: https://urllib3.readthedocs.io/en/latest/advanced-usage.html#tls-warnings
  warnings.warn(
/home/comparendos/venv/lib/python3.12/site-packages/urllib3/connectionpool.py:1097: InsecureRequestWarning: Unverified HTTPS request is being made to host 'serviciosdigitales.movilidadavanzadabello.com.co'. Adding certificate verification is strongly advised. See: https://urllib3.readthedocs.io/en/latest/advanced-usage.html#tls-warnings
  warnings.warn(
/home/comparendos/venv/lib/python3.12/site-packages/urllib3/connectionpool.py:1097: InsecureRequestWarning: Unverified HTTPS request is being made to host 'serviciosdigitales.movilidadavanzadabello.com.co'. Adding certificate verification is strongly advised. See: https://urllib3.readthedocs.io/en/latest/advanced-usage.html#tls-warnings
  warnings.warn(
/home/comparendos/venv/lib/python3.12/site-packages/urllib3/connectionpool.py:1097: InsecureRequestWarning: Unverified HTTPS request is being made to host 'serviciosdigitales.movilidadavanzadabello.com.co'. Adding certificate verification is strongly advised. See: https://urllib3.readthedocs.io/en/latest/advanced-usage.html#tls-warnings
  warnings.warn(
/home/comparendos/venv/lib/python3.12/site-packages/urllib3/connectionpool.py:1097: InsecureRequestWarning: Unverified HTTPS request is being made to host 'serviciosdigitales.movilidadavanzadabello.com.co'. Adding certificate verification is strongly advised. See: https://urllib3.readthedocs.io/en/latest/advanced-usage.html#tls-warnings
  warnings.warn(
/home/comparendos/venv/lib/python3.12/site-packages/urllib3/connectionpool.py:1097: InsecureRequestWarning: Unverified HTTPS request is being made to host 'serviciosdigitales.movilidadavanzadabello.com.co'. Adding certificate verification is strongly advised. See: https://urllib3.readthedocs.io/en/latest/advanced-usage.html#tls-warnings
  warnings.warn(
/home/comparendos/venv/lib/python3.12/site-packages/urllib3/connectionpool.py:1097: InsecureRequestWarning: Unverified HTTPS request is being made to host 'serviciosdigitales.movilidadavanzadabello.com.co'. Adding certificate verification is strongly advised. See: https://urllib3.readthedocs.io/en/latest/advanced-usage.html#tls-warnings
  warnings.warn(
/home/comparendos/venv/lib/python3.12/site-packages/urllib3/connectionpool.py:1097: InsecureRequestWarning: Unverified HTTPS request is being made to host 'serviciosdigitales.movilidadavanzadabello.com.co'. Adding certificate verification is strongly advised. See: https://urllib3.readthedocs.io/en/latest/advanced-usage.html#tls-warnings
  warnings.warn(
/home/comparendos/venv/lib/python3.12/site-packages/urllib3/connectionpool.py:1097: InsecureRequestWarning: Unverified HTTPS request is being made to host 'serviciosdigitales.movilidadavanzadabello.com.co'. Adding certificate verification is strongly advised. See: https://urllib3.readthedocs.io/en/latest/advanced-usage.html#tls-warnings
  warnings.warn(
/home/comparendos/venv/lib/python3.12/site-packages/urllib3/connectionpool.py:1097: InsecureRequestWarning: Unverified HTTPS request is being made to host 'serviciosdigitales.movilidadavanzadabello.com.co'. Adding certificate verification is strongly advised. See: https://urllib3.readthedocs.io/en/latest/advanced-usage.html#tls-warnings
  warnings.warn(
/home/comparendos/venv/lib/python3.12/site-packages/urllib3/connectionpool.py:1097: InsecureRequestWarning: Unverified HTTPS request is being made to host 'serviciosdigitales.movilidadavanzadabello.com.co'. Adding certificate verification is strongly advised. See: https://urllib3.readthedocs.io/en/latest/advanced-usage.html#tls-warnings
  warnings.warn(
/home/comparendos/venv/lib/python3.12/site-packages/urllib3/connectionpool.py:1097: InsecureRequestWarning: Unverified HTTPS request is being made to host 'serviciosdigitales.movilidadavanzadabello.com.co'. Adding certificate verification is strongly advised. See: https://urllib3.readthedocs.io/en/latest/advanced-usage.html#tls-warnings
  warnings.warn(
/home/comparendos/venv/lib/python3.12/site-packages/urllib3/connectionpool.py:1097: InsecureRequestWarning: Unverified HTTPS request is being made to host 'serviciosdigitales.movilidadavanzadabello.com.co'. Adding certificate verification is strongly advised. See: https://urllib3.readthedocs.io/en/latest/advanced-usage.html#tls-warnings
  warnings.warn(
/home/comparendos/venv/lib/python3.12/site-packages/urllib3/connectionpool.py:1097: InsecureRequestWarning: Unverified HTTPS request is being made to host 'serviciosdigitales.movilidadavanzadabello.com.co'. Adding certificate verification is strongly advised. See: https://urllib3.readthedocs.io/en/latest/advanced-usage.html#tls-warnings
  warnings.warn(
/home/comparendos/venv/lib/python3.12/site-packages/urllib3/connectionpool.py:1097: InsecureRequestWarning: Unverified HTTPS request is being made to host 'serviciosdigitales.movilidadavanzadabello.com.co'. Adding certificate verification is strongly advised. See: https://urllib3.readthedocs.io/en/latest/advanced-usage.html#tls-warnings
  warnings.warn(
/home/comparendos/venv/lib/python3.12/site-packages/urllib3/connectionpool.py:1097: InsecureRequestWarning: Unverified HTTPS request is being made to host 'serviciosdigitales.movilidadavanzadabello.com.co'. Adding certificate verification is strongly advised. See: https://urllib3.readthedocs.io/en/latest/advanced-usage.html#tls-warnings
  warnings.warn(
/home/comparendos/venv/lib/python3.12/site-packages/urllib3/connectionpool.py:1097: InsecureRequestWarning: Unverified HTTPS request is being made to host 'serviciosdigitales.movilidadavanzadabello.com.co'. Adding certificate verification is strongly advised. See: https://urllib3.readthedocs.io/en/latest/advanced-usage.html#tls-warnings
  warnings.warn(
/home/comparendos/venv/lib/python3.12/site-packages/urllib3/connectionpool.py:1097: InsecureRequestWarning: Unverified HTTPS request is being made to host 'serviciosdigitales.movilidadavanzadabello.com.co'. Adding certificate verification is strongly advised. See: https://urllib3.readthedocs.io/en/latest/advanced-usage.html#tls-warnings
  warnings.warn(
/home/comparendos/venv/lib/python3.12/site-packages/urllib3/connectionpool.py:1097: InsecureRequestWarning: Unverified HTTPS request is being made to host 'serviciosdigitales.movilidadavanzadabello.com.co'. Adding certificate verification is strongly advised. See: https://urllib3.readthedocs.io/en/latest/advanced-usage.html#tls-warnings
  warnings.warn(
/home/comparendos/venv/lib/python3.12/site-packages/urllib3/connectionpool.py:1097: InsecureRequestWarning: Unverified HTTPS request is being made to host 'serviciosdigitales.movilidadavanzadabello.com.co'. Adding certificate verification is strongly advised. See: https://urllib3.readthedocs.io/en/latest/advanced-usage.html#tls-warnings
  warnings.warn(
/home/comparendos/venv/lib/python3.12/site-packages/urllib3/connectionpool.py:1097: InsecureRequestWarning: Unverified HTTPS request is being made to host 'serviciosdigitales.movilidadavanzadabello.com.co'. Adding certificate verification is strongly advised. See: https://urllib3.readthedocs.io/en/latest/advanced-usage.html#tls-warnings
  warnings.warn(
/home/comparendos/venv/lib/python3.12/site-packages/urllib3/connectionpool.py:1097: InsecureRequestWarning: Unverified HTTPS request is being made to host 'serviciosdigitales.movilidadavanzadabello.com.co'. Adding certificate verification is strongly advised. See: https://urllib3.readthedocs.io/en/latest/advanced-usage.html#tls-warnings
  warnings.warn(
/home/comparendos/venv/lib/python3.12/site-packages/urllib3/connectionpool.py:1097: InsecureRequestWarning: Unverified HTTPS request is being made to host 'serviciosdigitales.movilidadavanzadabello.com.co'. Adding certificate verification is strongly advised. See: https://urllib3.readthedocs.io/en/latest/advanced-usage.html#tls-warnings
  warnings.warn(
/home/comparendos/venv/lib/python3.12/site-packages/urllib3/connectionpool.py:1097: InsecureRequestWarning: Unverified HTTPS request is being made to host 'serviciosdigitales.movilidadavanzadabello.com.co'. Adding certificate verification is strongly advised. See: https://urllib3.readthedocs.io/en/latest/advanced-usage.html#tls-warnings
  warnings.warn(
/home/comparendos/venv/lib/python3.12/site-packages/urllib3/connectionpool.py:1097: InsecureRequestWarning: Unverified HTTPS request is being made to host 'serviciosdigitales.movilidadavanzadabello.com.co'. Adding certificate verification is strongly advised. See: https://urllib3.readthedocs.io/en/latest/advanced-usage.html#tls-warnings
  warnings.warn(
/home/comparendos/venv/lib/python3.12/site-packages/urllib3/connectionpool.py:1097: InsecureRequestWarning: Unverified HTTPS request is being made to host 'serviciosdigitales.movilidadavanzadabello.com.co'. Adding certificate verification is strongly advised. See: https://urllib3.readthedocs.io/en/latest/advanced-usage.html#tls-warnings
  warnings.warn(
/home/comparendos/venv/lib/python3.12/site-packages/urllib3/connectionpool.py:1097: InsecureRequestWarning: Unverified HTTPS request is being made to host 'serviciosdigitales.movilidadavanzadabello.com.co'. Adding certificate verification is strongly advised. See: https://urllib3.readthedocs.io/en/latest/advanced-usage.html#tls-warnings
  warnings.warn(
/home/comparendos/venv/lib/python3.12/site-packages/urllib3/connectionpool.py:1097: InsecureRequestWarning: Unverified HTTPS request is being made to host 'serviciosdigitales.movilidadavanzadabello.com.co'. Adding certificate verification is strongly advised. See: https://urllib3.readthedocs.io/en/latest/advanced-usage.html#tls-warnings
  warnings.warn(
/home/comparendos/venv/lib/python3.12/site-packages/urllib3/connectionpool.py:1097: InsecureRequestWarning: Unverified HTTPS request is being made to host 'serviciosdigitales.movilidadavanzadabello.com.co'. Adding certificate verification is strongly advised. See: https://urllib3.readthedocs.io/en/latest/advanced-usage.html#tls-warnings
  warnings.warn(
/home/comparendos/venv/lib/python3.12/site-packages/urllib3/connectionpool.py:1097: InsecureRequestWarning: Unverified HTTPS request is being made to host 'serviciosdigitales.movilidadavanzadabello.com.co'. Adding certificate verification is strongly advised. See: https://urllib3.readthedocs.io/en/latest/advanced-usage.html#tls-warnings
  warnings.warn(
/home/comparendos/venv/lib/python3.12/site-packages/urllib3/connectionpool.py:1097: InsecureRequestWarning: Unverified HTTPS request is being made to host 'serviciosdigitales.movilidadavanzadabello.com.co'. Adding certificate verification is strongly advised. See: https://urllib3.readthedocs.io/en/latest/advanced-usage.html#tls-warnings
  warnings.warn(
/home/comparendos/venv/lib/python3.12/site-packages/urllib3/connectionpool.py:1097: InsecureRequestWarning: Unverified HTTPS request is being made to host 'serviciosdigitales.movilidadavanzadabello.com.co'. Adding certificate verification is strongly advised. See: https://urllib3.readthedocs.io/en/latest/advanced-usage.html#tls-warnings
  warnings.warn(
/home/comparendos/venv/lib/python3.12/site-packages/urllib3/connectionpool.py:1097: InsecureRequestWarning: Unverified HTTPS request is being made to host 'serviciosdigitales.movilidadavanzadabello.com.co'. Adding certificate verification is strongly advised. See: https://urllib3.readthedocs.io/en/latest/advanced-usage.html#tls-warnings
  warnings.warn(
/home/comparendos/venv/lib/python3.12/site-packages/urllib3/connectionpool.py:1097: InsecureRequestWarning: Unverified HTTPS request is being made to host 'serviciosdigitales.movilidadavanzadabello.com.co'. Adding certificate verification is strongly advised. See: https://urllib3.readthedocs.io/en/latest/advanced-usage.html#tls-warnings
  warnings.warn(
/home/comparendos/venv/lib/python3.12/site-packages/urllib3/connectionpool.py:1097: InsecureRequestWarning: Unverified HTTPS request is being made to host 'serviciosdigitales.movilidadavanzadabello.com.co'. Adding certificate verification is strongly advised. See: https://urllib3.readthedocs.io/en/latest/advanced-usage.html#tls-warnings
  warnings.warn(
/home/comparendos/venv/lib/python3.12/site-packages/urllib3/connectionpool.py:1097: InsecureRequestWarning: Unverified HTTPS request is being made to host 'serviciosdigitales.movilidadavanzadabello.com.co'. Adding certificate verification is strongly advised. See: https://urllib3.readthedocs.io/en/latest/advanced-usage.html#tls-warnings
  warnings.warn(
/home/comparendos/venv/lib/python3.12/site-packages/urllib3/connectionpool.py:1097: InsecureRequestWarning: Unverified HTTPS request is being made to host 'serviciosdigitales.movilidadavanzadabello.com.co'. Adding certificate verification is strongly advised. See: https://urllib3.readthedocs.io/en/latest/advanced-usage.html#tls-warnings
  warnings.warn(
/home/comparendos/venv/lib/python3.12/site-packages/urllib3/connectionpool.py:1097: InsecureRequestWarning: Unverified HTTPS request is being made to host 'serviciosdigitales.movilidadavanzadabello.com.co'. Adding certificate verification is strongly advised. See: https://urllib3.readthedocs.io/en/latest/advanced-usage.html#tls-warnings
  warnings.warn(
/home/comparendos/venv/lib/python3.12/site-packages/urllib3/connectionpool.py:1097: InsecureRequestWarning: Unverified HTTPS request is being made to host 'serviciosdigitales.movilidadavanzadabello.com.co'. Adding certificate verification is strongly advised. See: https://urllib3.readthedocs.io/en/latest/advanced-usage.html#tls-warnings
  warnings.warn(
/home/comparendos/venv/lib/python3.12/site-packages/urllib3/connectionpool.py:1097: InsecureRequestWarning: Unverified HTTPS request is being made to host 'serviciosdigitales.movilidadavanzadabello.com.co'. Adding certificate verification is strongly advised. See: https://urllib3.readthedocs.io/en/latest/advanced-usage.html#tls-warnings
  warnings.warn(
/home/comparendos/venv/lib/python3.12/site-packages/urllib3/connectionpool.py:1097: InsecureRequestWarning: Unverified HTTPS request is being made to host 'serviciosdigitales.movilidadavanzadabello.com.co'. Adding certificate verification is strongly advised. See: https://urllib3.readthedocs.io/en/latest/advanced-usage.html#tls-warnings
  warnings.warn(
/home/comparendos/venv/lib/python3.12/site-packages/urllib3/connectionpool.py:1097: InsecureRequestWarning: Unverified HTTPS request is being made to host 'serviciosdigitales.movilidadavanzadabello.com.co'. Adding certificate verification is strongly advised. See: https://urllib3.readthedocs.io/en/latest/advanced-usage.html#tls-warnings
  warnings.warn(
/home/comparendos/venv/lib/python3.12/site-packages/urllib3/connectionpool.py:1097: InsecureRequestWarning: Unverified HTTPS request is being made to host 'serviciosdigitales.movilidadavanzadabello.com.co'. Adding certificate verification is strongly advised. See: https://urllib3.readthedocs.io/en/latest/advanced-usage.html#tls-warnings
  warnings.warn(
/home/comparendos/venv/lib/python3.12/site-packages/urllib3/connectionpool.py:1097: InsecureRequestWarning: Unverified HTTPS request is being made to host 'serviciosdigitales.movilidadavanzadabello.com.co'. Adding certificate verification is strongly advised. See: https://urllib3.readthedocs.io/en/latest/advanced-usage.html#tls-warnings
  warnings.warn(
/home/comparendos/venv/lib/python3.12/site-packages/urllib3/connectionpool.py:1097: InsecureRequestWarning: Unverified HTTPS request is being made to host 'serviciosdigitales.movilidadavanzadabello.com.co'. Adding certificate verification is strongly advised. See: https://urllib3.readthedocs.io/en/latest/advanced-usage.html#tls-warnings
  warnings.warn(
/home/comparendos/venv/lib/python3.12/site-packages/urllib3/connectionpool.py:1097: InsecureRequestWarning: Unverified HTTPS request is being made to host 'serviciosdigitales.movilidadavanzadabello.com.co'. Adding certificate verification is strongly advised. See: https://urllib3.readthedocs.io/en/latest/advanced-usage.html#tls-warnings
  warnings.warn(
/home/comparendos/venv/lib/python3.12/site-packages/urllib3/connectionpool.py:1097: InsecureRequestWarning: Unverified HTTPS request is being made to host 'serviciosdigitales.movilidadavanzadabello.com.co'. Adding certificate verification is strongly advised. See: https://urllib3.readthedocs.io/en/latest/advanced-usage.html#tls-warnings
  warnings.warn(
/home/comparendos/venv/lib/python3.12/site-packages/urllib3/connectionpool.py:1097: InsecureRequestWarning: Unverified HTTPS request is being made to host 'serviciosdigitales.movilidadavanzadabello.com.co'. Adding certificate verification is strongly advised. See: https://urllib3.readthedocs.io/en/latest/advanced-usage.html#tls-warnings
  warnings.warn(
/home/comparendos/venv/lib/python3.12/site-packages/urllib3/connectionpool.py:1097: InsecureRequestWarning: Unverified HTTPS request is being made to host 'serviciosdigitales.movilidadavanzadabello.com.co'. Adding certificate verification is strongly advised. See: https://urllib3.readthedocs.io/en/latest/advanced-usage.html#tls-warnings
  warnings.warn(
/home/comparendos/venv/lib/python3.12/site-packages/urllib3/connectionpool.py:1097: InsecureRequestWarning: Unverified HTTPS request is being made to host 'serviciosdigitales.movilidadavanzadabello.com.co'. Adding certificate verification is strongly advised. See: https://urllib3.readthedocs.io/en/latest/advanced-usage.html#tls-warnings
  warnings.warn(
/home/comparendos/venv/lib/python3.12/site-packages/urllib3/connectionpool.py:1097: InsecureRequestWarning: Unverified HTTPS request is being made to host 'serviciosdigitales.movilidadavanzadabello.com.co'. Adding certificate verification is strongly advised. See: https://urllib3.readthedocs.io/en/latest/advanced-usage.html#tls-warnings
  warnings.warn(
/home/comparendos/venv/lib/python3.12/site-packages/urllib3/connectionpool.py:1097: InsecureRequestWarning: Unverified HTTPS request is being made to host 'serviciosdigitales.movilidadavanzadabello.com.co'. Adding certificate verification is strongly advised. See: https://urllib3.readthedocs.io/en/latest/advanced-usage.html#tls-warnings
  warnings.warn(
/home/comparendos/venv/lib/python3.12/site-packages/urllib3/connectionpool.py:1097: InsecureRequestWarning: Unverified HTTPS request is being made to host 'serviciosdigitales.movilidadavanzadabello.com.co'. Adding certificate verification is strongly advised. See: https://urllib3.readthedocs.io/en/latest/advanced-usage.html#tls-warnings
  warnings.warn(
/home/comparendos/venv/lib/python3.12/site-packages/urllib3/connectionpool.py:1097: InsecureRequestWarning: Unverified HTTPS request is being made to host 'serviciosdigitales.movilidadavanzadabello.com.co'. Adding certificate verification is strongly advised. See: https://urllib3.readthedocs.io/en/latest/advanced-usage.html#tls-warnings
  warnings.warn(
/home/comparendos/venv/lib/python3.12/site-packages/urllib3/connectionpool.py:1097: InsecureRequestWarning: Unverified HTTPS request is being made to host 'serviciosdigitales.movilidadavanzadabello.com.co'. Adding certificate verification is strongly advised. See: https://urllib3.readthedocs.io/en/latest/advanced-usage.html#tls-warnings
  warnings.warn(
/home/comparendos/venv/lib/python3.12/site-packages/urllib3/connectionpool.py:1097: InsecureRequestWarning: Unverified HTTPS request is being made to host 'serviciosdigitales.movilidadavanzadabello.com.co'. Adding certificate verification is strongly advised. See: https://urllib3.readthedocs.io/en/latest/advanced-usage.html#tls-warnings
  warnings.warn(
/home/comparendos/venv/lib/python3.12/site-packages/urllib3/connectionpool.py:1097: InsecureRequestWarning: Unverified HTTPS request is being made to host 'serviciosdigitales.movilidadavanzadabello.com.co'. Adding certificate verification is strongly advised. See: https://urllib3.readthedocs.io/en/latest/advanced-usage.html#tls-warnings
  warnings.warn(
/home/comparendos/venv/lib/python3.12/site-packages/urllib3/connectionpool.py:1097: InsecureRequestWarning: Unverified HTTPS request is being made to host 'serviciosdigitales.movilidadavanzadabello.com.co'. Adding certificate verification is strongly advised. See: https://urllib3.readthedocs.io/en/latest/advanced-usage.html#tls-warnings
  warnings.warn(
/home/comparendos/venv/lib/python3.12/site-packages/urllib3/connectionpool.py:1097: InsecureRequestWarning: Unverified HTTPS request is being made to host 'serviciosdigitales.movilidadavanzadabello.com.co'. Adding certificate verification is strongly advised. See: https://urllib3.readthedocs.io/en/latest/advanced-usage.html#tls-warnings
  warnings.warn(
/home/comparendos/venv/lib/python3.12/site-packages/urllib3/connectionpool.py:1097: InsecureRequestWarning: Unverified HTTPS request is being made to host 'serviciosdigitales.movilidadavanzadabello.com.co'. Adding certificate verification is strongly advised. See: https://urllib3.readthedocs.io/en/latest/advanced-usage.html#tls-warnings
  warnings.warn(
/home/comparendos/venv/lib/python3.12/site-packages/urllib3/connectionpool.py:1097: InsecureRequestWarning: Unverified HTTPS request is being made to host 'serviciosdigitales.movilidadavanzadabello.com.co'. Adding certificate verification is strongly advised. See: https://urllib3.readthedocs.io/en/latest/advanced-usage.html#tls-warnings
  warnings.warn(
/home/comparendos/venv/lib/python3.12/site-packages/urllib3/connectionpool.py:1097: InsecureRequestWarning: Unverified HTTPS request is being made to host 'serviciosdigitales.movilidadavanzadabello.com.co'. Adding certificate verification is strongly advised. See: https://urllib3.readthedocs.io/en/latest/advanced-usage.html#tls-warnings
  warnings.warn(
/home/comparendos/venv/lib/python3.12/site-packages/urllib3/connectionpool.py:1097: InsecureRequestWarning: Unverified HTTPS request is being made to host 'serviciosdigitales.movilidadavanzadabello.com.co'. Adding certificate verification is strongly advised. See: https://urllib3.readthedocs.io/en/latest/advanced-usage.html#tls-warnings
  warnings.warn(
/home/comparendos/venv/lib/python3.12/site-packages/urllib3/connectionpool.py:1097: InsecureRequestWarning: Unverified HTTPS request is being made to host 'serviciosdigitales.movilidadavanzadabello.com.co'. Adding certificate verification is strongly advised. See: https://urllib3.readthedocs.io/en/latest/advanced-usage.html#tls-warnings
  warnings.warn(
/home/comparendos/venv/lib/python3.12/site-packages/urllib3/connectionpool.py:1097: InsecureRequestWarning: Unverified HTTPS request is being made to host 'serviciosdigitales.movilidadavanzadabello.com.co'. Adding certificate verification is strongly advised. See: https://urllib3.readthedocs.io/en/latest/advanced-usage.html#tls-warnings
  warnings.warn(
/home/comparendos/venv/lib/python3.12/site-packages/urllib3/connectionpool.py:1097: InsecureRequestWarning: Unverified HTTPS request is being made to host 'serviciosdigitales.movilidadavanzadabello.com.co'. Adding certificate verification is strongly advised. See: https://urllib3.readthedocs.io/en/latest/advanced-usage.html#tls-warnings
  warnings.warn(
/home/comparendos/venv/lib/python3.12/site-packages/urllib3/connectionpool.py:1097: InsecureRequestWarning: Unverified HTTPS request is being made to host 'serviciosdigitales.movilidadavanzadabello.com.co'. Adding certificate verification is strongly advised. See: https://urllib3.readthedocs.io/en/latest/advanced-usage.html#tls-warnings
  warnings.warn(
/home/comparendos/venv/lib/python3.12/site-packages/urllib3/connectionpool.py:1097: InsecureRequestWarning: Unverified HTTPS request is being made to host 'serviciosdigitales.movilidadavanzadabello.com.co'. Adding certificate verification is strongly advised. See: https://urllib3.readthedocs.io/en/latest/advanced-usage.html#tls-warnings
  warnings.warn(
/home/comparendos/venv/lib/python3.12/site-packages/urllib3/connectionpool.py:1097: InsecureRequestWarning: Unverified HTTPS request is being made to host 'serviciosdigitales.movilidadavanzadabello.com.co'. Adding certificate verification is strongly advised. See: https://urllib3.readthedocs.io/en/latest/advanced-usage.html#tls-warnings
  warnings.warn(
/home/comparendos/venv/lib/python3.12/site-packages/urllib3/connectionpool.py:1097: InsecureRequestWarning: Unverified HTTPS request is being made to host 'serviciosdigitales.movilidadavanzadabello.com.co'. Adding certificate verification is strongly advised. See: https://urllib3.readthedocs.io/en/latest/advanced-usage.html#tls-warnings
  warnings.warn(
/home/comparendos/venv/lib/python3.12/site-packages/urllib3/connectionpool.py:1097: InsecureRequestWarning: Unverified HTTPS request is being made to host 'serviciosdigitales.movilidadavanzadabello.com.co'. Adding certificate verification is strongly advised. See: https://urllib3.readthedocs.io/en/latest/advanced-usage.html#tls-warnings
  warnings.warn(
/home/comparendos/venv/lib/python3.12/site-packages/urllib3/connectionpool.py:1097: InsecureRequestWarning: Unverified HTTPS request is being made to host 'serviciosdigitales.movilidadavanzadabello.com.co'. Adding certificate verification is strongly advised. See: https://urllib3.readthedocs.io/en/latest/advanced-usage.html#tls-warnings
  warnings.warn(
/home/comparendos/venv/lib/python3.12/site-packages/urllib3/connectionpool.py:1097: InsecureRequestWarning: Unverified HTTPS request is being made to host 'serviciosdigitales.movilidadavanzadabello.com.co'. Adding certificate verification is strongly advised. See: https://urllib3.readthedocs.io/en/latest/advanced-usage.html#tls-warnings
  warnings.warn(
/home/comparendos/venv/lib/python3.12/site-packages/urllib3/connectionpool.py:1097: InsecureRequestWarning: Unverified HTTPS request is being made to host 'serviciosdigitales.movilidadavanzadabello.com.co'. Adding certificate verification is strongly advised. See: https://urllib3.readthedocs.io/en/latest/advanced-usage.html#tls-warnings
  warnings.warn(
/home/comparendos/venv/lib/python3.12/site-packages/urllib3/connectionpool.py:1097: InsecureRequestWarning: Unverified HTTPS request is being made to host 'serviciosdigitales.movilidadavanzadabello.com.co'. Adding certificate verification is strongly advised. See: https://urllib3.readthedocs.io/en/latest/advanced-usage.html#tls-warnings
  warnings.warn(
/home/comparendos/venv/lib/python3.12/site-packages/urllib3/connectionpool.py:1097: InsecureRequestWarning: Unverified HTTPS request is being made to host 'serviciosdigitales.movilidadavanzadabello.com.co'. Adding certificate verification is strongly advised. See: https://urllib3.readthedocs.io/en/latest/advanced-usage.html#tls-warnings
  warnings.warn(
/home/comparendos/venv/lib/python3.12/site-packages/urllib3/connectionpool.py:1097: InsecureRequestWarning: Unverified HTTPS request is being made to host 'serviciosdigitales.movilidadavanzadabello.com.co'. Adding certificate verification is strongly advised. See: https://urllib3.readthedocs.io/en/latest/advanced-usage.html#tls-warnings
  warnings.warn(
/home/comparendos/venv/lib/python3.12/site-packages/urllib3/connectionpool.py:1097: InsecureRequestWarning: Unverified HTTPS request is being made to host 'serviciosdigitales.movilidadavanzadabello.com.co'. Adding certificate verification is strongly advised. See: https://urllib3.readthedocs.io/en/latest/advanced-usage.html#tls-warnings
  warnings.warn(
/home/comparendos/venv/lib/python3.12/site-packages/urllib3/connectionpool.py:1097: InsecureRequestWarning: Unverified HTTPS request is being made to host 'serviciosdigitales.movilidadavanzadabello.com.co'. Adding certificate verification is strongly advised. See: https://urllib3.readthedocs.io/en/latest/advanced-usage.html#tls-warnings
  warnings.warn(
/home/comparendos/venv/lib/python3.12/site-packages/urllib3/connectionpool.py:1097: InsecureRequestWarning: Unverified HTTPS request is being made to host 'serviciosdigitales.movilidadavanzadabello.com.co'. Adding certificate verification is strongly advised. See: https://urllib3.readthedocs.io/en/latest/advanced-usage.html#tls-warnings
  warnings.warn(
/home/comparendos/venv/lib/python3.12/site-packages/urllib3/connectionpool.py:1097: InsecureRequestWarning: Unverified HTTPS request is being made to host 'serviciosdigitales.movilidadavanzadabello.com.co'. Adding certificate verification is strongly advised. See: https://urllib3.readthedocs.io/en/latest/advanced-usage.html#tls-warnings
  warnings.warn(
/home/comparendos/venv/lib/python3.12/site-packages/urllib3/connectionpool.py:1097: InsecureRequestWarning: Unverified HTTPS request is being made to host 'serviciosdigitales.movilidadavanzadabello.com.co'. Adding certificate verification is strongly advised. See: https://urllib3.readthedocs.io/en/latest/advanced-usage.html#tls-warnings
  warnings.warn(
/home/comparendos/venv/lib/python3.12/site-packages/urllib3/connectionpool.py:1097: InsecureRequestWarning: Unverified HTTPS request is being made to host 'serviciosdigitales.movilidadavanzadabello.com.co'. Adding certificate verification is strongly advised. See: https://urllib3.readthedocs.io/en/latest/advanced-usage.html#tls-warnings
  warnings.warn(
/home/comparendos/venv/lib/python3.12/site-packages/urllib3/connectionpool.py:1097: InsecureRequestWarning: Unverified HTTPS request is being made to host 'serviciosdigitales.movilidadavanzadabello.com.co'. Adding certificate verification is strongly advised. See: https://urllib3.readthedocs.io/en/latest/advanced-usage.html#tls-warnings
  warnings.warn(
/home/comparendos/venv/lib/python3.12/site-packages/urllib3/connectionpool.py:1097: InsecureRequestWarning: Unverified HTTPS request is being made to host 'serviciosdigitales.movilidadavanzadabello.com.co'. Adding certificate verification is strongly advised. See: https://urllib3.readthedocs.io/en/latest/advanced-usage.html#tls-warnings
  warnings.warn(
/home/comparendos/venv/lib/python3.12/site-packages/urllib3/connectionpool.py:1097: InsecureRequestWarning: Unverified HTTPS request is being made to host 'serviciosdigitales.movilidadavanzadabello.com.co'. Adding certificate verification is strongly advised. See: https://urllib3.readthedocs.io/en/latest/advanced-usage.html#tls-warnings
  warnings.warn(
/home/comparendos/venv/lib/python3.12/site-packages/urllib3/connectionpool.py:1097: InsecureRequestWarning: Unverified HTTPS request is being made to host 'serviciosdigitales.movilidadavanzadabello.com.co'. Adding certificate verification is strongly advised. See: https://urllib3.readthedocs.io/en/latest/advanced-usage.html#tls-warnings
  warnings.warn(
/home/comparendos/venv/lib/python3.12/site-packages/urllib3/connectionpool.py:1097: InsecureRequestWarning: Unverified HTTPS request is being made to host 'serviciosdigitales.movilidadavanzadabello.com.co'. Adding certificate verification is strongly advised. See: https://urllib3.readthedocs.io/en/latest/advanced-usage.html#tls-warnings
  warnings.warn(
/home/comparendos/venv/lib/python3.12/site-packages/urllib3/connectionpool.py:1097: InsecureRequestWarning: Unverified HTTPS request is being made to host 'serviciosdigitales.movilidadavanzadabello.com.co'. Adding certificate verification is strongly advised. See: https://urllib3.readthedocs.io/en/latest/advanced-usage.html#tls-warnings
  warnings.warn(
/home/comparendos/venv/lib/python3.12/site-packages/urllib3/connectionpool.py:1097: InsecureRequestWarning: Unverified HTTPS request is being made to host 'serviciosdigitales.movilidadavanzadabello.com.co'. Adding certificate verification is strongly advised. See: https://urllib3.readthedocs.io/en/latest/advanced-usage.html#tls-warnings
  warnings.warn(
/home/comparendos/venv/lib/python3.12/site-packages/urllib3/connectionpool.py:1097: InsecureRequestWarning: Unverified HTTPS request is being made to host 'serviciosdigitales.movilidadavanzadabello.com.co'. Adding certificate verification is strongly advised. See: https://urllib3.readthedocs.io/en/latest/advanced-usage.html#tls-warnings
  warnings.warn(
/home/comparendos/venv/lib/python3.12/site-packages/urllib3/connectionpool.py:1097: InsecureRequestWarning: Unverified HTTPS request is being made to host 'serviciosdigitales.movilidadavanzadabello.com.co'. Adding certificate verification is strongly advised. See: https://urllib3.readthedocs.io/en/latest/advanced-usage.html#tls-warnings
  warnings.warn(
/home/comparendos/venv/lib/python3.12/site-packages/urllib3/connectionpool.py:1097: InsecureRequestWarning: Unverified HTTPS request is being made to host 'serviciosdigitales.movilidadavanzadabello.com.co'. Adding certificate verification is strongly advised. See: https://urllib3.readthedocs.io/en/latest/advanced-usage.html#tls-warnings
  warnings.warn(
/home/comparendos/venv/lib/python3.12/site-packages/urllib3/connectionpool.py:1097: InsecureRequestWarning: Unverified HTTPS request is being made to host 'serviciosdigitales.movilidadavanzadabello.com.co'. Adding certificate verification is strongly advised. See: https://urllib3.readthedocs.io/en/latest/advanced-usage.html#tls-warnings
  warnings.warn(
/home/comparendos/venv/lib/python3.12/site-packages/urllib3/connectionpool.py:1097: InsecureRequestWarning: Unverified HTTPS request is being made to host 'serviciosdigitales.movilidadavanzadabello.com.co'. Adding certificate verification is strongly advised. See: https://urllib3.readthedocs.io/en/latest/advanced-usage.html#tls-warnings
  warnings.warn(
/home/comparendos/venv/lib/python3.12/site-packages/urllib3/connectionpool.py:1097: InsecureRequestWarning: Unverified HTTPS request is being made to host 'serviciosdigitales.movilidadavanzadabello.com.co'. Adding certificate verification is strongly advised. See: https://urllib3.readthedocs.io/en/latest/advanced-usage.html#tls-warnings
  warnings.warn(
/home/comparendos/venv/lib/python3.12/site-packages/urllib3/connectionpool.py:1097: InsecureRequestWarning: Unverified HTTPS request is being made to host 'serviciosdigitales.movilidadavanzadabello.com.co'. Adding certificate verification is strongly advised. See: https://urllib3.readthedocs.io/en/latest/advanced-usage.html#tls-warnings
  warnings.warn(
/home/comparendos/venv/lib/python3.12/site-packages/urllib3/connectionpool.py:1097: InsecureRequestWarning: Unverified HTTPS request is being made to host 'serviciosdigitales.movilidadavanzadabello.com.co'. Adding certificate verification is strongly advised. See: https://urllib3.readthedocs.io/en/latest/advanced-usage.html#tls-warnings
  warnings.warn(
/home/comparendos/venv/lib/python3.12/site-packages/urllib3/connectionpool.py:1097: InsecureRequestWarning: Unverified HTTPS request is being made to host 'serviciosdigitales.movilidadavanzadabello.com.co'. Adding certificate verification is strongly advised. See: https://urllib3.readthedocs.io/en/latest/advanced-usage.html#tls-warnings
  warnings.warn(
/home/comparendos/venv/lib/python3.12/site-packages/urllib3/connectionpool.py:1097: InsecureRequestWarning: Unverified HTTPS request is being made to host 'serviciosdigitales.movilidadavanzadabello.com.co'. Adding certificate verification is strongly advised. See: https://urllib3.readthedocs.io/en/latest/advanced-usage.html#tls-warnings
  warnings.warn(
/home/comparendos/venv/lib/python3.12/site-packages/urllib3/connectionpool.py:1097: InsecureRequestWarning: Unverified HTTPS request is being made to host 'serviciosdigitales.movilidadavanzadabello.com.co'. Adding certificate verification is strongly advised. See: https://urllib3.readthedocs.io/en/latest/advanced-usage.html#tls-warnings
  warnings.warn(
/home/comparendos/venv/lib/python3.12/site-packages/urllib3/connectionpool.py:1097: InsecureRequestWarning: Unverified HTTPS request is being made to host 'serviciosdigitales.movilidadavanzadabello.com.co'. Adding certificate verification is strongly advised. See: https://urllib3.readthedocs.io/en/latest/advanced-usage.html#tls-warnings
  warnings.warn(
/home/comparendos/venv/lib/python3.12/site-packages/urllib3/connectionpool.py:1097: InsecureRequestWarning: Unverified HTTPS request is being made to host 'serviciosdigitales.movilidadavanzadabello.com.co'. Adding certificate verification is strongly advised. See: https://urllib3.readthedocs.io/en/latest/advanced-usage.html#tls-warnings
  warnings.warn(
/home/comparendos/venv/lib/python3.12/site-packages/urllib3/connectionpool.py:1097: InsecureRequestWarning: Unverified HTTPS request is being made to host 'serviciosdigitales.movilidadavanzadabello.com.co'. Adding certificate verification is strongly advised. See: https://urllib3.readthedocs.io/en/latest/advanced-usage.html#tls-warnings
  warnings.warn(
/home/comparendos/venv/lib/python3.12/site-packages/urllib3/connectionpool.py:1097: InsecureRequestWarning: Unverified HTTPS request is being made to host 'serviciosdigitales.movilidadavanzadabello.com.co'. Adding certificate verification is strongly advised. See: https://urllib3.readthedocs.io/en/latest/advanced-usage.html#tls-warnings
  warnings.warn(
/home/comparendos/venv/lib/python3.12/site-packages/urllib3/connectionpool.py:1097: InsecureRequestWarning: Unverified HTTPS request is being made to host 'serviciosdigitales.movilidadavanzadabello.com.co'. Adding certificate verification is strongly advised. See: https://urllib3.readthedocs.io/en/latest/advanced-usage.html#tls-warnings
  warnings.warn(
/home/comparendos/venv/lib/python3.12/site-packages/urllib3/connectionpool.py:1097: InsecureRequestWarning: Unverified HTTPS request is being made to host 'serviciosdigitales.movilidadavanzadabello.com.co'. Adding certificate verification is strongly advised. See: https://urllib3.readthedocs.io/en/latest/advanced-usage.html#tls-warnings
  warnings.warn(
/home/comparendos/venv/lib/python3.12/site-packages/urllib3/connectionpool.py:1097: InsecureRequestWarning: Unverified HTTPS request is being made to host 'serviciosdigitales.movilidadavanzadabello.com.co'. Adding certificate verification is strongly advised. See: https://urllib3.readthedocs.io/en/latest/advanced-usage.html#tls-warnings
  warnings.warn(
/home/comparendos/venv/lib/python3.12/site-packages/urllib3/connectionpool.py:1097: InsecureRequestWarning: Unverified HTTPS request is being made to host 'serviciosdigitales.movilidadavanzadabello.com.co'. Adding certificate verification is strongly advised. See: https://urllib3.readthedocs.io/en/latest/advanced-usage.html#tls-warnings
  warnings.warn(
/home/comparendos/venv/lib/python3.12/site-packages/urllib3/connectionpool.py:1097: InsecureRequestWarning: Unverified HTTPS request is being made to host 'serviciosdigitales.movilidadavanzadabello.com.co'. Adding certificate verification is strongly advised. See: https://urllib3.readthedocs.io/en/latest/advanced-usage.html#tls-warnings
  warnings.warn(
/home/comparendos/venv/lib/python3.12/site-packages/urllib3/connectionpool.py:1097: InsecureRequestWarning: Unverified HTTPS request is being made to host 'serviciosdigitales.movilidadavanzadabello.com.co'. Adding certificate verification is strongly advised. See: https://urllib3.readthedocs.io/en/latest/advanced-usage.html#tls-warnings
  warnings.warn(
/home/comparendos/venv/lib/python3.12/site-packages/urllib3/connectionpool.py:1097: InsecureRequestWarning: Unverified HTTPS request is being made to host 'serviciosdigitales.movilidadavanzadabello.com.co'. Adding certificate verification is strongly advised. See: https://urllib3.readthedocs.io/en/latest/advanced-usage.html#tls-warnings
  warnings.warn(
/home/comparendos/venv/lib/python3.12/site-packages/urllib3/connectionpool.py:1097: InsecureRequestWarning: Unverified HTTPS request is being made to host 'serviciosdigitales.movilidadavanzadabello.com.co'. Adding certificate verification is strongly advised. See: https://urllib3.readthedocs.io/en/latest/advanced-usage.html#tls-warnings
  warnings.warn(
/home/comparendos/venv/lib/python3.12/site-packages/urllib3/connectionpool.py:1097: InsecureRequestWarning: Unverified HTTPS request is being made to host 'serviciosdigitales.movilidadavanzadabello.com.co'. Adding certificate verification is strongly advised. See: https://urllib3.readthedocs.io/en/latest/advanced-usage.html#tls-warnings
  warnings.warn(
/home/comparendos/venv/lib/python3.12/site-packages/urllib3/connectionpool.py:1097: InsecureRequestWarning: Unverified HTTPS request is being made to host 'serviciosdigitales.movilidadavanzadabello.com.co'. Adding certificate verification is strongly advised. See: https://urllib3.readthedocs.io/en/latest/advanced-usage.html#tls-warnings
  warnings.warn(
/home/comparendos/venv/lib/python3.12/site-packages/urllib3/connectionpool.py:1097: InsecureRequestWarning: Unverified HTTPS request is being made to host 'serviciosdigitales.movilidadavanzadabello.com.co'. Adding certificate verification is strongly advised. See: https://urllib3.readthedocs.io/en/latest/advanced-usage.html#tls-warnings
  warnings.warn(
/home/comparendos/venv/lib/python3.12/site-packages/urllib3/connectionpool.py:1097: InsecureRequestWarning: Unverified HTTPS request is being made to host 'serviciosdigitales.movilidadavanzadabello.com.co'. Adding certificate verification is strongly advised. See: https://urllib3.readthedocs.io/en/latest/advanced-usage.html#tls-warnings
  warnings.warn(
/home/comparendos/venv/lib/python3.12/site-packages/urllib3/connectionpool.py:1097: InsecureRequestWarning: Unverified HTTPS request is being made to host 'serviciosdigitales.movilidadavanzadabello.com.co'. Adding certificate verification is strongly advised. See: https://urllib3.readthedocs.io/en/latest/advanced-usage.html#tls-warnings
  warnings.warn(
/home/comparendos/venv/lib/python3.12/site-packages/urllib3/connectionpool.py:1097: InsecureRequestWarning: Unverified HTTPS request is being made to host 'serviciosdigitales.movilidadavanzadabello.com.co'. Adding certificate verification is strongly advised. See: https://urllib3.readthedocs.io/en/latest/advanced-usage.html#tls-warnings
  warnings.warn(
/home/comparendos/venv/lib/python3.12/site-packages/urllib3/connectionpool.py:1097: InsecureRequestWarning: Unverified HTTPS request is being made to host 'serviciosdigitales.movilidadavanzadabello.com.co'. Adding certificate verification is strongly advised. See: https://urllib3.readthedocs.io/en/latest/advanced-usage.html#tls-warnings
  warnings.warn(
/home/comparendos/venv/lib/python3.12/site-packages/urllib3/connectionpool.py:1097: InsecureRequestWarning: Unverified HTTPS request is being made to host 'serviciosdigitales.movilidadavanzadabello.com.co'. Adding certificate verification is strongly advised. See: https://urllib3.readthedocs.io/en/latest/advanced-usage.html#tls-warnings
  warnings.warn(
/home/comparendos/venv/lib/python3.12/site-packages/urllib3/connectionpool.py:1097: InsecureRequestWarning: Unverified HTTPS request is being made to host 'serviciosdigitales.movilidadavanzadabello.com.co'. Adding certificate verification is strongly advised. See: https://urllib3.readthedocs.io/en/latest/advanced-usage.html#tls-warnings
  warnings.warn(
/home/comparendos/venv/lib/python3.12/site-packages/urllib3/connectionpool.py:1097: InsecureRequestWarning: Unverified HTTPS request is being made to host 'serviciosdigitales.movilidadavanzadabello.com.co'. Adding certificate verification is strongly advised. See: https://urllib3.readthedocs.io/en/latest/advanced-usage.html#tls-warnings
  warnings.warn(
/home/comparendos/venv/lib/python3.12/site-packages/urllib3/connectionpool.py:1097: InsecureRequestWarning: Unverified HTTPS request is being made to host 'serviciosdigitales.movilidadavanzadabello.com.co'. Adding certificate verification is strongly advised. See: https://urllib3.readthedocs.io/en/latest/advanced-usage.html#tls-warnings
  warnings.warn(
/home/comparendos/venv/lib/python3.12/site-packages/urllib3/connectionpool.py:1097: InsecureRequestWarning: Unverified HTTPS request is being made to host 'serviciosdigitales.movilidadavanzadabello.com.co'. Adding certificate verification is strongly advised. See: https://urllib3.readthedocs.io/en/latest/advanced-usage.html#tls-warnings
  warnings.warn(
/home/comparendos/venv/lib/python3.12/site-packages/urllib3/connectionpool.py:1097: InsecureRequestWarning: Unverified HTTPS request is being made to host 'serviciosdigitales.movilidadavanzadabello.com.co'. Adding certificate verification is strongly advised. See: https://urllib3.readthedocs.io/en/latest/advanced-usage.html#tls-warnings
  warnings.warn(
/home/comparendos/venv/lib/python3.12/site-packages/urllib3/connectionpool.py:1097: InsecureRequestWarning: Unverified HTTPS request is being made to host 'serviciosdigitales.movilidadavanzadabello.com.co'. Adding certificate verification is strongly advised. See: https://urllib3.readthedocs.io/en/latest/advanced-usage.html#tls-warnings
  warnings.warn(
/home/comparendos/venv/lib/python3.12/site-packages/urllib3/connectionpool.py:1097: InsecureRequestWarning: Unverified HTTPS request is being made to host 'serviciosdigitales.movilidadavanzadabello.com.co'. Adding certificate verification is strongly advised. See: https://urllib3.readthedocs.io/en/latest/advanced-usage.html#tls-warnings
  warnings.warn(
/home/comparendos/venv/lib/python3.12/site-packages/urllib3/connectionpool.py:1097: InsecureRequestWarning: Unverified HTTPS request is being made to host 'serviciosdigitales.movilidadavanzadabello.com.co'. Adding certificate verification is strongly advised. See: https://urllib3.readthedocs.io/en/latest/advanced-usage.html#tls-warnings
  warnings.warn(
/home/comparendos/venv/lib/python3.12/site-packages/urllib3/connectionpool.py:1097: InsecureRequestWarning: Unverified HTTPS request is being made to host 'serviciosdigitales.movilidadavanzadabello.com.co'. Adding certificate verification is strongly advised. See: https://urllib3.readthedocs.io/en/latest/advanced-usage.html#tls-warnings
  warnings.warn(
/home/comparendos/venv/lib/python3.12/site-packages/urllib3/connectionpool.py:1097: InsecureRequestWarning: Unverified HTTPS request is being made to host 'serviciosdigitales.movilidadavanzadabello.com.co'. Adding certificate verification is strongly advised. See: https://urllib3.readthedocs.io/en/latest/advanced-usage.html#tls-warnings
  warnings.warn(
/home/comparendos/venv/lib/python3.12/site-packages/urllib3/connectionpool.py:1097: InsecureRequestWarning: Unverified HTTPS request is being made to host 'serviciosdigitales.movilidadavanzadabello.com.co'. Adding certificate verification is strongly advised. See: https://urllib3.readthedocs.io/en/latest/advanced-usage.html#tls-warnings
  warnings.warn(
/home/comparendos/venv/lib/python3.12/site-packages/urllib3/connectionpool.py:1097: InsecureRequestWarning: Unverified HTTPS request is being made to host 'serviciosdigitales.movilidadavanzadabello.com.co'. Adding certificate verification is strongly advised. See: https://urllib3.readthedocs.io/en/latest/advanced-usage.html#tls-warnings
  warnings.warn(
/home/comparendos/venv/lib/python3.12/site-packages/urllib3/connectionpool.py:1097: InsecureRequestWarning: Unverified HTTPS request is being made to host 'serviciosdigitales.movilidadavanzadabello.com.co'. Adding certificate verification is strongly advised. See: https://urllib3.readthedocs.io/en/latest/advanced-usage.html#tls-warnings
  warnings.warn(
/home/comparendos/venv/lib/python3.12/site-packages/urllib3/connectionpool.py:1097: InsecureRequestWarning: Unverified HTTPS request is being made to host 'serviciosdigitales.movilidadavanzadabello.com.co'. Adding certificate verification is strongly advised. See: https://urllib3.readthedocs.io/en/latest/advanced-usage.html#tls-warnings
  warnings.warn(
/home/comparendos/venv/lib/python3.12/site-packages/urllib3/connectionpool.py:1097: InsecureRequestWarning: Unverified HTTPS request is being made to host 'serviciosdigitales.movilidadavanzadabello.com.co'. Adding certificate verification is strongly advised. See: https://urllib3.readthedocs.io/en/latest/advanced-usage.html#tls-warnings
  warnings.warn(
/home/comparendos/venv/lib/python3.12/site-packages/urllib3/connectionpool.py:1097: InsecureRequestWarning: Unverified HTTPS request is being made to host 'serviciosdigitales.movilidadavanzadabello.com.co'. Adding certificate verification is strongly advised. See: https://urllib3.readthedocs.io/en/latest/advanced-usage.html#tls-warnings
  warnings.warn(
/home/comparendos/venv/lib/python3.12/site-packages/urllib3/connectionpool.py:1097: InsecureRequestWarning: Unverified HTTPS request is being made to host 'serviciosdigitales.movilidadavanzadabello.com.co'. Adding certificate verification is strongly advised. See: https://urllib3.readthedocs.io/en/latest/advanced-usage.html#tls-warnings
  warnings.warn(
/home/comparendos/venv/lib/python3.12/site-packages/urllib3/connectionpool.py:1097: InsecureRequestWarning: Unverified HTTPS request is being made to host 'serviciosdigitales.movilidadavanzadabello.com.co'. Adding certificate verification is strongly advised. See: https://urllib3.readthedocs.io/en/latest/advanced-usage.html#tls-warnings
  warnings.warn(
/home/comparendos/venv/lib/python3.12/site-packages/urllib3/connectionpool.py:1097: InsecureRequestWarning: Unverified HTTPS request is being made to host 'serviciosdigitales.movilidadavanzadabello.com.co'. Adding certificate verification is strongly advised. See: https://urllib3.readthedocs.io/en/latest/advanced-usage.html#tls-warnings
  warnings.warn(
/home/comparendos/venv/lib/python3.12/site-packages/urllib3/connectionpool.py:1097: InsecureRequestWarning: Unverified HTTPS request is being made to host 'serviciosdigitales.movilidadavanzadabello.com.co'. Adding certificate verification is strongly advised. See: https://urllib3.readthedocs.io/en/latest/advanced-usage.html#tls-warnings
  warnings.warn(
/home/comparendos/venv/lib/python3.12/site-packages/urllib3/connectionpool.py:1097: InsecureRequestWarning: Unverified HTTPS request is being made to host 'serviciosdigitales.movilidadavanzadabello.com.co'. Adding certificate verification is strongly advised. See: https://urllib3.readthedocs.io/en/latest/advanced-usage.html#tls-warnings
  warnings.warn(
/home/comparendos/venv/lib/python3.12/site-packages/urllib3/connectionpool.py:1097: InsecureRequestWarning: Unverified HTTPS request is being made to host 'serviciosdigitales.movilidadavanzadabello.com.co'. Adding certificate verification is strongly advised. See: https://urllib3.readthedocs.io/en/latest/advanced-usage.html#tls-warnings
  warnings.warn(
/home/comparendos/venv/lib/python3.12/site-packages/urllib3/connectionpool.py:1097: InsecureRequestWarning: Unverified HTTPS request is being made to host 'serviciosdigitales.movilidadavanzadabello.com.co'. Adding certificate verification is strongly advised. See: https://urllib3.readthedocs.io/en/latest/advanced-usage.html#tls-warnings
  warnings.warn(
/home/comparendos/venv/lib/python3.12/site-packages/urllib3/connectionpool.py:1097: InsecureRequestWarning: Unverified HTTPS request is being made to host 'serviciosdigitales.movilidadavanzadabello.com.co'. Adding certificate verification is strongly advised. See: https://urllib3.readthedocs.io/en/latest/advanced-usage.html#tls-warnings
  warnings.warn(
/home/comparendos/venv/lib/python3.12/site-packages/urllib3/connectionpool.py:1097: InsecureRequestWarning: Unverified HTTPS request is being made to host 'serviciosdigitales.movilidadavanzadabello.com.co'. Adding certificate verification is strongly advised. See: https://urllib3.readthedocs.io/en/latest/advanced-usage.html#tls-warnings
  warnings.warn(
/home/comparendos/venv/lib/python3.12/site-packages/urllib3/connectionpool.py:1097: InsecureRequestWarning: Unverified HTTPS request is being made to host 'serviciosdigitales.movilidadavanzadabello.com.co'. Adding certificate verification is strongly advised. See: https://urllib3.readthedocs.io/en/latest/advanced-usage.html#tls-warnings
  warnings.warn(
/home/comparendos/venv/lib/python3.12/site-packages/urllib3/connectionpool.py:1097: InsecureRequestWarning: Unverified HTTPS request is being made to host 'serviciosdigitales.movilidadavanzadabello.com.co'. Adding certificate verification is strongly advised. See: https://urllib3.readthedocs.io/en/latest/advanced-usage.html#tls-warnings
  warnings.warn(
/home/comparendos/venv/lib/python3.12/site-packages/urllib3/connectionpool.py:1097: InsecureRequestWarning: Unverified HTTPS request is being made to host 'serviciosdigitales.movilidadavanzadabello.com.co'. Adding certificate verification is strongly advised. See: https://urllib3.readthedocs.io/en/latest/advanced-usage.html#tls-warnings
  warnings.warn(
/home/comparendos/venv/lib/python3.12/site-packages/urllib3/connectionpool.py:1097: InsecureRequestWarning: Unverified HTTPS request is being made to host 'serviciosdigitales.movilidadavanzadabello.com.co'. Adding certificate verification is strongly advised. See: https://urllib3.readthedocs.io/en/latest/advanced-usage.html#tls-warnings
  warnings.warn(
/home/comparendos/venv/lib/python3.12/site-packages/urllib3/connectionpool.py:1097: InsecureRequestWarning: Unverified HTTPS request is being made to host 'serviciosdigitales.movilidadavanzadabello.com.co'. Adding certificate verification is strongly advised. See: https://urllib3.readthedocs.io/en/latest/advanced-usage.html#tls-warnings
  warnings.warn(
/home/comparendos/venv/lib/python3.12/site-packages/urllib3/connectionpool.py:1097: InsecureRequestWarning: Unverified HTTPS request is being made to host 'serviciosdigitales.movilidadavanzadabello.com.co'. Adding certificate verification is strongly advised. See: https://urllib3.readthedocs.io/en/latest/advanced-usage.html#tls-warnings
  warnings.warn(
/home/comparendos/venv/lib/python3.12/site-packages/urllib3/connectionpool.py:1097: InsecureRequestWarning: Unverified HTTPS request is being made to host 'serviciosdigitales.movilidadavanzadabello.com.co'. Adding certificate verification is strongly advised. See: https://urllib3.readthedocs.io/en/latest/advanced-usage.html#tls-warnings
  warnings.warn(
/home/comparendos/venv/lib/python3.12/site-packages/urllib3/connectionpool.py:1097: InsecureRequestWarning: Unverified HTTPS request is being made to host 'serviciosdigitales.movilidadavanzadabello.com.co'. Adding certificate verification is strongly advised. See: https://urllib3.readthedocs.io/en/latest/advanced-usage.html#tls-warnings
  warnings.warn(
/home/comparendos/venv/lib/python3.12/site-packages/urllib3/connectionpool.py:1097: InsecureRequestWarning: Unverified HTTPS request is being made to host 'serviciosdigitales.movilidadavanzadabello.com.co'. Adding certificate verification is strongly advised. See: https://urllib3.readthedocs.io/en/latest/advanced-usage.html#tls-warnings
  warnings.warn(
/home/comparendos/venv/lib/python3.12/site-packages/urllib3/connectionpool.py:1097: InsecureRequestWarning: Unverified HTTPS request is being made to host 'serviciosdigitales.movilidadavanzadabello.com.co'. Adding certificate verification is strongly advised. See: https://urllib3.readthedocs.io/en/latest/advanced-usage.html#tls-warnings
  warnings.warn(
/home/comparendos/venv/lib/python3.12/site-packages/urllib3/connectionpool.py:1097: InsecureRequestWarning: Unverified HTTPS request is being made to host 'serviciosdigitales.movilidadavanzadabello.com.co'. Adding certificate verification is strongly advised. See: https://urllib3.readthedocs.io/en/latest/advanced-usage.html#tls-warnings
  warnings.warn(
/home/comparendos/venv/lib/python3.12/site-packages/urllib3/connectionpool.py:1097: InsecureRequestWarning: Unverified HTTPS request is being made to host 'serviciosdigitales.movilidadavanzadabello.com.co'. Adding certificate verification is strongly advised. See: https://urllib3.readthedocs.io/en/latest/advanced-usage.html#tls-warnings
  warnings.warn(
/home/comparendos/venv/lib/python3.12/site-packages/urllib3/connectionpool.py:1097: InsecureRequestWarning: Unverified HTTPS request is being made to host 'serviciosdigitales.movilidadavanzadabello.com.co'. Adding certificate verification is strongly advised. See: https://urllib3.readthedocs.io/en/latest/advanced-usage.html#tls-warnings
  warnings.warn(
/home/comparendos/venv/lib/python3.12/site-packages/urllib3/connectionpool.py:1097: InsecureRequestWarning: Unverified HTTPS request is being made to host 'serviciosdigitales.movilidadavanzadabello.com.co'. Adding certificate verification is strongly advised. See: https://urllib3.readthedocs.io/en/latest/advanced-usage.html#tls-warnings
  warnings.warn(
/home/comparendos/venv/lib/python3.12/site-packages/urllib3/connectionpool.py:1097: InsecureRequestWarning: Unverified HTTPS request is being made to host 'serviciosdigitales.movilidadavanzadabello.com.co'. Adding certificate verification is strongly advised. See: https://urllib3.readthedocs.io/en/latest/advanced-usage.html#tls-warnings
  warnings.warn(
/home/comparendos/venv/lib/python3.12/site-packages/urllib3/connectionpool.py:1097: InsecureRequestWarning: Unverified HTTPS request is being made to host 'serviciosdigitales.movilidadavanzadabello.com.co'. Adding certificate verification is strongly advised. See: https://urllib3.readthedocs.io/en/latest/advanced-usage.html#tls-warnings
  warnings.warn(
/home/comparendos/venv/lib/python3.12/site-packages/urllib3/connectionpool.py:1097: InsecureRequestWarning: Unverified HTTPS request is being made to host 'serviciosdigitales.movilidadavanzadabello.com.co'. Adding certificate verification is strongly advised. See: https://urllib3.readthedocs.io/en/latest/advanced-usage.html#tls-warnings
  warnings.warn(
/home/comparendos/venv/lib/python3.12/site-packages/urllib3/connectionpool.py:1097: InsecureRequestWarning: Unverified HTTPS request is being made to host 'serviciosdigitales.movilidadavanzadabello.com.co'. Adding certificate verification is strongly advised. See: https://urllib3.readthedocs.io/en/latest/advanced-usage.html#tls-warnings
  warnings.warn(
/home/comparendos/venv/lib/python3.12/site-packages/urllib3/connectionpool.py:1097: InsecureRequestWarning: Unverified HTTPS request is being made to host 'serviciosdigitales.movilidadavanzadabello.com.co'. Adding certificate verification is strongly advised. See: https://urllib3.readthedocs.io/en/latest/advanced-usage.html#tls-warnings
  warnings.warn(
/home/comparendos/venv/lib/python3.12/site-packages/urllib3/connectionpool.py:1097: InsecureRequestWarning: Unverified HTTPS request is being made to host 'serviciosdigitales.movilidadavanzadabello.com.co'. Adding certificate verification is strongly advised. See: https://urllib3.readthedocs.io/en/latest/advanced-usage.html#tls-warnings
  warnings.warn(
/home/comparendos/venv/lib/python3.12/site-packages/urllib3/connectionpool.py:1097: InsecureRequestWarning: Unverified HTTPS request is being made to host 'serviciosdigitales.movilidadavanzadabello.com.co'. Adding certificate verification is strongly advised. See: https://urllib3.readthedocs.io/en/latest/advanced-usage.html#tls-warnings
  warnings.warn(
/home/comparendos/venv/lib/python3.12/site-packages/urllib3/connectionpool.py:1097: InsecureRequestWarning: Unverified HTTPS request is being made to host 'serviciosdigitales.movilidadavanzadabello.com.co'. Adding certificate verification is strongly advised. See: https://urllib3.readthedocs.io/en/latest/advanced-usage.html#tls-warnings
  warnings.warn(
/home/comparendos/venv/lib/python3.12/site-packages/urllib3/connectionpool.py:1097: InsecureRequestWarning: Unverified HTTPS request is being made to host 'serviciosdigitales.movilidadavanzadabello.com.co'. Adding certificate verification is strongly advised. See: https://urllib3.readthedocs.io/en/latest/advanced-usage.html#tls-warnings
  warnings.warn(
/home/comparendos/venv/lib/python3.12/site-packages/urllib3/connectionpool.py:1097: InsecureRequestWarning: Unverified HTTPS request is being made to host 'serviciosdigitales.movilidadavanzadabello.com.co'. Adding certificate verification is strongly advised. See: https://urllib3.readthedocs.io/en/latest/advanced-usage.html#tls-warnings
  warnings.warn(
/home/comparendos/venv/lib/python3.12/site-packages/urllib3/connectionpool.py:1097: InsecureRequestWarning: Unverified HTTPS request is being made to host 'serviciosdigitales.movilidadavanzadabello.com.co'. Adding certificate verification is strongly advised. See: https://urllib3.readthedocs.io/en/latest/advanced-usage.html#tls-warnings
  warnings.warn(
/home/comparendos/venv/lib/python3.12/site-packages/urllib3/connectionpool.py:1097: InsecureRequestWarning: Unverified HTTPS request is being made to host 'serviciosdigitales.movilidadavanzadabello.com.co'. Adding certificate verification is strongly advised. See: https://urllib3.readthedocs.io/en/latest/advanced-usage.html#tls-warnings
  warnings.warn(
/home/comparendos/venv/lib/python3.12/site-packages/urllib3/connectionpool.py:1097: InsecureRequestWarning: Unverified HTTPS request is being made to host 'serviciosdigitales.movilidadavanzadabello.com.co'. Adding certificate verification is strongly advised. See: https://urllib3.readthedocs.io/en/latest/advanced-usage.html#tls-warnings
  warnings.warn(
/home/comparendos/venv/lib/python3.12/site-packages/urllib3/connectionpool.py:1097: InsecureRequestWarning: Unverified HTTPS request is being made to host 'serviciosdigitales.movilidadavanzadabello.com.co'. Adding certificate verification is strongly advised. See: https://urllib3.readthedocs.io/en/latest/advanced-usage.html#tls-warnings
  warnings.warn(
/home/comparendos/venv/lib/python3.12/site-packages/urllib3/connectionpool.py:1097: InsecureRequestWarning: Unverified HTTPS request is being made to host 'serviciosdigitales.movilidadavanzadabello.com.co'. Adding certificate verification is strongly advised. See: https://urllib3.readthedocs.io/en/latest/advanced-usage.html#tls-warnings
  warnings.warn(
/home/comparendos/venv/lib/python3.12/site-packages/urllib3/connectionpool.py:1097: InsecureRequestWarning: Unverified HTTPS request is being made to host 'serviciosdigitales.movilidadavanzadabello.com.co'. Adding certificate verification is strongly advised. See: https://urllib3.readthedocs.io/en/latest/advanced-usage.html#tls-warnings
  warnings.warn(
/home/comparendos/venv/lib/python3.12/site-packages/urllib3/connectionpool.py:1097: InsecureRequestWarning: Unverified HTTPS request is being made to host 'serviciosdigitales.movilidadavanzadabello.com.co'. Adding certificate verification is strongly advised. See: https://urllib3.readthedocs.io/en/latest/advanced-usage.html#tls-warnings
  warnings.warn(
/home/comparendos/venv/lib/python3.12/site-packages/urllib3/connectionpool.py:1097: InsecureRequestWarning: Unverified HTTPS request is being made to host 'serviciosdigitales.movilidadavanzadabello.com.co'. Adding certificate verification is strongly advised. See: https://urllib3.readthedocs.io/en/latest/advanced-usage.html#tls-warnings
  warnings.warn(
/home/comparendos/venv/lib/python3.12/site-packages/urllib3/connectionpool.py:1097: InsecureRequestWarning: Unverified HTTPS request is being made to host 'serviciosdigitales.movilidadavanzadabello.com.co'. Adding certificate verification is strongly advised. See: https://urllib3.readthedocs.io/en/latest/advanced-usage.html#tls-warnings
  warnings.warn(
/home/comparendos/venv/lib/python3.12/site-packages/urllib3/connectionpool.py:1097: InsecureRequestWarning: Unverified HTTPS request is being made to host 'serviciosdigitales.movilidadavanzadabello.com.co'. Adding certificate verification is strongly advised. See: https://urllib3.readthedocs.io/en/latest/advanced-usage.html#tls-warnings
  warnings.warn(
/home/comparendos/venv/lib/python3.12/site-packages/urllib3/connectionpool.py:1097: InsecureRequestWarning: Unverified HTTPS request is being made to host 'serviciosdigitales.movilidadavanzadabello.com.co'. Adding certificate verification is strongly advised. See: https://urllib3.readthedocs.io/en/latest/advanced-usage.html#tls-warnings
  warnings.warn(
/home/comparendos/venv/lib/python3.12/site-packages/urllib3/connectionpool.py:1097: InsecureRequestWarning: Unverified HTTPS request is being made to host 'serviciosdigitales.movilidadavanzadabello.com.co'. Adding certificate verification is strongly advised. See: https://urllib3.readthedocs.io/en/latest/advanced-usage.html#tls-warnings
  warnings.warn(
/home/comparendos/venv/lib/python3.12/site-packages/urllib3/connectionpool.py:1097: InsecureRequestWarning: Unverified HTTPS request is being made to host 'serviciosdigitales.movilidadavanzadabello.com.co'. Adding certificate verification is strongly advised. See: https://urllib3.readthedocs.io/en/latest/advanced-usage.html#tls-warnings
  warnings.warn(
/home/comparendos/venv/lib/python3.12/site-packages/urllib3/connectionpool.py:1097: InsecureRequestWarning: Unverified HTTPS request is being made to host 'serviciosdigitales.movilidadavanzadabello.com.co'. Adding certificate verification is strongly advised. See: https://urllib3.readthedocs.io/en/latest/advanced-usage.html#tls-warnings
  warnings.warn(
/home/comparendos/venv/lib/python3.12/site-packages/urllib3/connectionpool.py:1097: InsecureRequestWarning: Unverified HTTPS request is being made to host 'serviciosdigitales.movilidadavanzadabello.com.co'. Adding certificate verification is strongly advised. See: https://urllib3.readthedocs.io/en/latest/advanced-usage.html#tls-warnings
  warnings.warn(
/home/comparendos/venv/lib/python3.12/site-packages/urllib3/connectionpool.py:1097: InsecureRequestWarning: Unverified HTTPS request is being made to host 'serviciosdigitales.movilidadavanzadabello.com.co'. Adding certificate verification is strongly advised. See: https://urllib3.readthedocs.io/en/latest/advanced-usage.html#tls-warnings
  warnings.warn(
/home/comparendos/venv/lib/python3.12/site-packages/urllib3/connectionpool.py:1097: InsecureRequestWarning: Unverified HTTPS request is being made to host 'serviciosdigitales.movilidadavanzadabello.com.co'. Adding certificate verification is strongly advised. See: https://urllib3.readthedocs.io/en/latest/advanced-usage.html#tls-warnings
  warnings.warn(
/home/comparendos/venv/lib/python3.12/site-packages/urllib3/connectionpool.py:1097: InsecureRequestWarning: Unverified HTTPS request is being made to host 'serviciosdigitales.movilidadavanzadabello.com.co'. Adding certificate verification is strongly advised. See: https://urllib3.readthedocs.io/en/latest/advanced-usage.html#tls-warnings
  warnings.warn(
/home/comparendos/venv/lib/python3.12/site-packages/urllib3/connectionpool.py:1097: InsecureRequestWarning: Unverified HTTPS request is being made to host 'serviciosdigitales.movilidadavanzadabello.com.co'. Adding certificate verification is strongly advised. See: https://urllib3.readthedocs.io/en/latest/advanced-usage.html#tls-warnings
  warnings.warn(
/home/comparendos/venv/lib/python3.12/site-packages/urllib3/connectionpool.py:1097: InsecureRequestWarning: Unverified HTTPS request is being made to host 'serviciosdigitales.movilidadavanzadabello.com.co'. Adding certificate verification is strongly advised. See: https://urllib3.readthedocs.io/en/latest/advanced-usage.html#tls-warnings
  warnings.warn(
/home/comparendos/venv/lib/python3.12/site-packages/urllib3/connectionpool.py:1097: InsecureRequestWarning: Unverified HTTPS request is being made to host 'serviciosdigitales.movilidadavanzadabello.com.co'. Adding certificate verification is strongly advised. See: https://urllib3.readthedocs.io/en/latest/advanced-usage.html#tls-warnings
  warnings.warn(
/home/comparendos/venv/lib/python3.12/site-packages/urllib3/connectionpool.py:1097: InsecureRequestWarning: Unverified HTTPS request is being made to host 'serviciosdigitales.movilidadavanzadabello.com.co'. Adding certificate verification is strongly advised. See: https://urllib3.readthedocs.io/en/latest/advanced-usage.html#tls-warnings
  warnings.warn(
/home/comparendos/venv/lib/python3.12/site-packages/urllib3/connectionpool.py:1097: InsecureRequestWarning: Unverified HTTPS request is being made to host 'serviciosdigitales.movilidadavanzadabello.com.co'. Adding certificate verification is strongly advised. See: https://urllib3.readthedocs.io/en/latest/advanced-usage.html#tls-warnings
  warnings.warn(
/home/comparendos/venv/lib/python3.12/site-packages/urllib3/connectionpool.py:1097: InsecureRequestWarning: Unverified HTTPS request is being made to host 'serviciosdigitales.movilidadavanzadabello.com.co'. Adding certificate verification is strongly advised. See: https://urllib3.readthedocs.io/en/latest/advanced-usage.html#tls-warnings
  warnings.warn(
/home/comparendos/venv/lib/python3.12/site-packages/urllib3/connectionpool.py:1097: InsecureRequestWarning: Unverified HTTPS request is being made to host 'serviciosdigitales.movilidadavanzadabello.com.co'. Adding certificate verification is strongly advised. See: https://urllib3.readthedocs.io/en/latest/advanced-usage.html#tls-warnings
  warnings.warn(
/home/comparendos/venv/lib/python3.12/site-packages/urllib3/connectionpool.py:1097: InsecureRequestWarning: Unverified HTTPS request is being made to host 'serviciosdigitales.movilidadavanzadabello.com.co'. Adding certificate verification is strongly advised. See: https://urllib3.readthedocs.io/en/latest/advanced-usage.html#tls-warnings
  warnings.warn(
/home/comparendos/venv/lib/python3.12/site-packages/urllib3/connectionpool.py:1097: InsecureRequestWarning: Unverified HTTPS request is being made to host 'serviciosdigitales.movilidadavanzadabello.com.co'. Adding certificate verification is strongly advised. See: https://urllib3.readthedocs.io/en/latest/advanced-usage.html#tls-warnings
  warnings.warn(
/home/comparendos/venv/lib/python3.12/site-packages/urllib3/connectionpool.py:1097: InsecureRequestWarning: Unverified HTTPS request is being made to host 'serviciosdigitales.movilidadavanzadabello.com.co'. Adding certificate verification is strongly advised. See: https://urllib3.readthedocs.io/en/latest/advanced-usage.html#tls-warnings
  warnings.warn(
/home/comparendos/venv/lib/python3.12/site-packages/urllib3/connectionpool.py:1097: InsecureRequestWarning: Unverified HTTPS request is being made to host 'serviciosdigitales.movilidadavanzadabello.com.co'. Adding certificate verification is strongly advised. See: https://urllib3.readthedocs.io/en/latest/advanced-usage.html#tls-warnings
  warnings.warn(
/home/comparendos/venv/lib/python3.12/site-packages/urllib3/connectionpool.py:1097: InsecureRequestWarning: Unverified HTTPS request is being made to host 'serviciosdigitales.movilidadavanzadabello.com.co'. Adding certificate verification is strongly advised. See: https://urllib3.readthedocs.io/en/latest/advanced-usage.html#tls-warnings
  warnings.warn(
/home/comparendos/venv/lib/python3.12/site-packages/urllib3/connectionpool.py:1097: InsecureRequestWarning: Unverified HTTPS request is being made to host 'serviciosdigitales.movilidadavanzadabello.com.co'. Adding certificate verification is strongly advised. See: https://urllib3.readthedocs.io/en/latest/advanced-usage.html#tls-warnings
  warnings.warn(
/home/comparendos/venv/lib/python3.12/site-packages/urllib3/connectionpool.py:1097: InsecureRequestWarning: Unverified HTTPS request is being made to host 'serviciosdigitales.movilidadavanzadabello.com.co'. Adding certificate verification is strongly advised. See: https://urllib3.readthedocs.io/en/latest/advanced-usage.html#tls-warnings
  warnings.warn(
/home/comparendos/venv/lib/python3.12/site-packages/urllib3/connectionpool.py:1097: InsecureRequestWarning: Unverified HTTPS request is being made to host 'serviciosdigitales.movilidadavanzadabello.com.co'. Adding certificate verification is strongly advised. See: https://urllib3.readthedocs.io/en/latest/advanced-usage.html#tls-warnings
  warnings.warn(
/home/comparendos/venv/lib/python3.12/site-packages/urllib3/connectionpool.py:1097: InsecureRequestWarning: Unverified HTTPS request is being made to host 'serviciosdigitales.movilidadavanzadabello.com.co'. Adding certificate verification is strongly advised. See: https://urllib3.readthedocs.io/en/latest/advanced-usage.html#tls-warnings
  warnings.warn(
/home/comparendos/venv/lib/python3.12/site-packages/urllib3/connectionpool.py:1097: InsecureRequestWarning: Unverified HTTPS request is being made to host 'serviciosdigitales.movilidadavanzadabello.com.co'. Adding certificate verification is strongly advised. See: https://urllib3.readthedocs.io/en/latest/advanced-usage.html#tls-warnings
  warnings.warn(
/home/comparendos/venv/lib/python3.12/site-packages/urllib3/connectionpool.py:1097: InsecureRequestWarning: Unverified HTTPS request is being made to host 'serviciosdigitales.movilidadavanzadabello.com.co'. Adding certificate verification is strongly advised. See: https://urllib3.readthedocs.io/en/latest/advanced-usage.html#tls-warnings
  warnings.warn(
/home/comparendos/venv/lib/python3.12/site-packages/urllib3/connectionpool.py:1097: InsecureRequestWarning: Unverified HTTPS request is being made to host 'serviciosdigitales.movilidadavanzadabello.com.co'. Adding certificate verification is strongly advised. See: https://urllib3.readthedocs.io/en/latest/advanced-usage.html#tls-warnings
  warnings.warn(
/home/comparendos/venv/lib/python3.12/site-packages/urllib3/connectionpool.py:1097: InsecureRequestWarning: Unverified HTTPS request is being made to host 'serviciosdigitales.movilidadavanzadabello.com.co'. Adding certificate verification is strongly advised. See: https://urllib3.readthedocs.io/en/latest/advanced-usage.html#tls-warnings
  warnings.warn(
/home/comparendos/venv/lib/python3.12/site-packages/urllib3/connectionpool.py:1097: InsecureRequestWarning: Unverified HTTPS request is being made to host 'serviciosdigitales.movilidadavanzadabello.com.co'. Adding certificate verification is strongly advised. See: https://urllib3.readthedocs.io/en/latest/advanced-usage.html#tls-warnings
  warnings.warn(
/home/comparendos/venv/lib/python3.12/site-packages/urllib3/connectionpool.py:1097: InsecureRequestWarning: Unverified HTTPS request is being made to host 'serviciosdigitales.movilidadavanzadabello.com.co'. Adding certificate verification is strongly advised. See: https://urllib3.readthedocs.io/en/latest/advanced-usage.html#tls-warnings
  warnings.warn(
/home/comparendos/venv/lib/python3.12/site-packages/urllib3/connectionpool.py:1097: InsecureRequestWarning: Unverified HTTPS request is being made to host 'serviciosdigitales.movilidadavanzadabello.com.co'. Adding certificate verification is strongly advised. See: https://urllib3.readthedocs.io/en/latest/advanced-usage.html#tls-warnings
  warnings.warn(
/home/comparendos/venv/lib/python3.12/site-packages/urllib3/connectionpool.py:1097: InsecureRequestWarning: Unverified HTTPS request is being made to host 'serviciosdigitales.movilidadavanzadabello.com.co'. Adding certificate verification is strongly advised. See: https://urllib3.readthedocs.io/en/latest/advanced-usage.html#tls-warnings
  warnings.warn(
/home/comparendos/venv/lib/python3.12/site-packages/urllib3/connectionpool.py:1097: InsecureRequestWarning: Unverified HTTPS request is being made to host 'serviciosdigitales.movilidadavanzadabello.com.co'. Adding certificate verification is strongly advised. See: https://urllib3.readthedocs.io/en/latest/advanced-usage.html#tls-warnings
  warnings.warn(
/home/comparendos/venv/lib/python3.12/site-packages/urllib3/connectionpool.py:1097: InsecureRequestWarning: Unverified HTTPS request is being made to host 'serviciosdigitales.movilidadavanzadabello.com.co'. Adding certificate verification is strongly advised. See: https://urllib3.readthedocs.io/en/latest/advanced-usage.html#tls-warnings
  warnings.warn(
/home/comparendos/venv/lib/python3.12/site-packages/urllib3/connectionpool.py:1097: InsecureRequestWarning: Unverified HTTPS request is being made to host 'serviciosdigitales.movilidadavanzadabello.com.co'. Adding certificate verification is strongly advised. See: https://urllib3.readthedocs.io/en/latest/advanced-usage.html#tls-warnings
  warnings.warn(
/home/comparendos/venv/lib/python3.12/site-packages/urllib3/connectionpool.py:1097: InsecureRequestWarning: Unverified HTTPS request is being made to host 'serviciosdigitales.movilidadavanzadabello.com.co'. Adding certificate verification is strongly advised. See: https://urllib3.readthedocs.io/en/latest/advanced-usage.html#tls-warnings
  warnings.warn(
/home/comparendos/venv/lib/python3.12/site-packages/urllib3/connectionpool.py:1097: InsecureRequestWarning: Unverified HTTPS request is being made to host 'serviciosdigitales.movilidadavanzadabello.com.co'. Adding certificate verification is strongly advised. See: https://urllib3.readthedocs.io/en/latest/advanced-usage.html#tls-warnings
  warnings.warn(
/home/comparendos/venv/lib/python3.12/site-packages/urllib3/connectionpool.py:1097: InsecureRequestWarning: Unverified HTTPS request is being made to host 'serviciosdigitales.movilidadavanzadabello.com.co'. Adding certificate verification is strongly advised. See: https://urllib3.readthedocs.io/en/latest/advanced-usage.html#tls-warnings
  warnings.warn(
/home/comparendos/venv/lib/python3.12/site-packages/urllib3/connectionpool.py:1097: InsecureRequestWarning: Unverified HTTPS request is being made to host 'serviciosdigitales.movilidadavanzadabello.com.co'. Adding certificate verification is strongly advised. See: https://urllib3.readthedocs.io/en/latest/advanced-usage.html#tls-warnings
  warnings.warn(
/home/comparendos/venv/lib/python3.12/site-packages/urllib3/connectionpool.py:1097: InsecureRequestWarning: Unverified HTTPS request is being made to host 'serviciosdigitales.movilidadavanzadabello.com.co'. Adding certificate verification is strongly advised. See: https://urllib3.readthedocs.io/en/latest/advanced-usage.html#tls-warnings
  warnings.warn(
/home/comparendos/venv/lib/python3.12/site-packages/urllib3/connectionpool.py:1097: InsecureRequestWarning: Unverified HTTPS request is being made to host 'serviciosdigitales.movilidadavanzadabello.com.co'. Adding certificate verification is strongly advised. See: https://urllib3.readthedocs.io/en/latest/advanced-usage.html#tls-warnings
  warnings.warn(
/home/comparendos/venv/lib/python3.12/site-packages/urllib3/connectionpool.py:1097: InsecureRequestWarning: Unverified HTTPS request is being made to host 'serviciosdigitales.movilidadavanzadabello.com.co'. Adding certificate verification is strongly advised. See: https://urllib3.readthedocs.io/en/latest/advanced-usage.html#tls-warnings
  warnings.warn(
/home/comparendos/venv/lib/python3.12/site-packages/urllib3/connectionpool.py:1097: InsecureRequestWarning: Unverified HTTPS request is being made to host 'serviciosdigitales.movilidadavanzadabello.com.co'. Adding certificate verification is strongly advised. See: https://urllib3.readthedocs.io/en/latest/advanced-usage.html#tls-warnings
  warnings.warn(
/home/comparendos/venv/lib/python3.12/site-packages/urllib3/connectionpool.py:1097: InsecureRequestWarning: Unverified HTTPS request is being made to host 'serviciosdigitales.movilidadavanzadabello.com.co'. Adding certificate verification is strongly advised. See: https://urllib3.readthedocs.io/en/latest/advanced-usage.html#tls-warnings
  warnings.warn(
/home/comparendos/venv/lib/python3.12/site-packages/urllib3/connectionpool.py:1097: InsecureRequestWarning: Unverified HTTPS request is being made to host 'serviciosdigitales.movilidadavanzadabello.com.co'. Adding certificate verification is strongly advised. See: https://urllib3.readthedocs.io/en/latest/advanced-usage.html#tls-warnings
  warnings.warn(
/home/comparendos/venv/lib/python3.12/site-packages/urllib3/connectionpool.py:1097: InsecureRequestWarning: Unverified HTTPS request is being made to host 'serviciosdigitales.movilidadavanzadabello.com.co'. Adding certificate verification is strongly advised. See: https://urllib3.readthedocs.io/en/latest/advanced-usage.html#tls-warnings
  warnings.warn(
/home/comparendos/venv/lib/python3.12/site-packages/urllib3/connectionpool.py:1097: InsecureRequestWarning: Unverified HTTPS request is being made to host 'serviciosdigitales.movilidadavanzadabello.com.co'. Adding certificate verification is strongly advised. See: https://urllib3.readthedocs.io/en/latest/advanced-usage.html#tls-warnings
  warnings.warn(
/home/comparendos/venv/lib/python3.12/site-packages/urllib3/connectionpool.py:1097: InsecureRequestWarning: Unverified HTTPS request is being made to host 'serviciosdigitales.movilidadavanzadabello.com.co'. Adding certificate verification is strongly advised. See: https://urllib3.readthedocs.io/en/latest/advanced-usage.html#tls-warnings
  warnings.warn(
/home/comparendos/venv/lib/python3.12/site-packages/urllib3/connectionpool.py:1097: InsecureRequestWarning: Unverified HTTPS request is being made to host 'serviciosdigitales.movilidadavanzadabello.com.co'. Adding certificate verification is strongly advised. See: https://urllib3.readthedocs.io/en/latest/advanced-usage.html#tls-warnings
  warnings.warn(
/home/comparendos/venv/lib/python3.12/site-packages/urllib3/connectionpool.py:1097: InsecureRequestWarning: Unverified HTTPS request is being made to host 'serviciosdigitales.movilidadavanzadabello.com.co'. Adding certificate verification is strongly advised. See: https://urllib3.readthedocs.io/en/latest/advanced-usage.html#tls-warnings
  warnings.warn(
/home/comparendos/venv/lib/python3.12/site-packages/urllib3/connectionpool.py:1097: InsecureRequestWarning: Unverified HTTPS request is being made to host 'serviciosdigitales.movilidadavanzadabello.com.co'. Adding certificate verification is strongly advised. See: https://urllib3.readthedocs.io/en/latest/advanced-usage.html#tls-warnings
  warnings.warn(
/home/comparendos/venv/lib/python3.12/site-packages/urllib3/connectionpool.py:1097: InsecureRequestWarning: Unverified HTTPS request is being made to host 'serviciosdigitales.movilidadavanzadabello.com.co'. Adding certificate verification is strongly advised. See: https://urllib3.readthedocs.io/en/latest/advanced-usage.html#tls-warnings
  warnings.warn(
/home/comparendos/venv/lib/python3.12/site-packages/urllib3/connectionpool.py:1097: InsecureRequestWarning: Unverified HTTPS request is being made to host 'serviciosdigitales.movilidadavanzadabello.com.co'. Adding certificate verification is strongly advised. See: https://urllib3.readthedocs.io/en/latest/advanced-usage.html#tls-warnings
  warnings.warn(
/home/comparendos/venv/lib/python3.12/site-packages/urllib3/connectionpool.py:1097: InsecureRequestWarning: Unverified HTTPS request is being made to host 'serviciosdigitales.movilidadavanzadabello.com.co'. Adding certificate verification is strongly advised. See: https://urllib3.readthedocs.io/en/latest/advanced-usage.html#tls-warnings
  warnings.warn(
/home/comparendos/venv/lib/python3.12/site-packages/urllib3/connectionpool.py:1097: InsecureRequestWarning: Unverified HTTPS request is being made to host 'serviciosdigitales.movilidadavanzadabello.com.co'. Adding certificate verification is strongly advised. See: https://urllib3.readthedocs.io/en/latest/advanced-usage.html#tls-warnings
  warnings.warn(
/home/comparendos/venv/lib/python3.12/site-packages/urllib3/connectionpool.py:1097: InsecureRequestWarning: Unverified HTTPS request is being made to host 'serviciosdigitales.movilidadavanzadabello.com.co'. Adding certificate verification is strongly advised. See: https://urllib3.readthedocs.io/en/latest/advanced-usage.html#tls-warnings
  warnings.warn(
/home/comparendos/venv/lib/python3.12/site-packages/urllib3/connectionpool.py:1097: InsecureRequestWarning: Unverified HTTPS request is being made to host 'serviciosdigitales.movilidadavanzadabello.com.co'. Adding certificate verification is strongly advised. See: https://urllib3.readthedocs.io/en/latest/advanced-usage.html#tls-warnings
  warnings.warn(
/home/comparendos/venv/lib/python3.12/site-packages/urllib3/connectionpool.py:1097: InsecureRequestWarning: Unverified HTTPS request is being made to host 'serviciosdigitales.movilidadavanzadabello.com.co'. Adding certificate verification is strongly advised. See: https://urllib3.readthedocs.io/en/latest/advanced-usage.html#tls-warnings
  warnings.warn(
/home/comparendos/venv/lib/python3.12/site-packages/urllib3/connectionpool.py:1097: InsecureRequestWarning: Unverified HTTPS request is being made to host 'serviciosdigitales.movilidadavanzadabello.com.co'. Adding certificate verification is strongly advised. See: https://urllib3.readthedocs.io/en/latest/advanced-usage.html#tls-warnings
  warnings.warn(
/home/comparendos/venv/lib/python3.12/site-packages/urllib3/connectionpool.py:1097: InsecureRequestWarning: Unverified HTTPS request is being made to host 'serviciosdigitales.movilidadavanzadabello.com.co'. Adding certificate verification is strongly advised. See: https://urllib3.readthedocs.io/en/latest/advanced-usage.html#tls-warnings
  warnings.warn(
/home/comparendos/venv/lib/python3.12/site-packages/urllib3/connectionpool.py:1097: InsecureRequestWarning: Unverified HTTPS request is being made to host 'serviciosdigitales.movilidadavanzadabello.com.co'. Adding certificate verification is strongly advised. See: https://urllib3.readthedocs.io/en/latest/advanced-usage.html#tls-warnings
  warnings.warn(
/home/comparendos/venv/lib/python3.12/site-packages/urllib3/connectionpool.py:1097: InsecureRequestWarning: Unverified HTTPS request is being made to host 'serviciosdigitales.movilidadavanzadabello.com.co'. Adding certificate verification is strongly advised. See: https://urllib3.readthedocs.io/en/latest/advanced-usage.html#tls-warnings
  warnings.warn(
/home/comparendos/venv/lib/python3.12/site-packages/urllib3/connectionpool.py:1097: InsecureRequestWarning: Unverified HTTPS request is being made to host 'serviciosdigitales.movilidadavanzadabello.com.co'. Adding certificate verification is strongly advised. See: https://urllib3.readthedocs.io/en/latest/advanced-usage.html#tls-warnings
  warnings.warn(
/home/comparendos/venv/lib/python3.12/site-packages/urllib3/connectionpool.py:1097: InsecureRequestWarning: Unverified HTTPS request is being made to host 'serviciosdigitales.movilidadavanzadabello.com.co'. Adding certificate verification is strongly advised. See: https://urllib3.readthedocs.io/en/latest/advanced-usage.html#tls-warnings
  warnings.warn(
/home/comparendos/venv/lib/python3.12/site-packages/urllib3/connectionpool.py:1097: InsecureRequestWarning: Unverified HTTPS request is being made to host 'serviciosdigitales.movilidadavanzadabello.com.co'. Adding certificate verification is strongly advised. See: https://urllib3.readthedocs.io/en/latest/advanced-usage.html#tls-warnings
  warnings.warn(
/home/comparendos/venv/lib/python3.12/site-packages/urllib3/connectionpool.py:1097: InsecureRequestWarning: Unverified HTTPS request is being made to host 'serviciosdigitales.movilidadavanzadabello.com.co'. Adding certificate verification is strongly advised. See: https://urllib3.readthedocs.io/en/latest/advanced-usage.html#tls-warnings
  warnings.warn(
/home/comparendos/venv/lib/python3.12/site-packages/urllib3/connectionpool.py:1097: InsecureRequestWarning: Unverified HTTPS request is being made to host 'serviciosdigitales.movilidadavanzadabello.com.co'. Adding certificate verification is strongly advised. See: https://urllib3.readthedocs.io/en/latest/advanced-usage.html#tls-warnings
  warnings.warn(
/home/comparendos/venv/lib/python3.12/site-packages/urllib3/connectionpool.py:1097: InsecureRequestWarning: Unverified HTTPS request is being made to host 'serviciosdigitales.movilidadavanzadabello.com.co'. Adding certificate verification is strongly advised. See: https://urllib3.readthedocs.io/en/latest/advanced-usage.html#tls-warnings
  warnings.warn(
/home/comparendos/venv/lib/python3.12/site-packages/urllib3/connectionpool.py:1097: InsecureRequestWarning: Unverified HTTPS request is being made to host 'serviciosdigitales.movilidadavanzadabello.com.co'. Adding certificate verification is strongly advised. See: https://urllib3.readthedocs.io/en/latest/advanced-usage.html#tls-warnings
  warnings.warn(
/home/comparendos/venv/lib/python3.12/site-packages/urllib3/connectionpool.py:1097: InsecureRequestWarning: Unverified HTTPS request is being made to host 'serviciosdigitales.movilidadavanzadabello.com.co'. Adding certificate verification is strongly advised. See: https://urllib3.readthedocs.io/en/latest/advanced-usage.html#tls-warnings
  warnings.warn(
/home/comparendos/venv/lib/python3.12/site-packages/urllib3/connectionpool.py:1097: InsecureRequestWarning: Unverified HTTPS request is being made to host 'serviciosdigitales.movilidadavanzadabello.com.co'. Adding certificate verification is strongly advised. See: https://urllib3.readthedocs.io/en/latest/advanced-usage.html#tls-warnings
  warnings.warn(
/home/comparendos/venv/lib/python3.12/site-packages/urllib3/connectionpool.py:1097: InsecureRequestWarning: Unverified HTTPS request is being made to host 'serviciosdigitales.movilidadavanzadabello.com.co'. Adding certificate verification is strongly advised. See: https://urllib3.readthedocs.io/en/latest/advanced-usage.html#tls-warnings
  warnings.warn(
/home/comparendos/venv/lib/python3.12/site-packages/urllib3/connectionpool.py:1097: InsecureRequestWarning: Unverified HTTPS request is being made to host 'serviciosdigitales.movilidadavanzadabello.com.co'. Adding certificate verification is strongly advised. See: https://urllib3.readthedocs.io/en/latest/advanced-usage.html#tls-warnings
  warnings.warn(
/home/comparendos/venv/lib/python3.12/site-packages/urllib3/connectionpool.py:1097: InsecureRequestWarning: Unverified HTTPS request is being made to host 'serviciosdigitales.movilidadavanzadabello.com.co'. Adding certificate verification is strongly advised. See: https://urllib3.readthedocs.io/en/latest/advanced-usage.html#tls-warnings
  warnings.warn(
/home/comparendos/venv/lib/python3.12/site-packages/urllib3/connectionpool.py:1097: InsecureRequestWarning: Unverified HTTPS request is being made to host 'serviciosdigitales.movilidadavanzadabello.com.co'. Adding certificate verification is strongly advised. See: https://urllib3.readthedocs.io/en/latest/advanced-usage.html#tls-warnings
  warnings.warn(
/home/comparendos/venv/lib/python3.12/site-packages/urllib3/connectionpool.py:1097: InsecureRequestWarning: Unverified HTTPS request is being made to host 'serviciosdigitales.movilidadavanzadabello.com.co'. Adding certificate verification is strongly advised. See: https://urllib3.readthedocs.io/en/latest/advanced-usage.html#tls-warnings
  warnings.warn(
/home/comparendos/venv/lib/python3.12/site-packages/urllib3/connectionpool.py:1097: InsecureRequestWarning: Unverified HTTPS request is being made to host 'serviciosdigitales.movilidadavanzadabello.com.co'. Adding certificate verification is strongly advised. See: https://urllib3.readthedocs.io/en/latest/advanced-usage.html#tls-warnings
  warnings.warn(
/home/comparendos/venv/lib/python3.12/site-packages/urllib3/connectionpool.py:1097: InsecureRequestWarning: Unverified HTTPS request is being made to host 'serviciosdigitales.movilidadavanzadabello.com.co'. Adding certificate verification is strongly advised. See: https://urllib3.readthedocs.io/en/latest/advanced-usage.html#tls-warnings
  warnings.warn(
/home/comparendos/venv/lib/python3.12/site-packages/urllib3/connectionpool.py:1097: InsecureRequestWarning: Unverified HTTPS request is being made to host 'serviciosdigitales.movilidadavanzadabello.com.co'. Adding certificate verification is strongly advised. See: https://urllib3.readthedocs.io/en/latest/advanced-usage.html#tls-warnings
  warnings.warn(
/home/comparendos/venv/lib/python3.12/site-packages/urllib3/connectionpool.py:1097: InsecureRequestWarning: Unverified HTTPS request is being made to host 'serviciosdigitales.movilidadavanzadabello.com.co'. Adding certificate verification is strongly advised. See: https://urllib3.readthedocs.io/en/latest/advanced-usage.html#tls-warnings
  warnings.warn(
/home/comparendos/venv/lib/python3.12/site-packages/urllib3/connectionpool.py:1097: InsecureRequestWarning: Unverified HTTPS request is being made to host 'serviciosdigitales.movilidadavanzadabello.com.co'. Adding certificate verification is strongly advised. See: https://urllib3.readthedocs.io/en/latest/advanced-usage.html#tls-warnings
  warnings.warn(
/home/comparendos/venv/lib/python3.12/site-packages/urllib3/connectionpool.py:1097: InsecureRequestWarning: Unverified HTTPS request is being made to host 'serviciosdigitales.movilidadavanzadabello.com.co'. Adding certificate verification is strongly advised. See: https://urllib3.readthedocs.io/en/latest/advanced-usage.html#tls-warnings
  warnings.warn(
/home/comparendos/venv/lib/python3.12/site-packages/urllib3/connectionpool.py:1097: InsecureRequestWarning: Unverified HTTPS request is being made to host 'serviciosdigitales.movilidadavanzadabello.com.co'. Adding certificate verification is strongly advised. See: https://urllib3.readthedocs.io/en/latest/advanced-usage.html#tls-warnings
  warnings.warn(
/home/comparendos/venv/lib/python3.12/site-packages/urllib3/connectionpool.py:1097: InsecureRequestWarning: Unverified HTTPS request is being made to host 'serviciosdigitales.movilidadavanzadabello.com.co'. Adding certificate verification is strongly advised. See: https://urllib3.readthedocs.io/en/latest/advanced-usage.html#tls-warnings
  warnings.warn(
/home/comparendos/venv/lib/python3.12/site-packages/urllib3/connectionpool.py:1097: InsecureRequestWarning: Unverified HTTPS request is being made to host 'serviciosdigitales.movilidadavanzadabello.com.co'. Adding certificate verification is strongly advised. See: https://urllib3.readthedocs.io/en/latest/advanced-usage.html#tls-warnings
  warnings.warn(
/home/comparendos/venv/lib/python3.12/site-packages/urllib3/connectionpool.py:1097: InsecureRequestWarning: Unverified HTTPS request is being made to host 'serviciosdigitales.movilidadavanzadabello.com.co'. Adding certificate verification is strongly advised. See: https://urllib3.readthedocs.io/en/latest/advanced-usage.html#tls-warnings
  warnings.warn(
/home/comparendos/venv/lib/python3.12/site-packages/urllib3/connectionpool.py:1097: InsecureRequestWarning: Unverified HTTPS request is being made to host 'serviciosdigitales.movilidadavanzadabello.com.co'. Adding certificate verification is strongly advised. See: https://urllib3.readthedocs.io/en/latest/advanced-usage.html#tls-warnings
  warnings.warn(
/home/comparendos/venv/lib/python3.12/site-packages/urllib3/connectionpool.py:1097: InsecureRequestWarning: Unverified HTTPS request is being made to host 'serviciosdigitales.movilidadavanzadabello.com.co'. Adding certificate verification is strongly advised. See: https://urllib3.readthedocs.io/en/latest/advanced-usage.html#tls-warnings
  warnings.warn(
/home/comparendos/venv/lib/python3.12/site-packages/urllib3/connectionpool.py:1097: InsecureRequestWarning: Unverified HTTPS request is being made to host 'serviciosdigitales.movilidadavanzadabello.com.co'. Adding certificate verification is strongly advised. See: https://urllib3.readthedocs.io/en/latest/advanced-usage.html#tls-warnings
  warnings.warn(
/home/comparendos/venv/lib/python3.12/site-packages/urllib3/connectionpool.py:1097: InsecureRequestWarning: Unverified HTTPS request is being made to host 'serviciosdigitales.movilidadavanzadabello.com.co'. Adding certificate verification is strongly advised. See: https://urllib3.readthedocs.io/en/latest/advanced-usage.html#tls-warnings
  warnings.warn(
/home/comparendos/venv/lib/python3.12/site-packages/urllib3/connectionpool.py:1097: InsecureRequestWarning: Unverified HTTPS request is being made to host 'serviciosdigitales.movilidadavanzadabello.com.co'. Adding certificate verification is strongly advised. See: https://urllib3.readthedocs.io/en/latest/advanced-usage.html#tls-warnings
  warnings.warn(
/home/comparendos/venv/lib/python3.12/site-packages/urllib3/connectionpool.py:1097: InsecureRequestWarning: Unverified HTTPS request is being made to host 'serviciosdigitales.movilidadavanzadabello.com.co'. Adding certificate verification is strongly advised. See: https://urllib3.readthedocs.io/en/latest/advanced-usage.html#tls-warnings
  warnings.warn(
/home/comparendos/venv/lib/python3.12/site-packages/urllib3/connectionpool.py:1097: InsecureRequestWarning: Unverified HTTPS request is being made to host 'serviciosdigitales.movilidadavanzadabello.com.co'. Adding certificate verification is strongly advised. See: https://urllib3.readthedocs.io/en/latest/advanced-usage.html#tls-warnings
  warnings.warn(
/home/comparendos/venv/lib/python3.12/site-packages/urllib3/connectionpool.py:1097: InsecureRequestWarning: Unverified HTTPS request is being made to host 'serviciosdigitales.movilidadavanzadabello.com.co'. Adding certificate verification is strongly advised. See: https://urllib3.readthedocs.io/en/latest/advanced-usage.html#tls-warnings
  warnings.warn(
/home/comparendos/venv/lib/python3.12/site-packages/urllib3/connectionpool.py:1097: InsecureRequestWarning: Unverified HTTPS request is being made to host 'serviciosdigitales.movilidadavanzadabello.com.co'. Adding certificate verification is strongly advised. See: https://urllib3.readthedocs.io/en/latest/advanced-usage.html#tls-warnings
  warnings.warn(
/home/comparendos/venv/lib/python3.12/site-packages/urllib3/connectionpool.py:1097: InsecureRequestWarning: Unverified HTTPS request is being made to host 'serviciosdigitales.movilidadavanzadabello.com.co'. Adding certificate verification is strongly advised. See: https://urllib3.readthedocs.io/en/latest/advanced-usage.html#tls-warnings
  warnings.warn(
/home/comparendos/venv/lib/python3.12/site-packages/urllib3/connectionpool.py:1097: InsecureRequestWarning: Unverified HTTPS request is being made to host 'serviciosdigitales.movilidadavanzadabello.com.co'. Adding certificate verification is strongly advised. See: https://urllib3.readthedocs.io/en/latest/advanced-usage.html#tls-warnings
  warnings.warn(
/home/comparendos/venv/lib/python3.12/site-packages/urllib3/connectionpool.py:1097: InsecureRequestWarning: Unverified HTTPS request is being made to host 'serviciosdigitales.movilidadavanzadabello.com.co'. Adding certificate verification is strongly advised. See: https://urllib3.readthedocs.io/en/latest/advanced-usage.html#tls-warnings
  warnings.warn(
/home/comparendos/venv/lib/python3.12/site-packages/urllib3/connectionpool.py:1097: InsecureRequestWarning: Unverified HTTPS request is being made to host 'serviciosdigitales.movilidadavanzadabello.com.co'. Adding certificate verification is strongly advised. See: https://urllib3.readthedocs.io/en/latest/advanced-usage.html#tls-warnings
  warnings.warn(
/home/comparendos/venv/lib/python3.12/site-packages/urllib3/connectionpool.py:1097: InsecureRequestWarning: Unverified HTTPS request is being made to host 'serviciosdigitales.movilidadavanzadabello.com.co'. Adding certificate verification is strongly advised. See: https://urllib3.readthedocs.io/en/latest/advanced-usage.html#tls-warnings
  warnings.warn(
/home/comparendos/venv/lib/python3.12/site-packages/urllib3/connectionpool.py:1097: InsecureRequestWarning: Unverified HTTPS request is being made to host 'serviciosdigitales.movilidadavanzadabello.com.co'. Adding certificate verification is strongly advised. See: https://urllib3.readthedocs.io/en/latest/advanced-usage.html#tls-warnings
  warnings.warn(
/home/comparendos/venv/lib/python3.12/site-packages/urllib3/connectionpool.py:1097: InsecureRequestWarning: Unverified HTTPS request is being made to host 'serviciosdigitales.movilidadavanzadabello.com.co'. Adding certificate verification is strongly advised. See: https://urllib3.readthedocs.io/en/latest/advanced-usage.html#tls-warnings
  warnings.warn(
/home/comparendos/venv/lib/python3.12/site-packages/urllib3/connectionpool.py:1097: InsecureRequestWarning: Unverified HTTPS request is being made to host 'serviciosdigitales.movilidadavanzadabello.com.co'. Adding certificate verification is strongly advised. See: https://urllib3.readthedocs.io/en/latest/advanced-usage.html#tls-warnings
  warnings.warn(
/home/comparendos/venv/lib/python3.12/site-packages/urllib3/connectionpool.py:1097: InsecureRequestWarning: Unverified HTTPS request is being made to host 'serviciosdigitales.movilidadavanzadabello.com.co'. Adding certificate verification is strongly advised. See: https://urllib3.readthedocs.io/en/latest/advanced-usage.html#tls-warnings
  warnings.warn(
/home/comparendos/venv/lib/python3.12/site-packages/urllib3/connectionpool.py:1097: InsecureRequestWarning: Unverified HTTPS request is being made to host 'serviciosdigitales.movilidadavanzadabello.com.co'. Adding certificate verification is strongly advised. See: https://urllib3.readthedocs.io/en/latest/advanced-usage.html#tls-warnings
  warnings.warn(
/home/comparendos/venv/lib/python3.12/site-packages/urllib3/connectionpool.py:1097: InsecureRequestWarning: Unverified HTTPS request is being made to host 'serviciosdigitales.movilidadavanzadabello.com.co'. Adding certificate verification is strongly advised. See: https://urllib3.readthedocs.io/en/latest/advanced-usage.html#tls-warnings
  warnings.warn(
/home/comparendos/venv/lib/python3.12/site-packages/urllib3/connectionpool.py:1097: InsecureRequestWarning: Unverified HTTPS request is being made to host 'serviciosdigitales.movilidadavanzadabello.com.co'. Adding certificate verification is strongly advised. See: https://urllib3.readthedocs.io/en/latest/advanced-usage.html#tls-warnings
  warnings.warn(
/home/comparendos/venv/lib/python3.12/site-packages/urllib3/connectionpool.py:1097: InsecureRequestWarning: Unverified HTTPS request is being made to host 'serviciosdigitales.movilidadavanzadabello.com.co'. Adding certificate verification is strongly advised. See: https://urllib3.readthedocs.io/en/latest/advanced-usage.html#tls-warnings
  warnings.warn(
/home/comparendos/venv/lib/python3.12/site-packages/urllib3/connectionpool.py:1097: InsecureRequestWarning: Unverified HTTPS request is being made to host 'serviciosdigitales.movilidadavanzadabello.com.co'. Adding certificate verification is strongly advised. See: https://urllib3.readthedocs.io/en/latest/advanced-usage.html#tls-warnings
  warnings.warn(
/home/comparendos/venv/lib/python3.12/site-packages/urllib3/connectionpool.py:1097: InsecureRequestWarning: Unverified HTTPS request is being made to host 'serviciosdigitales.movilidadavanzadabello.com.co'. Adding certificate verification is strongly advised. See: https://urllib3.readthedocs.io/en/latest/advanced-usage.html#tls-warnings
  warnings.warn(
/home/comparendos/venv/lib/python3.12/site-packages/urllib3/connectionpool.py:1097: InsecureRequestWarning: Unverified HTTPS request is being made to host 'serviciosdigitales.movilidadavanzadabello.com.co'. Adding certificate verification is strongly advised. See: https://urllib3.readthedocs.io/en/latest/advanced-usage.html#tls-warnings
  warnings.warn(
/home/comparendos/venv/lib/python3.12/site-packages/urllib3/connectionpool.py:1097: InsecureRequestWarning: Unverified HTTPS request is being made to host 'serviciosdigitales.movilidadavanzadabello.com.co'. Adding certificate verification is strongly advised. See: https://urllib3.readthedocs.io/en/latest/advanced-usage.html#tls-warnings
  warnings.warn(
/home/comparendos/venv/lib/python3.12/site-packages/urllib3/connectionpool.py:1097: InsecureRequestWarning: Unverified HTTPS request is being made to host 'serviciosdigitales.movilidadavanzadabello.com.co'. Adding certificate verification is strongly advised. See: https://urllib3.readthedocs.io/en/latest/advanced-usage.html#tls-warnings
  warnings.warn(
/home/comparendos/venv/lib/python3.12/site-packages/urllib3/connectionpool.py:1097: InsecureRequestWarning: Unverified HTTPS request is being made to host 'serviciosdigitales.movilidadavanzadabello.com.co'. Adding certificate verification is strongly advised. See: https://urllib3.readthedocs.io/en/latest/advanced-usage.html#tls-warnings
  warnings.warn(
/home/comparendos/venv/lib/python3.12/site-packages/urllib3/connectionpool.py:1097: InsecureRequestWarning: Unverified HTTPS request is being made to host 'serviciosdigitales.movilidadavanzadabello.com.co'. Adding certificate verification is strongly advised. See: https://urllib3.readthedocs.io/en/latest/advanced-usage.html#tls-warnings
  warnings.warn(
/home/comparendos/venv/lib/python3.12/site-packages/urllib3/connectionpool.py:1097: InsecureRequestWarning: Unverified HTTPS request is being made to host 'serviciosdigitales.movilidadavanzadabello.com.co'. Adding certificate verification is strongly advised. See: https://urllib3.readthedocs.io/en/latest/advanced-usage.html#tls-warnings
  warnings.warn(
/home/comparendos/venv/lib/python3.12/site-packages/urllib3/connectionpool.py:1097: InsecureRequestWarning: Unverified HTTPS request is being made to host 'serviciosdigitales.movilidadavanzadabello.com.co'. Adding certificate verification is strongly advised. See: https://urllib3.readthedocs.io/en/latest/advanced-usage.html#tls-warnings
  warnings.warn(
/home/comparendos/venv/lib/python3.12/site-packages/urllib3/connectionpool.py:1097: InsecureRequestWarning: Unverified HTTPS request is being made to host 'serviciosdigitales.movilidadavanzadabello.com.co'. Adding certificate verification is strongly advised. See: https://urllib3.readthedocs.io/en/latest/advanced-usage.html#tls-warnings
  warnings.warn(
/home/comparendos/venv/lib/python3.12/site-packages/urllib3/connectionpool.py:1097: InsecureRequestWarning: Unverified HTTPS request is being made to host 'serviciosdigitales.movilidadavanzadabello.com.co'. Adding certificate verification is strongly advised. See: https://urllib3.readthedocs.io/en/latest/advanced-usage.html#tls-warnings
  warnings.warn(
/home/comparendos/venv/lib/python3.12/site-packages/urllib3/connectionpool.py:1097: InsecureRequestWarning: Unverified HTTPS request is being made to host 'serviciosdigitales.movilidadavanzadabello.com.co'. Adding certificate verification is strongly advised. See: https://urllib3.readthedocs.io/en/latest/advanced-usage.html#tls-warnings
  warnings.warn(
/home/comparendos/venv/lib/python3.12/site-packages/urllib3/connectionpool.py:1097: InsecureRequestWarning: Unverified HTTPS request is being made to host 'serviciosdigitales.movilidadavanzadabello.com.co'. Adding certificate verification is strongly advised. See: https://urllib3.readthedocs.io/en/latest/advanced-usage.html#tls-warnings
  warnings.warn(
/home/comparendos/venv/lib/python3.12/site-packages/urllib3/connectionpool.py:1097: InsecureRequestWarning: Unverified HTTPS request is being made to host 'serviciosdigitales.movilidadavanzadabello.com.co'. Adding certificate verification is strongly advised. See: https://urllib3.readthedocs.io/en/latest/advanced-usage.html#tls-warnings
  warnings.warn(
/home/comparendos/venv/lib/python3.12/site-packages/urllib3/connectionpool.py:1097: InsecureRequestWarning: Unverified HTTPS request is being made to host 'serviciosdigitales.movilidadavanzadabello.com.co'. Adding certificate verification is strongly advised. See: https://urllib3.readthedocs.io/en/latest/advanced-usage.html#tls-warnings
  warnings.warn(
/home/comparendos/venv/lib/python3.12/site-packages/urllib3/connectionpool.py:1097: InsecureRequestWarning: Unverified HTTPS request is being made to host 'serviciosdigitales.movilidadavanzadabello.com.co'. Adding certificate verification is strongly advised. See: https://urllib3.readthedocs.io/en/latest/advanced-usage.html#tls-warnings
  warnings.warn(
/home/comparendos/venv/lib/python3.12/site-packages/urllib3/connectionpool.py:1097: InsecureRequestWarning: Unverified HTTPS request is being made to host 'serviciosdigitales.movilidadavanzadabello.com.co'. Adding certificate verification is strongly advised. See: https://urllib3.readthedocs.io/en/latest/advanced-usage.html#tls-warnings
  warnings.warn(
/home/comparendos/venv/lib/python3.12/site-packages/urllib3/connectionpool.py:1097: InsecureRequestWarning: Unverified HTTPS request is being made to host 'serviciosdigitales.movilidadavanzadabello.com.co'. Adding certificate verification is strongly advised. See: https://urllib3.readthedocs.io/en/latest/advanced-usage.html#tls-warnings
  warnings.warn(
/home/comparendos/venv/lib/python3.12/site-packages/urllib3/connectionpool.py:1097: InsecureRequestWarning: Unverified HTTPS request is being made to host 'serviciosdigitales.movilidadavanzadabello.com.co'. Adding certificate verification is strongly advised. See: https://urllib3.readthedocs.io/en/latest/advanced-usage.html#tls-warnings
  warnings.warn(
/home/comparendos/venv/lib/python3.12/site-packages/urllib3/connectionpool.py:1097: InsecureRequestWarning: Unverified HTTPS request is being made to host 'serviciosdigitales.movilidadavanzadabello.com.co'. Adding certificate verification is strongly advised. See: https://urllib3.readthedocs.io/en/latest/advanced-usage.html#tls-warnings
  warnings.warn(
/home/comparendos/venv/lib/python3.12/site-packages/urllib3/connectionpool.py:1097: InsecureRequestWarning: Unverified HTTPS request is being made to host 'serviciosdigitales.movilidadavanzadabello.com.co'. Adding certificate verification is strongly advised. See: https://urllib3.readthedocs.io/en/latest/advanced-usage.html#tls-warnings
  warnings.warn(
/home/comparendos/venv/lib/python3.12/site-packages/urllib3/connectionpool.py:1097: InsecureRequestWarning: Unverified HTTPS request is being made to host 'serviciosdigitales.movilidadavanzadabello.com.co'. Adding certificate verification is strongly advised. See: https://urllib3.readthedocs.io/en/latest/advanced-usage.html#tls-warnings
  warnings.warn(
/home/comparendos/venv/lib/python3.12/site-packages/urllib3/connectionpool.py:1097: InsecureRequestWarning: Unverified HTTPS request is being made to host 'serviciosdigitales.movilidadavanzadabello.com.co'. Adding certificate verification is strongly advised. See: https://urllib3.readthedocs.io/en/latest/advanced-usage.html#tls-warnings
  warnings.warn(
/home/comparendos/venv/lib/python3.12/site-packages/urllib3/connectionpool.py:1097: InsecureRequestWarning: Unverified HTTPS request is being made to host 'serviciosdigitales.movilidadavanzadabello.com.co'. Adding certificate verification is strongly advised. See: https://urllib3.readthedocs.io/en/latest/advanced-usage.html#tls-warnings
  warnings.warn(
/home/comparendos/venv/lib/python3.12/site-packages/urllib3/connectionpool.py:1097: InsecureRequestWarning: Unverified HTTPS request is being made to host 'serviciosdigitales.movilidadavanzadabello.com.co'. Adding certificate verification is strongly advised. See: https://urllib3.readthedocs.io/en/latest/advanced-usage.html#tls-warnings
  warnings.warn(
/home/comparendos/venv/lib/python3.12/site-packages/urllib3/connectionpool.py:1097: InsecureRequestWarning: Unverified HTTPS request is being made to host 'serviciosdigitales.movilidadavanzadabello.com.co'. Adding certificate verification is strongly advised. See: https://urllib3.readthedocs.io/en/latest/advanced-usage.html#tls-warnings
  warnings.warn(
/home/comparendos/venv/lib/python3.12/site-packages/urllib3/connectionpool.py:1097: InsecureRequestWarning: Unverified HTTPS request is being made to host 'serviciosdigitales.movilidadavanzadabello.com.co'. Adding certificate verification is strongly advised. See: https://urllib3.readthedocs.io/en/latest/advanced-usage.html#tls-warnings
  warnings.warn(
/home/comparendos/venv/lib/python3.12/site-packages/urllib3/connectionpool.py:1097: InsecureRequestWarning: Unverified HTTPS request is being made to host 'serviciosdigitales.movilidadavanzadabello.com.co'. Adding certificate verification is strongly advised. See: https://urllib3.readthedocs.io/en/latest/advanced-usage.html#tls-warnings
  warnings.warn(
/home/comparendos/venv/lib/python3.12/site-packages/urllib3/connectionpool.py:1097: InsecureRequestWarning: Unverified HTTPS request is being made to host 'serviciosdigitales.movilidadavanzadabello.com.co'. Adding certificate verification is strongly advised. See: https://urllib3.readthedocs.io/en/latest/advanced-usage.html#tls-warnings
  warnings.warn(
/home/comparendos/venv/lib/python3.12/site-packages/urllib3/connectionpool.py:1097: InsecureRequestWarning: Unverified HTTPS request is being made to host 'serviciosdigitales.movilidadavanzadabello.com.co'. Adding certificate verification is strongly advised. See: https://urllib3.readthedocs.io/en/latest/advanced-usage.html#tls-warnings
  warnings.warn(
/home/comparendos/venv/lib/python3.12/site-packages/urllib3/connectionpool.py:1097: InsecureRequestWarning: Unverified HTTPS request is being made to host 'serviciosdigitales.movilidadavanzadabello.com.co'. Adding certificate verification is strongly advised. See: https://urllib3.readthedocs.io/en/latest/advanced-usage.html#tls-warnings
  warnings.warn(
/home/comparendos/venv/lib/python3.12/site-packages/urllib3/connectionpool.py:1097: InsecureRequestWarning: Unverified HTTPS request is being made to host 'serviciosdigitales.movilidadavanzadabello.com.co'. Adding certificate verification is strongly advised. See: https://urllib3.readthedocs.io/en/latest/advanced-usage.html#tls-warnings
  warnings.warn(
/home/comparendos/venv/lib/python3.12/site-packages/urllib3/connectionpool.py:1097: InsecureRequestWarning: Unverified HTTPS request is being made to host 'serviciosdigitales.movilidadavanzadabello.com.co'. Adding certificate verification is strongly advised. See: https://urllib3.readthedocs.io/en/latest/advanced-usage.html#tls-warnings
  warnings.warn(
/home/comparendos/venv/lib/python3.12/site-packages/urllib3/connectionpool.py:1097: InsecureRequestWarning: Unverified HTTPS request is being made to host 'serviciosdigitales.movilidadavanzadabello.com.co'. Adding certificate verification is strongly advised. See: https://urllib3.readthedocs.io/en/latest/advanced-usage.html#tls-warnings
  warnings.warn(
/home/comparendos/venv/lib/python3.12/site-packages/urllib3/connectionpool.py:1097: InsecureRequestWarning: Unverified HTTPS request is being made to host 'serviciosdigitales.movilidadavanzadabello.com.co'. Adding certificate verification is strongly advised. See: https://urllib3.readthedocs.io/en/latest/advanced-usage.html#tls-warnings
  warnings.warn(
/home/comparendos/venv/lib/python3.12/site-packages/urllib3/connectionpool.py:1097: InsecureRequestWarning: Unverified HTTPS request is being made to host 'serviciosdigitales.movilidadavanzadabello.com.co'. Adding certificate verification is strongly advised. See: https://urllib3.readthedocs.io/en/latest/advanced-usage.html#tls-warnings
  warnings.warn(
/home/comparendos/venv/lib/python3.12/site-packages/urllib3/connectionpool.py:1097: InsecureRequestWarning: Unverified HTTPS request is being made to host 'serviciosdigitales.movilidadavanzadabello.com.co'. Adding certificate verification is strongly advised. See: https://urllib3.readthedocs.io/en/latest/advanced-usage.html#tls-warnings
  warnings.warn(
/home/comparendos/venv/lib/python3.12/site-packages/urllib3/connectionpool.py:1097: InsecureRequestWarning: Unverified HTTPS request is being made to host 'serviciosdigitales.movilidadavanzadabello.com.co'. Adding certificate verification is strongly advised. See: https://urllib3.readthedocs.io/en/latest/advanced-usage.html#tls-warnings
  warnings.warn(
/home/comparendos/venv/lib/python3.12/site-packages/urllib3/connectionpool.py:1097: InsecureRequestWarning: Unverified HTTPS request is being made to host 'serviciosdigitales.movilidadavanzadabello.com.co'. Adding certificate verification is strongly advised. See: https://urllib3.readthedocs.io/en/latest/advanced-usage.html#tls-warnings
  warnings.warn(
/home/comparendos/venv/lib/python3.12/site-packages/urllib3/connectionpool.py:1097: InsecureRequestWarning: Unverified HTTPS request is being made to host 'serviciosdigitales.movilidadavanzadabello.com.co'. Adding certificate verification is strongly advised. See: https://urllib3.readthedocs.io/en/latest/advanced-usage.html#tls-warnings
  warnings.warn(
/home/comparendos/venv/lib/python3.12/site-packages/urllib3/connectionpool.py:1097: InsecureRequestWarning: Unverified HTTPS request is being made to host 'serviciosdigitales.movilidadavanzadabello.com.co'. Adding certificate verification is strongly advised. See: https://urllib3.readthedocs.io/en/latest/advanced-usage.html#tls-warnings
  warnings.warn(
/home/comparendos/venv/lib/python3.12/site-packages/urllib3/connectionpool.py:1097: InsecureRequestWarning: Unverified HTTPS request is being made to host 'serviciosdigitales.movilidadavanzadabello.com.co'. Adding certificate verification is strongly advised. See: https://urllib3.readthedocs.io/en/latest/advanced-usage.html#tls-warnings
  warnings.warn(
/home/comparendos/venv/lib/python3.12/site-packages/urllib3/connectionpool.py:1097: InsecureRequestWarning: Unverified HTTPS request is being made to host 'serviciosdigitales.movilidadavanzadabello.com.co'. Adding certificate verification is strongly advised. See: https://urllib3.readthedocs.io/en/latest/advanced-usage.html#tls-warnings
  warnings.warn(
/home/comparendos/venv/lib/python3.12/site-packages/urllib3/connectionpool.py:1097: InsecureRequestWarning: Unverified HTTPS request is being made to host 'serviciosdigitales.movilidadavanzadabello.com.co'. Adding certificate verification is strongly advised. See: https://urllib3.readthedocs.io/en/latest/advanced-usage.html#tls-warnings
  warnings.warn(
/home/comparendos/venv/lib/python3.12/site-packages/urllib3/connectionpool.py:1097: InsecureRequestWarning: Unverified HTTPS request is being made to host 'serviciosdigitales.movilidadavanzadabello.com.co'. Adding certificate verification is strongly advised. See: https://urllib3.readthedocs.io/en/latest/advanced-usage.html#tls-warnings
  warnings.warn(
/home/comparendos/venv/lib/python3.12/site-packages/urllib3/connectionpool.py:1097: InsecureRequestWarning: Unverified HTTPS request is being made to host 'serviciosdigitales.movilidadavanzadabello.com.co'. Adding certificate verification is strongly advised. See: https://urllib3.readthedocs.io/en/latest/advanced-usage.html#tls-warnings
  warnings.warn(
/home/comparendos/venv/lib/python3.12/site-packages/urllib3/connectionpool.py:1097: InsecureRequestWarning: Unverified HTTPS request is being made to host 'serviciosdigitales.movilidadavanzadabello.com.co'. Adding certificate verification is strongly advised. See: https://urllib3.readthedocs.io/en/latest/advanced-usage.html#tls-warnings
  warnings.warn(
/home/comparendos/venv/lib/python3.12/site-packages/urllib3/connectionpool.py:1097: InsecureRequestWarning: Unverified HTTPS request is being made to host 'serviciosdigitales.movilidadavanzadabello.com.co'. Adding certificate verification is strongly advised. See: https://urllib3.readthedocs.io/en/latest/advanced-usage.html#tls-warnings
  warnings.warn(
/home/comparendos/venv/lib/python3.12/site-packages/urllib3/connectionpool.py:1097: InsecureRequestWarning: Unverified HTTPS request is being made to host 'serviciosdigitales.movilidadavanzadabello.com.co'. Adding certificate verification is strongly advised. See: https://urllib3.readthedocs.io/en/latest/advanced-usage.html#tls-warnings
  warnings.warn(

Error en consulta_info_home_public para ITAGUI: HTTPSConnectionPool(host='movilidad.transitoitagui.gov.co', port=443): Read timed out. (read timeout=30)
Error en ITAGUI: 'NoneType' object has no attribute 'json'
El comparendo ya fue notificado previamente Documento: 1036336355 Comparendo: D05001000000054545208
El comparendo ya fue notificado previamente Documento: 1036336355 Comparendo: D05631000000055815366
El comparendo ya fue notificado previamente Documento: 43280754 Comparendo: D05001000000054385830
El comparendo ya fue notificado previamente Documento: 1001902254 Comparendo: D05001000000054451087
El comparendo ya fue notificado previamente Documento: 71777308 Comparendo: D05001000000054400670
El comparendo ya fue notificado previamente Documento: 1035232198 Comparendo: D05001000000054694287
El comparendo ya fue notificado previamente Documento: 1035232198 Comparendo: D05001000000054678371
El comparendo ya fue notificado previamente Documento: 1035232198 Comparendo: D05001000000054564561
El comparendo ya fue notificado previamente Documento: 1035232198 Comparendo: D05001000000054518870
El comparendo ya fue notificado previamente Documento: 1035232198 Comparendo: D05001000000054508692
El comparendo ya fue notificado previamente Documento: 1035232198 Comparendo: D05001000000054402031
El comparendo ya fue notificado previamente Documento: 1035232198 Comparendo: D05001000000054358411
El comparendo ya fue notificado previamente Documento: 1035232198 Comparendo: D05001000000054277764
El comparendo ya fue notificado previamente Documento: 1035232198 Comparendo: D05001000000054472400
El comparendo ya fue notificado previamente Documento: 1035232198 Comparendo: D05001000000054317384
El comparendo ya fue notificado previamente Documento: 1035232198 Comparendo: D05001000000054531810
El comparendo ya fue notificado previamente Documento: 1035232198 Comparendo: D05001000000054485265
El comparendo ya fue notificado previamente Documento: 1035232198 Comparendo: D05001000000054455862
El comparendo ya fue notificado previamente Documento: 1035232198 Comparendo: D05001000000054424387
El comparendo ya fue notificado previamente Documento: 1035232198 Comparendo: D05001000000054300202
El comparendo ya fue notificado previamente Documento: 1035232198 Comparendo: D05001000000054713960
El comparendo ya fue notificado previamente Documento: 1035232198 Comparendo: D05001000000054358943
El comparendo ya fue notificado previamente Documento: 1035232198 Comparendo: D05001000000054358059
El comparendo ya fue notificado previamente Documento: 71277785 Comparendo: D05001000000051523814
El comparendo ya fue notificado previamente Documento: 71277785 Comparendo: D05001000000054536904
El comparendo ya fue notificado previamente Documento: 1036672911 Comparendo: D05001000000054564413
El comparendo ya fue notificado previamente Documento: 1036672911 Comparendo: D05001000000054625161
El comparendo ya fue notificado previamente Documento: 1038415560 Comparendo: 05615000000055706472
El comparendo ya fue notificado previamente Documento: 98664381 Comparendo: D05001000000054428051
El comparendo ya fue notificado previamente Documento: 71737207 Comparendo: D05001000000054627207
El comparendo ya fue notificado previamente Documento: 71737207 Comparendo: D05001000000054427725
El comparendo ya fue notificado previamente Documento: 71737207 Comparendo: D05001000000054397550
El comparendo ya fue notificado previamente Documento: 1007899091 Comparendo: D05360000000056622674
El comparendo ya fue notificado previamente Documento: 15533033 Comparendo: D05001000000054389765
El comparendo ya fue notificado previamente Documento: 1001577679 Comparendo: D05088000000053776384
El comparendo ya fue notificado previamente Documento: 1001577679 Comparendo: D05088000000053776385
El comparendo ya fue notificado previamente Documento: 1001577679 Comparendo: D05001000000051667607
El comparendo ya fue notificado previamente Documento: 1001577679 Comparendo: D05001000000051653090
El comparendo ya fue notificado previamente Documento: 1001577679 Comparendo: D05001000000054334514
El comparendo ya fue notificado previamente Documento: 1001577679 Comparendo: D05001000000054369600
El comparendo ya fue notificado previamente Documento: 1001577679 Comparendo: D05001000000054502819
El comparendo ya fue notificado previamente Documento: 1001577679 Comparendo: D05001000000054274432
El comparendo ya fue notificado previamente Documento: 43847972 Comparendo: D05001000000054237434
El comparendo ya fue notificado previamente Documento: 71318521 Comparendo: 05088000000056147511
El comparendo ya fue notificado previamente Documento: 91490885 Comparendo: D05001000000051528066
El comparendo ya fue notificado previamente Documento: 91490885 Comparendo: D05001000000054276624
Error en consulta_info_home_public para MEDELLIN: ('Connection aborted.', RemoteDisconnected('Remote end closed connection without response'))
Error en MEDELLIN: 'NoneType' object has no attribute 'json'
El comparendo ya fue notificado previamente Documento: 87101858 Comparendo: 05001000000051606536
El comparendo ya fue notificado previamente Documento: 87101858 Comparendo: D05001000000054314505
El comparendo ya fue notificado previamente Documento: 1152443241 Comparendo: D05001000000054528028
El comparendo ya fue notificado previamente Documento: 1039450829 Comparendo: D05001000000054708088
El comparendo ya fue notificado previamente Documento: 98708980 Comparendo: D05088000000055779903
El comparendo ya fue notificado previamente Documento: 1000396739 Comparendo: D05088000000055476903
El comparendo ya fue notificado previamente Documento: 1000396739 Comparendo: D05088000000056121314
El comparendo ya fue notificado previamente Documento: 1000396739 Comparendo: D05001000000054404999
El comparendo ya fue notificado previamente Documento: 71317590 Comparendo: D05001000000051239619
El comparendo ya fue notificado previamente Documento: 8357311 Comparendo: D05001000000054340567
El comparendo ya fue notificado previamente Documento: 8357311 Comparendo: D05001000000054392767
El comparendo ya fue notificado previamente Documento: 60407919 Comparendo: D05001000000054508420
El comparendo ya fue notificado previamente Documento: 60407919 Comparendo: D05001000000054503552
El comparendo ya fue notificado previamente Documento: 60407919 Comparendo: D05001000000054301388
El comparendo ya fue notificado previamente Documento: 60407919 Comparendo: D05001000000054690521
El comparendo ya fue notificado previamente Documento: 1016077149 Comparendo: D05001000000051391562
El comparendo ya fue notificado previamente Documento: 71721928 Comparendo: D05001000000054536635
El comparendo ya fue notificado previamente Documento: 79595230 Comparendo: D05001000000054338933
El comparendo ya fue notificado previamente Documento: 5590910 Comparendo: D05001000000054695860
El comparendo ya fue notificado previamente Documento: 5590910 Comparendo: D05001000000054678353
El comparendo ya fue notificado previamente Documento: 98628918 Comparendo: D05001000000054711103
El comparendo ya fue notificado previamente Documento: 1017255992 Comparendo: D05001000000054379819
El comparendo ya fue notificado previamente Documento: 1017255992 Comparendo: D05001000000054631738
El comparendo ya fue notificado previamente Documento: 1017255992 Comparendo: D05001000000054299661
El comparendo ya fue notificado previamente Documento: 1001498947 Comparendo: D05001000000051478079
El comparendo ya fue notificado previamente Documento: 1001498947 Comparendo: D05001000000051268055
El comparendo ya fue notificado previamente Documento: 1001498947 Comparendo: D05001000000054694841
El comparendo ya fue notificado previamente Documento: 98562417 Comparendo: 05001000000051556340
El comparendo ya fue notificado previamente Documento: 70502112 Comparendo: D05001000000054683874
El comparendo ya fue notificado previamente Documento: 70502112 Comparendo: D05001000000054546434
El comparendo ya fue notificado previamente Documento: 1152453744 Comparendo: D05001000000054520094
El comparendo ya fue notificado previamente Documento: 32517997 Comparendo: D05001000000054631396
El comparendo ya fue notificado previamente Documento: 1044102143 Comparendo: D05088000000055785264/home/comparendos/venv/lib/python3.12/site-packages/urllib3/connectionpool.py:1097: InsecureRequestWarning: Unverified HTTPS request is being made to host 'serviciosdigitales.movilidadavanzadabello.com.co'. Adding certificate verification is strongly advised. See: https://urllib3.readthedocs.io/en/latest/advanced-usage.html#tls-warnings
  warnings.warn(
/home/comparendos/venv/lib/python3.12/site-packages/urllib3/connectionpool.py:1097: InsecureRequestWarning: Unverified HTTPS request is being made to host 'serviciosdigitales.movilidadavanzadabello.com.co'. Adding certificate verification is strongly advised. See: https://urllib3.readthedocs.io/en/latest/advanced-usage.html#tls-warnings
  warnings.warn(
/home/comparendos/venv/lib/python3.12/site-packages/urllib3/connectionpool.py:1097: InsecureRequestWarning: Unverified HTTPS request is being made to host 'serviciosdigitales.movilidadavanzadabello.com.co'. Adding certificate verification is strongly advised. See: https://urllib3.readthedocs.io/en/latest/advanced-usage.html#tls-warnings
  warnings.warn(
/home/comparendos/venv/lib/python3.12/site-packages/urllib3/connectionpool.py:1097: InsecureRequestWarning: Unverified HTTPS request is being made to host 'serviciosdigitales.movilidadavanzadabello.com.co'. Adding certificate verification is strongly advised. See: https://urllib3.readthedocs.io/en/latest/advanced-usage.html#tls-warnings
  warnings.warn(
/home/comparendos/venv/lib/python3.12/site-packages/urllib3/connectionpool.py:1097: InsecureRequestWarning: Unverified HTTPS request is being made to host 'serviciosdigitales.movilidadavanzadabello.com.co'. Adding certificate verification is strongly advised. See: https://urllib3.readthedocs.io/en/latest/advanced-usage.html#tls-warnings
  warnings.warn(
/home/comparendos/venv/lib/python3.12/site-packages/urllib3/connectionpool.py:1097: InsecureRequestWarning: Unverified HTTPS request is being made to host 'serviciosdigitales.movilidadavanzadabello.com.co'. Adding certificate verification is strongly advised. See: https://urllib3.readthedocs.io/en/latest/advanced-usage.html#tls-warnings
  warnings.warn(
/home/comparendos/venv/lib/python3.12/site-packages/urllib3/connectionpool.py:1097: InsecureRequestWarning: Unverified HTTPS request is being made to host 'serviciosdigitales.movilidadavanzadabello.com.co'. Adding certificate verification is strongly advised. See: https://urllib3.readthedocs.io/en/latest/advanced-usage.html#tls-warnings
  warnings.warn(
/home/comparendos/venv/lib/python3.12/site-packages/urllib3/connectionpool.py:1097: InsecureRequestWarning: Unverified HTTPS request is being made to host 'serviciosdigitales.movilidadavanzadabello.com.co'. Adding certificate verification is strongly advised. See: https://urllib3.readthedocs.io/en/latest/advanced-usage.html#tls-warnings
  warnings.warn(
/home/comparendos/venv/lib/python3.12/site-packages/urllib3/connectionpool.py:1097: InsecureRequestWarning: Unverified HTTPS request is being made to host 'serviciosdigitales.movilidadavanzadabello.com.co'. Adding certificate verification is strongly advised. See: https://urllib3.readthedocs.io/en/latest/advanced-usage.html#tls-warnings
  warnings.warn(
/home/comparendos/venv/lib/python3.12/site-packages/urllib3/connectionpool.py:1097: InsecureRequestWarning: Unverified HTTPS request is being made to host 'serviciosdigitales.movilidadavanzadabello.com.co'. Adding certificate verification is strongly advised. See: https://urllib3.readthedocs.io/en/latest/advanced-usage.html#tls-warnings
  warnings.warn(
/home/comparendos/venv/lib/python3.12/site-packages/urllib3/connectionpool.py:1097: InsecureRequestWarning: Unverified HTTPS request is being made to host 'serviciosdigitales.movilidadavanzadabello.com.co'. Adding certificate verification is strongly advised. See: https://urllib3.readthedocs.io/en/latest/advanced-usage.html#tls-warnings
  warnings.warn(
/home/comparendos/venv/lib/python3.12/site-packages/urllib3/connectionpool.py:1097: InsecureRequestWarning: Unverified HTTPS request is being made to host 'serviciosdigitales.movilidadavanzadabello.com.co'. Adding certificate verification is strongly advised. See: https://urllib3.readthedocs.io/en/latest/advanced-usage.html#tls-warnings
  warnings.warn(
/home/comparendos/venv/lib/python3.12/site-packages/urllib3/connectionpool.py:1097: InsecureRequestWarning: Unverified HTTPS request is being made to host 'serviciosdigitales.movilidadavanzadabello.com.co'. Adding certificate verification is strongly advised. See: https://urllib3.readthedocs.io/en/latest/advanced-usage.html#tls-warnings
  warnings.warn(
/home/comparendos/venv/lib/python3.12/site-packages/urllib3/connectionpool.py:1097: InsecureRequestWarning: Unverified HTTPS request is being made to host 'serviciosdigitales.movilidadavanzadabello.com.co'. Adding certificate verification is strongly advised. See: https://urllib3.readthedocs.io/en/latest/advanced-usage.html#tls-warnings
  warnings.warn(
/home/comparendos/venv/lib/python3.12/site-packages/urllib3/connectionpool.py:1097: InsecureRequestWarning: Unverified HTTPS request is being made to host 'serviciosdigitales.movilidadavanzadabello.com.co'. Adding certificate verification is strongly advised. See: https://urllib3.readthedocs.io/en/latest/advanced-usage.html#tls-warnings
  warnings.warn(
/home/comparendos/venv/lib/python3.12/site-packages/urllib3/connectionpool.py:1097: InsecureRequestWarning: Unverified HTTPS request is being made to host 'serviciosdigitales.movilidadavanzadabello.com.co'. Adding certificate verification is strongly advised. See: https://urllib3.readthedocs.io/en/latest/advanced-usage.html#tls-warnings
  warnings.warn(
/home/comparendos/venv/lib/python3.12/site-packages/urllib3/connectionpool.py:1097: InsecureRequestWarning: Unverified HTTPS request is being made to host 'serviciosdigitales.movilidadavanzadabello.com.co'. Adding certificate verification is strongly advised. See: https://urllib3.readthedocs.io/en/latest/advanced-usage.html#tls-warnings
  warnings.warn(
/home/comparendos/venv/lib/python3.12/site-packages/urllib3/connectionpool.py:1097: InsecureRequestWarning: Unverified HTTPS request is being made to host 'serviciosdigitales.movilidadavanzadabello.com.co'. Adding certificate verification is strongly advised. See: https://urllib3.readthedocs.io/en/latest/advanced-usage.html#tls-warnings
  warnings.warn(
/home/comparendos/venv/lib/python3.12/site-packages/urllib3/connectionpool.py:1097: InsecureRequestWarning: Unverified HTTPS request is being made to host 'serviciosdigitales.movilidadavanzadabello.com.co'. Adding certificate verification is strongly advised. See: https://urllib3.readthedocs.io/en/latest/advanced-usage.html#tls-warnings
  warnings.warn(
/home/comparendos/venv/lib/python3.12/site-packages/urllib3/connectionpool.py:1097: InsecureRequestWarning: Unverified HTTPS request is being made to host 'serviciosdigitales.movilidadavanzadabello.com.co'. Adding certificate verification is strongly advised. See: https://urllib3.readthedocs.io/en/latest/advanced-usage.html#tls-warnings
  warnings.warn(
/home/comparendos/venv/lib/python3.12/site-packages/urllib3/connectionpool.py:1097: InsecureRequestWarning: Unverified HTTPS request is being made to host 'serviciosdigitales.movilidadavanzadabello.com.co'. Adding certificate verification is strongly advised. See: https://urllib3.readthedocs.io/en/latest/advanced-usage.html#tls-warnings
  warnings.warn(
/home/comparendos/venv/lib/python3.12/site-packages/urllib3/connectionpool.py:1097: InsecureRequestWarning: Unverified HTTPS request is being made to host 'serviciosdigitales.movilidadavanzadabello.com.co'. Adding certificate verification is strongly advised. See: https://urllib3.readthedocs.io/en/latest/advanced-usage.html#tls-warnings
  warnings.warn(
/home/comparendos/venv/lib/python3.12/site-packages/urllib3/connectionpool.py:1097: InsecureRequestWarning: Unverified HTTPS request is being made to host 'serviciosdigitales.movilidadavanzadabello.com.co'. Adding certificate verification is strongly advised. See: https://urllib3.readthedocs.io/en/latest/advanced-usage.html#tls-warnings
  warnings.warn(
/home/comparendos/venv/lib/python3.12/site-packages/urllib3/connectionpool.py:1097: InsecureRequestWarning: Unverified HTTPS request is being made to host 'serviciosdigitales.movilidadavanzadabello.com.co'. Adding certificate verification is strongly advised. See: https://urllib3.readthedocs.io/en/latest/advanced-usage.html#tls-warnings
  warnings.warn(
/home/comparendos/venv/lib/python3.12/site-packages/urllib3/connectionpool.py:1097: InsecureRequestWarning: Unverified HTTPS request is being made to host 'serviciosdigitales.movilidadavanzadabello.com.co'. Adding certificate verification is strongly advised. See: https://urllib3.readthedocs.io/en/latest/advanced-usage.html#tls-warnings
  warnings.warn(
/home/comparendos/venv/lib/python3.12/site-packages/urllib3/connectionpool.py:1097: InsecureRequestWarning: Unverified HTTPS request is being made to host 'serviciosdigitales.movilidadavanzadabello.com.co'. Adding certificate verification is strongly advised. See: https://urllib3.readthedocs.io/en/latest/advanced-usage.html#tls-warnings
  warnings.warn(
/home/comparendos/venv/lib/python3.12/site-packages/urllib3/connectionpool.py:1097: InsecureRequestWarning: Unverified HTTPS request is being made to host 'serviciosdigitales.movilidadavanzadabello.com.co'. Adding certificate verification is strongly advised. See: https://urllib3.readthedocs.io/en/latest/advanced-usage.html#tls-warnings
  warnings.warn(
/home/comparendos/venv/lib/python3.12/site-packages/urllib3/connectionpool.py:1097: InsecureRequestWarning: Unverified HTTPS request is being made to host 'serviciosdigitales.movilidadavanzadabello.com.co'. Adding certificate verification is strongly advised. See: https://urllib3.readthedocs.io/en/latest/advanced-usage.html#tls-warnings
  warnings.warn(
/home/comparendos/venv/lib/python3.12/site-packages/urllib3/connectionpool.py:1097: InsecureRequestWarning: Unverified HTTPS request is being made to host 'serviciosdigitales.movilidadavanzadabello.com.co'. Adding certificate verification is strongly advised. See: https://urllib3.readthedocs.io/en/latest/advanced-usage.html#tls-warnings
  warnings.warn(
/home/comparendos/venv/lib/python3.12/site-packages/urllib3/connectionpool.py:1097: InsecureRequestWarning: Unverified HTTPS request is being made to host 'serviciosdigitales.movilidadavanzadabello.com.co'. Adding certificate verification is strongly advised. See: https://urllib3.readthedocs.io/en/latest/advanced-usage.html#tls-warnings
  warnings.warn(
/home/comparendos/venv/lib/python3.12/site-packages/urllib3/connectionpool.py:1097: InsecureRequestWarning: Unverified HTTPS request is being made to host 'serviciosdigitales.movilidadavanzadabello.com.co'. Adding certificate verification is strongly advised. See: https://urllib3.readthedocs.io/en/latest/advanced-usage.html#tls-warnings
  warnings.warn(
/home/comparendos/venv/lib/python3.12/site-packages/urllib3/connectionpool.py:1097: InsecureRequestWarning: Unverified HTTPS request is being made to host 'serviciosdigitales.movilidadavanzadabello.com.co'. Adding certificate verification is strongly advised. See: https://urllib3.readthedocs.io/en/latest/advanced-usage.html#tls-warnings
  warnings.warn(
/home/comparendos/venv/lib/python3.12/site-packages/urllib3/connectionpool.py:1097: InsecureRequestWarning: Unverified HTTPS request is being made to host 'serviciosdigitales.movilidadavanzadabello.com.co'. Adding certificate verification is strongly advised. See: https://urllib3.readthedocs.io/en/latest/advanced-usage.html#tls-warnings
  warnings.warn(
/home/comparendos/venv/lib/python3.12/site-packages/urllib3/connectionpool.py:1097: InsecureRequestWarning: Unverified HTTPS request is being made to host 'serviciosdigitales.movilidadavanzadabello.com.co'. Adding certificate verification is strongly advised. See: https://urllib3.readthedocs.io/en/latest/advanced-usage.html#tls-warnings
  warnings.warn(
/home/comparendos/venv/lib/python3.12/site-packages/urllib3/connectionpool.py:1097: InsecureRequestWarning: Unverified HTTPS request is being made to host 'serviciosdigitales.movilidadavanzadabello.com.co'. Adding certificate verification is strongly advised. See: https://urllib3.readthedocs.io/en/latest/advanced-usage.html#tls-warnings
  warnings.warn(
/home/comparendos/venv/lib/python3.12/site-packages/urllib3/connectionpool.py:1097: InsecureRequestWarning: Unverified HTTPS request is being made to host 'serviciosdigitales.movilidadavanzadabello.com.co'. Adding certificate verification is strongly advised. See: https://urllib3.readthedocs.io/en/latest/advanced-usage.html#tls-warnings
  warnings.warn(
/home/comparendos/venv/lib/python3.12/site-packages/urllib3/connectionpool.py:1097: InsecureRequestWarning: Unverified HTTPS request is being made to host 'serviciosdigitales.movilidadavanzadabello.com.co'. Adding certificate verification is strongly advised. See: https://urllib3.readthedocs.io/en/latest/advanced-usage.html#tls-warnings
  warnings.warn(
/home/comparendos/venv/lib/python3.12/site-packages/urllib3/connectionpool.py:1097: InsecureRequestWarning: Unverified HTTPS request is being made to host 'serviciosdigitales.movilidadavanzadabello.com.co'. Adding certificate verification is strongly advised. See: https://urllib3.readthedocs.io/en/latest/advanced-usage.html#tls-warnings
  warnings.warn(
/home/comparendos/venv/lib/python3.12/site-packages/urllib3/connectionpool.py:1097: InsecureRequestWarning: Unverified HTTPS request is being made to host 'serviciosdigitales.movilidadavanzadabello.com.co'. Adding certificate verification is strongly advised. See: https://urllib3.readthedocs.io/en/latest/advanced-usage.html#tls-warnings
  warnings.warn(
/home/comparendos/venv/lib/python3.12/site-packages/urllib3/connectionpool.py:1097: InsecureRequestWarning: Unverified HTTPS request is being made to host 'serviciosdigitales.movilidadavanzadabello.com.co'. Adding certificate verification is strongly advised. See: https://urllib3.readthedocs.io/en/latest/advanced-usage.html#tls-warnings
  warnings.warn(
/home/comparendos/venv/lib/python3.12/site-packages/urllib3/connectionpool.py:1097: InsecureRequestWarning: Unverified HTTPS request is being made to host 'serviciosdigitales.movilidadavanzadabello.com.co'. Adding certificate verification is strongly advised. See: https://urllib3.readthedocs.io/en/latest/advanced-usage.html#tls-warnings
  warnings.warn(
/home/comparendos/venv/lib/python3.12/site-packages/urllib3/connectionpool.py:1097: InsecureRequestWarning: Unverified HTTPS request is being made to host 'serviciosdigitales.movilidadavanzadabello.com.co'. Adding certificate verification is strongly advised. See: https://urllib3.readthedocs.io/en/latest/advanced-usage.html#tls-warnings
  warnings.warn(
/home/comparendos/venv/lib/python3.12/site-packages/urllib3/connectionpool.py:1097: InsecureRequestWarning: Unverified HTTPS request is being made to host 'serviciosdigitales.movilidadavanzadabello.com.co'. Adding certificate verification is strongly advised. See: https://urllib3.readthedocs.io/en/latest/advanced-usage.html#tls-warnings
  warnings.warn(
/home/comparendos/venv/lib/python3.12/site-packages/urllib3/connectionpool.py:1097: InsecureRequestWarning: Unverified HTTPS request is being made to host 'serviciosdigitales.movilidadavanzadabello.com.co'. Adding certificate verification is strongly advised. See: https://urllib3.readthedocs.io/en/latest/advanced-usage.html#tls-warnings
  warnings.warn(
/home/comparendos/venv/lib/python3.12/site-packages/urllib3/connectionpool.py:1097: InsecureRequestWarning: Unverified HTTPS request is being made to host 'serviciosdigitales.movilidadavanzadabello.com.co'. Adding certificate verification is strongly advised. See: https://urllib3.readthedocs.io/en/latest/advanced-usage.html#tls-warnings
  warnings.warn(
/home/comparendos/venv/lib/python3.12/site-packages/urllib3/connectionpool.py:1097: InsecureRequestWarning: Unverified HTTPS request is being made to host 'serviciosdigitales.movilidadavanzadabello.com.co'. Adding certificate verification is strongly advised. See: https://urllib3.readthedocs.io/en/latest/advanced-usage.html#tls-warnings
  warnings.warn(
/home/comparendos/venv/lib/python3.12/site-packages/urllib3/connectionpool.py:1097: InsecureRequestWarning: Unverified HTTPS request is being made to host 'serviciosdigitales.movilidadavanzadabello.com.co'. Adding certificate verification is strongly advised. See: https://urllib3.readthedocs.io/en/latest/advanced-usage.html#tls-warnings
  warnings.warn(
/home/comparendos/venv/lib/python3.12/site-packages/urllib3/connectionpool.py:1097: InsecureRequestWarning: Unverified HTTPS request is being made to host 'serviciosdigitales.movilidadavanzadabello.com.co'. Adding certificate verification is strongly advised. See: https://urllib3.readthedocs.io/en/latest/advanced-usage.html#tls-warnings
  warnings.warn(
/home/comparendos/venv/lib/python3.12/site-packages/urllib3/connectionpool.py:1097: InsecureRequestWarning: Unverified HTTPS request is being made to host 'serviciosdigitales.movilidadavanzadabello.com.co'. Adding certificate verification is strongly advised. See: https://urllib3.readthedocs.io/en/latest/advanced-usage.html#tls-warnings
  warnings.warn(
/home/comparendos/venv/lib/python3.12/site-packages/urllib3/connectionpool.py:1097: InsecureRequestWarning: Unverified HTTPS request is being made to host 'serviciosdigitales.movilidadavanzadabello.com.co'. Adding certificate verification is strongly advised. See: https://urllib3.readthedocs.io/en/latest/advanced-usage.html#tls-warnings
  warnings.warn(
/home/comparendos/venv/lib/python3.12/site-packages/urllib3/connectionpool.py:1097: InsecureRequestWarning: Unverified HTTPS request is being made to host 'serviciosdigitales.movilidadavanzadabello.com.co'. Adding certificate verification is strongly advised. See: https://urllib3.readthedocs.io/en/latest/advanced-usage.html#tls-warnings
  warnings.warn(
/home/comparendos/venv/lib/python3.12/site-packages/urllib3/connectionpool.py:1097: InsecureRequestWarning: Unverified HTTPS request is being made to host 'serviciosdigitales.movilidadavanzadabello.com.co'. Adding certificate verification is strongly advised. See: https://urllib3.readthedocs.io/en/latest/advanced-usage.html#tls-warnings
  warnings.warn(
/home/comparendos/venv/lib/python3.12/site-packages/urllib3/connectionpool.py:1097: InsecureRequestWarning: Unverified HTTPS request is being made to host 'serviciosdigitales.movilidadavanzadabello.com.co'. Adding certificate verification is strongly advised. See: https://urllib3.readthedocs.io/en/latest/advanced-usage.html#tls-warnings
  warnings.warn(
/home/comparendos/venv/lib/python3.12/site-packages/urllib3/connectionpool.py:1097: InsecureRequestWarning: Unverified HTTPS request is being made to host 'serviciosdigitales.movilidadavanzadabello.com.co'. Adding certificate verification is strongly advised. See: https://urllib3.readthedocs.io/en/latest/advanced-usage.html#tls-warnings
  warnings.warn(
/home/comparendos/venv/lib/python3.12/site-packages/urllib3/connectionpool.py:1097: InsecureRequestWarning: Unverified HTTPS request is being made to host 'serviciosdigitales.movilidadavanzadabello.com.co'. Adding certificate verification is strongly advised. See: https://urllib3.readthedocs.io/en/latest/advanced-usage.html#tls-warnings
  warnings.warn(
/home/comparendos/venv/lib/python3.12/site-packages/urllib3/connectionpool.py:1097: InsecureRequestWarning: Unverified HTTPS request is being made to host 'serviciosdigitales.movilidadavanzadabello.com.co'. Adding certificate verification is strongly advised. See: https://urllib3.readthedocs.io/en/latest/advanced-usage.html#tls-warnings
  warnings.warn(
/home/comparendos/venv/lib/python3.12/site-packages/urllib3/connectionpool.py:1097: InsecureRequestWarning: Unverified HTTPS request is being made to host 'serviciosdigitales.movilidadavanzadabello.com.co'. Adding certificate verification is strongly advised. See: https://urllib3.readthedocs.io/en/latest/advanced-usage.html#tls-warnings
  warnings.warn(
/home/comparendos/venv/lib/python3.12/site-packages/urllib3/connectionpool.py:1097: InsecureRequestWarning: Unverified HTTPS request is being made to host 'serviciosdigitales.movilidadavanzadabello.com.co'. Adding certificate verification is strongly advised. See: https://urllib3.readthedocs.io/en/latest/advanced-usage.html#tls-warnings
  warnings.warn(
/home/comparendos/venv/lib/python3.12/site-packages/urllib3/connectionpool.py:1097: InsecureRequestWarning: Unverified HTTPS request is being made to host 'serviciosdigitales.movilidadavanzadabello.com.co'. Adding certificate verification is strongly advised. See: https://urllib3.readthedocs.io/en/latest/advanced-usage.html#tls-warnings
  warnings.warn(
/home/comparendos/venv/lib/python3.12/site-packages/urllib3/connectionpool.py:1097: InsecureRequestWarning: Unverified HTTPS request is being made to host 'serviciosdigitales.movilidadavanzadabello.com.co'. Adding certificate verification is strongly advised. See: https://urllib3.readthedocs.io/en/latest/advanced-usage.html#tls-warnings
  warnings.warn(
/home/comparendos/venv/lib/python3.12/site-packages/urllib3/connectionpool.py:1097: InsecureRequestWarning: Unverified HTTPS request is being made to host 'serviciosdigitales.movilidadavanzadabello.com.co'. Adding certificate verification is strongly advised. See: https://urllib3.readthedocs.io/en/latest/advanced-usage.html#tls-warnings
  warnings.warn(
/home/comparendos/venv/lib/python3.12/site-packages/urllib3/connectionpool.py:1097: InsecureRequestWarning: Unverified HTTPS request is being made to host 'serviciosdigitales.movilidadavanzadabello.com.co'. Adding certificate verification is strongly advised. See: https://urllib3.readthedocs.io/en/latest/advanced-usage.html#tls-warnings
  warnings.warn(
/home/comparendos/venv/lib/python3.12/site-packages/urllib3/connectionpool.py:1097: InsecureRequestWarning: Unverified HTTPS request is being made to host 'serviciosdigitales.movilidadavanzadabello.com.co'. Adding certificate verification is strongly advised. See: https://urllib3.readthedocs.io/en/latest/advanced-usage.html#tls-warnings
  warnings.warn(
/home/comparendos/venv/lib/python3.12/site-packages/urllib3/connectionpool.py:1097: InsecureRequestWarning: Unverified HTTPS request is being made to host 'serviciosdigitales.movilidadavanzadabello.com.co'. Adding certificate verification is strongly advised. See: https://urllib3.readthedocs.io/en/latest/advanced-usage.html#tls-warnings
  warnings.warn(
/home/comparendos/venv/lib/python3.12/site-packages/urllib3/connectionpool.py:1097: InsecureRequestWarning: Unverified HTTPS request is being made to host 'serviciosdigitales.movilidadavanzadabello.com.co'. Adding certificate verification is strongly advised. See: https://urllib3.readthedocs.io/en/latest/advanced-usage.html#tls-warnings
  warnings.warn(
/home/comparendos/venv/lib/python3.12/site-packages/urllib3/connectionpool.py:1097: InsecureRequestWarning: Unverified HTTPS request is being made to host 'serviciosdigitales.movilidadavanzadabello.com.co'. Adding certificate verification is strongly advised. See: https://urllib3.readthedocs.io/en/latest/advanced-usage.html#tls-warnings
  warnings.warn(
/home/comparendos/venv/lib/python3.12/site-packages/urllib3/connectionpool.py:1097: InsecureRequestWarning: Unverified HTTPS request is being made to host 'serviciosdigitales.movilidadavanzadabello.com.co'. Adding certificate verification is strongly advised. See: https://urllib3.readthedocs.io/en/latest/advanced-usage.html#tls-warnings
  warnings.warn(
/home/comparendos/venv/lib/python3.12/site-packages/urllib3/connectionpool.py:1097: InsecureRequestWarning: Unverified HTTPS request is being made to host 'serviciosdigitales.movilidadavanzadabello.com.co'. Adding certificate verification is strongly advised. See: https://urllib3.readthedocs.io/en/latest/advanced-usage.html#tls-warnings
  warnings.warn(
/home/comparendos/venv/lib/python3.12/site-packages/urllib3/connectionpool.py:1097: InsecureRequestWarning: Unverified HTTPS request is being made to host 'serviciosdigitales.movilidadavanzadabello.com.co'. Adding certificate verification is strongly advised. See: https://urllib3.readthedocs.io/en/latest/advanced-usage.html#tls-warnings
  warnings.warn(
/home/comparendos/venv/lib/python3.12/site-packages/urllib3/connectionpool.py:1097: InsecureRequestWarning: Unverified HTTPS request is being made to host 'serviciosdigitales.movilidadavanzadabello.com.co'. Adding certificate verification is strongly advised. See: https://urllib3.readthedocs.io/en/latest/advanced-usage.html#tls-warnings
  warnings.warn(
/home/comparendos/venv/lib/python3.12/site-packages/urllib3/connectionpool.py:1097: InsecureRequestWarning: Unverified HTTPS request is being made to host 'serviciosdigitales.movilidadavanzadabello.com.co'. Adding certificate verification is strongly advised. See: https://urllib3.readthedocs.io/en/latest/advanced-usage.html#tls-warnings
  warnings.warn(
/home/comparendos/venv/lib/python3.12/site-packages/urllib3/connectionpool.py:1097: InsecureRequestWarning: Unverified HTTPS request is being made to host 'serviciosdigitales.movilidadavanzadabello.com.co'. Adding certificate verification is strongly advised. See: https://urllib3.readthedocs.io/en/latest/advanced-usage.html#tls-warnings
  warnings.warn(
/home/comparendos/venv/lib/python3.12/site-packages/urllib3/connectionpool.py:1097: InsecureRequestWarning: Unverified HTTPS request is being made to host 'serviciosdigitales.movilidadavanzadabello.com.co'. Adding certificate verification is strongly advised. See: https://urllib3.readthedocs.io/en/latest/advanced-usage.html#tls-warnings
  warnings.warn(
/home/comparendos/venv/lib/python3.12/site-packages/urllib3/connectionpool.py:1097: InsecureRequestWarning: Unverified HTTPS request is being made to host 'serviciosdigitales.movilidadavanzadabello.com.co'. Adding certificate verification is strongly advised. See: https://urllib3.readthedocs.io/en/latest/advanced-usage.html#tls-warnings
  warnings.warn(
/home/comparendos/venv/lib/python3.12/site-packages/urllib3/connectionpool.py:1097: InsecureRequestWarning: Unverified HTTPS request is being made to host 'serviciosdigitales.movilidadavanzadabello.com.co'. Adding certificate verification is strongly advised. See: https://urllib3.readthedocs.io/en/latest/advanced-usage.html#tls-warnings
  warnings.warn(
/home/comparendos/venv/lib/python3.12/site-packages/urllib3/connectionpool.py:1097: InsecureRequestWarning: Unverified HTTPS request is being made to host 'serviciosdigitales.movilidadavanzadabello.com.co'. Adding certificate verification is strongly advised. See: https://urllib3.readthedocs.io/en/latest/advanced-usage.html#tls-warnings
  warnings.warn(
/home/comparendos/venv/lib/python3.12/site-packages/urllib3/connectionpool.py:1097: InsecureRequestWarning: Unverified HTTPS request is being made to host 'serviciosdigitales.movilidadavanzadabello.com.co'. Adding certificate verification is strongly advised. See: https://urllib3.readthedocs.io/en/latest/advanced-usage.html#tls-warnings
  warnings.warn(
/home/comparendos/venv/lib/python3.12/site-packages/urllib3/connectionpool.py:1097: InsecureRequestWarning: Unverified HTTPS request is being made to host 'serviciosdigitales.movilidadavanzadabello.com.co'. Adding certificate verification is strongly advised. See: https://urllib3.readthedocs.io/en/latest/advanced-usage.html#tls-warnings
  warnings.warn(
/home/comparendos/venv/lib/python3.12/site-packages/urllib3/connectionpool.py:1097: InsecureRequestWarning: Unverified HTTPS request is being made to host 'serviciosdigitales.movilidadavanzadabello.com.co'. Adding certificate verification is strongly advised. See: https://urllib3.readthedocs.io/en/latest/advanced-usage.html#tls-warnings
  warnings.warn(
/home/comparendos/venv/lib/python3.12/site-packages/urllib3/connectionpool.py:1097: InsecureRequestWarning: Unverified HTTPS request is being made to host 'serviciosdigitales.movilidadavanzadabello.com.co'. Adding certificate verification is strongly advised. See: https://urllib3.readthedocs.io/en/latest/advanced-usage.html#tls-warnings
  warnings.warn(
/home/comparendos/venv/lib/python3.12/site-packages/urllib3/connectionpool.py:1097: InsecureRequestWarning: Unverified HTTPS request is being made to host 'serviciosdigitales.movilidadavanzadabello.com.co'. Adding certificate verification is strongly advised. See: https://urllib3.readthedocs.io/en/latest/advanced-usage.html#tls-warnings
  warnings.warn(
/home/comparendos/venv/lib/python3.12/site-packages/urllib3/connectionpool.py:1097: InsecureRequestWarning: Unverified HTTPS request is being made to host 'serviciosdigitales.movilidadavanzadabello.com.co'. Adding certificate verification is strongly advised. See: https://urllib3.readthedocs.io/en/latest/advanced-usage.html#tls-warnings
  warnings.warn(
/home/comparendos/venv/lib/python3.12/site-packages/urllib3/connectionpool.py:1097: InsecureRequestWarning: Unverified HTTPS request is being made to host 'serviciosdigitales.movilidadavanzadabello.com.co'. Adding certificate verification is strongly advised. See: https://urllib3.readthedocs.io/en/latest/advanced-usage.html#tls-warnings
  warnings.warn(
/home/comparendos/venv/lib/python3.12/site-packages/urllib3/connectionpool.py:1097: InsecureRequestWarning: Unverified HTTPS request is being made to host 'serviciosdigitales.movilidadavanzadabello.com.co'. Adding certificate verification is strongly advised. See: https://urllib3.readthedocs.io/en/latest/advanced-usage.html#tls-warnings
  warnings.warn(
/home/comparendos/venv/lib/python3.12/site-packages/urllib3/connectionpool.py:1097: InsecureRequestWarning: Unverified HTTPS request is being made to host 'serviciosdigitales.movilidadavanzadabello.com.co'. Adding certificate verification is strongly advised. See: https://urllib3.readthedocs.io/en/latest/advanced-usage.html#tls-warnings
  warnings.warn(
/home/comparendos/venv/lib/python3.12/site-packages/urllib3/connectionpool.py:1097: InsecureRequestWarning: Unverified HTTPS request is being made to host 'serviciosdigitales.movilidadavanzadabello.com.co'. Adding certificate verification is strongly advised. See: https://urllib3.readthedocs.io/en/latest/advanced-usage.html#tls-warnings
  warnings.warn(
/home/comparendos/venv/lib/python3.12/site-packages/urllib3/connectionpool.py:1097: InsecureRequestWarning: Unverified HTTPS request is being made to host 'serviciosdigitales.movilidadavanzadabello.com.co'. Adding certificate verification is strongly advised. See: https://urllib3.readthedocs.io/en/latest/advanced-usage.html#tls-warnings
  warnings.warn(
/home/comparendos/venv/lib/python3.12/site-packages/urllib3/connectionpool.py:1097: InsecureRequestWarning: Unverified HTTPS request is being made to host 'serviciosdigitales.movilidadavanzadabello.com.co'. Adding certificate verification is strongly advised. See: https://urllib3.readthedocs.io/en/latest/advanced-usage.html#tls-warnings
  warnings.warn(
/home/comparendos/venv/lib/python3.12/site-packages/urllib3/connectionpool.py:1097: InsecureRequestWarning: Unverified HTTPS request is being made to host 'serviciosdigitales.movilidadavanzadabello.com.co'. Adding certificate verification is strongly advised. See: https://urllib3.readthedocs.io/en/latest/advanced-usage.html#tls-warnings
  warnings.warn(
/home/comparendos/venv/lib/python3.12/site-packages/urllib3/connectionpool.py:1097: InsecureRequestWarning: Unverified HTTPS request is being made to host 'serviciosdigitales.movilidadavanzadabello.com.co'. Adding certificate verification is strongly advised. See: https://urllib3.readthedocs.io/en/latest/advanced-usage.html#tls-warnings
  warnings.warn(
/home/comparendos/venv/lib/python3.12/site-packages/urllib3/connectionpool.py:1097: InsecureRequestWarning: Unverified HTTPS request is being made to host 'serviciosdigitales.movilidadavanzadabello.com.co'. Adding certificate verification is strongly advised. See: https://urllib3.readthedocs.io/en/latest/advanced-usage.html#tls-warnings
  warnings.warn(
/home/comparendos/venv/lib/python3.12/site-packages/urllib3/connectionpool.py:1097: InsecureRequestWarning: Unverified HTTPS request is being made to host 'serviciosdigitales.movilidadavanzadabello.com.co'. Adding certificate verification is strongly advised. See: https://urllib3.readthedocs.io/en/latest/advanced-usage.html#tls-warnings
  warnings.warn(
/home/comparendos/venv/lib/python3.12/site-packages/urllib3/connectionpool.py:1097: InsecureRequestWarning: Unverified HTTPS request is being made to host 'serviciosdigitales.movilidadavanzadabello.com.co'. Adding certificate verification is strongly advised. See: https://urllib3.readthedocs.io/en/latest/advanced-usage.html#tls-warnings
  warnings.warn(
/home/comparendos/venv/lib/python3.12/site-packages/urllib3/connectionpool.py:1097: InsecureRequestWarning: Unverified HTTPS request is being made to host 'serviciosdigitales.movilidadavanzadabello.com.co'. Adding certificate verification is strongly advised. See: https://urllib3.readthedocs.io/en/latest/advanced-usage.html#tls-warnings
  warnings.warn(
/home/comparendos/venv/lib/python3.12/site-packages/urllib3/connectionpool.py:1097: InsecureRequestWarning: Unverified HTTPS request is being made to host 'serviciosdigitales.movilidadavanzadabello.com.co'. Adding certificate verification is strongly advised. See: https://urllib3.readthedocs.io/en/latest/advanced-usage.html#tls-warnings
  warnings.warn(
/home/comparendos/venv/lib/python3.12/site-packages/urllib3/connectionpool.py:1097: InsecureRequestWarning: Unverified HTTPS request is being made to host 'serviciosdigitales.movilidadavanzadabello.com.co'. Adding certificate verification is strongly advised. See: https://urllib3.readthedocs.io/en/latest/advanced-usage.html#tls-warnings
  warnings.warn(
/home/comparendos/venv/lib/python3.12/site-packages/urllib3/connectionpool.py:1097: InsecureRequestWarning: Unverified HTTPS request is being made to host 'serviciosdigitales.movilidadavanzadabello.com.co'. Adding certificate verification is strongly advised. See: https://urllib3.readthedocs.io/en/latest/advanced-usage.html#tls-warnings
  warnings.warn(
/home/comparendos/venv/lib/python3.12/site-packages/urllib3/connectionpool.py:1097: InsecureRequestWarning: Unverified HTTPS request is being made to host 'serviciosdigitales.movilidadavanzadabello.com.co'. Adding certificate verification is strongly advised. See: https://urllib3.readthedocs.io/en/latest/advanced-usage.html#tls-warnings
  warnings.warn(
/home/comparendos/venv/lib/python3.12/site-packages/urllib3/connectionpool.py:1097: InsecureRequestWarning: Unverified HTTPS request is being made to host 'serviciosdigitales.movilidadavanzadabello.com.co'. Adding certificate verification is strongly advised. See: https://urllib3.readthedocs.io/en/latest/advanced-usage.html#tls-warnings
  warnings.warn(
/home/comparendos/venv/lib/python3.12/site-packages/urllib3/connectionpool.py:1097: InsecureRequestWarning: Unverified HTTPS request is being made to host 'serviciosdigitales.movilidadavanzadabello.com.co'. Adding certificate verification is strongly advised. See: https://urllib3.readthedocs.io/en/latest/advanced-usage.html#tls-warnings
  warnings.warn(
/home/comparendos/venv/lib/python3.12/site-packages/urllib3/connectionpool.py:1097: InsecureRequestWarning: Unverified HTTPS request is being made to host 'serviciosdigitales.movilidadavanzadabello.com.co'. Adding certificate verification is strongly advised. See: https://urllib3.readthedocs.io/en/latest/advanced-usage.html#tls-warnings
  warnings.warn(
/home/comparendos/venv/lib/python3.12/site-packages/urllib3/connectionpool.py:1097: InsecureRequestWarning: Unverified HTTPS request is being made to host 'serviciosdigitales.movilidadavanzadabello.com.co'. Adding certificate verification is strongly advised. See: https://urllib3.readthedocs.io/en/latest/advanced-usage.html#tls-warnings
  warnings.warn(
/home/comparendos/venv/lib/python3.12/site-packages/urllib3/connectionpool.py:1097: InsecureRequestWarning: Unverified HTTPS request is being made to host 'serviciosdigitales.movilidadavanzadabello.com.co'. Adding certificate verification is strongly advised. See: https://urllib3.readthedocs.io/en/latest/advanced-usage.html#tls-warnings
  warnings.warn(
/home/comparendos/venv/lib/python3.12/site-packages/urllib3/connectionpool.py:1097: InsecureRequestWarning: Unverified HTTPS request is being made to host 'serviciosdigitales.movilidadavanzadabello.com.co'. Adding certificate verification is strongly advised. See: https://urllib3.readthedocs.io/en/latest/advanced-usage.html#tls-warnings
  warnings.warn(
/home/comparendos/venv/lib/python3.12/site-packages/urllib3/connectionpool.py:1097: InsecureRequestWarning: Unverified HTTPS request is being made to host 'serviciosdigitales.movilidadavanzadabello.com.co'. Adding certificate verification is strongly advised. See: https://urllib3.readthedocs.io/en/latest/advanced-usage.html#tls-warnings
  warnings.warn(
/home/comparendos/venv/lib/python3.12/site-packages/urllib3/connectionpool.py:1097: InsecureRequestWarning: Unverified HTTPS request is being made to host 'serviciosdigitales.movilidadavanzadabello.com.co'. Adding certificate verification is strongly advised. See: https://urllib3.readthedocs.io/en/latest/advanced-usage.html#tls-warnings
  warnings.warn(
/home/comparendos/venv/lib/python3.12/site-packages/urllib3/connectionpool.py:1097: InsecureRequestWarning: Unverified HTTPS request is being made to host 'serviciosdigitales.movilidadavanzadabello.com.co'. Adding certificate verification is strongly advised. See: https://urllib3.readthedocs.io/en/latest/advanced-usage.html#tls-warnings
  warnings.warn(
/home/comparendos/venv/lib/python3.12/site-packages/urllib3/connectionpool.py:1097: InsecureRequestWarning: Unverified HTTPS request is being made to host 'serviciosdigitales.movilidadavanzadabello.com.co'. Adding certificate verification is strongly advised. See: https://urllib3.readthedocs.io/en/latest/advanced-usage.html#tls-warnings
  warnings.warn(
/home/comparendos/venv/lib/python3.12/site-packages/urllib3/connectionpool.py:1097: InsecureRequestWarning: Unverified HTTPS request is being made to host 'serviciosdigitales.movilidadavanzadabello.com.co'. Adding certificate verification is strongly advised. See: https://urllib3.readthedocs.io/en/latest/advanced-usage.html#tls-warnings
  warnings.warn(
/home/comparendos/venv/lib/python3.12/site-packages/urllib3/connectionpool.py:1097: InsecureRequestWarning: Unverified HTTPS request is being made to host 'serviciosdigitales.movilidadavanzadabello.com.co'. Adding certificate verification is strongly advised. See: https://urllib3.readthedocs.io/en/latest/advanced-usage.html#tls-warnings
  warnings.warn(
/home/comparendos/venv/lib/python3.12/site-packages/urllib3/connectionpool.py:1097: InsecureRequestWarning: Unverified HTTPS request is being made to host 'serviciosdigitales.movilidadavanzadabello.com.co'. Adding certificate verification is strongly advised. See: https://urllib3.readthedocs.io/en/latest/advanced-usage.html#tls-warnings
  warnings.warn(
/home/comparendos/venv/lib/python3.12/site-packages/urllib3/connectionpool.py:1097: InsecureRequestWarning: Unverified HTTPS request is being made to host 'serviciosdigitales.movilidadavanzadabello.com.co'. Adding certificate verification is strongly advised. See: https://urllib3.readthedocs.io/en/latest/advanced-usage.html#tls-warnings
  warnings.warn(
/home/comparendos/venv/lib/python3.12/site-packages/urllib3/connectionpool.py:1097: InsecureRequestWarning: Unverified HTTPS request is being made to host 'serviciosdigitales.movilidadavanzadabello.com.co'. Adding certificate verification is strongly advised. See: https://urllib3.readthedocs.io/en/latest/advanced-usage.html#tls-warnings
  warnings.warn(
/home/comparendos/venv/lib/python3.12/site-packages/urllib3/connectionpool.py:1097: InsecureRequestWarning: Unverified HTTPS request is being made to host 'serviciosdigitales.movilidadavanzadabello.com.co'. Adding certificate verification is strongly advised. See: https://urllib3.readthedocs.io/en/latest/advanced-usage.html#tls-warnings
  warnings.warn(
/home/comparendos/venv/lib/python3.12/site-packages/urllib3/connectionpool.py:1097: InsecureRequestWarning: Unverified HTTPS request is being made to host 'serviciosdigitales.movilidadavanzadabello.com.co'. Adding certificate verification is strongly advised. See: https://urllib3.readthedocs.io/en/latest/advanced-usage.html#tls-warnings
  warnings.warn(
/home/comparendos/venv/lib/python3.12/site-packages/urllib3/connectionpool.py:1097: InsecureRequestWarning: Unverified HTTPS request is being made to host 'serviciosdigitales.movilidadavanzadabello.com.co'. Adding certificate verification is strongly advised. See: https://urllib3.readthedocs.io/en/latest/advanced-usage.html#tls-warnings
  warnings.warn(
/home/comparendos/venv/lib/python3.12/site-packages/urllib3/connectionpool.py:1097: InsecureRequestWarning: Unverified HTTPS request is being made to host 'serviciosdigitales.movilidadavanzadabello.com.co'. Adding certificate verification is strongly advised. See: https://urllib3.readthedocs.io/en/latest/advanced-usage.html#tls-warnings
  warnings.warn(
/home/comparendos/venv/lib/python3.12/site-packages/urllib3/connectionpool.py:1097: InsecureRequestWarning: Unverified HTTPS request is being made to host 'serviciosdigitales.movilidadavanzadabello.com.co'. Adding certificate verification is strongly advised. See: https://urllib3.readthedocs.io/en/latest/advanced-usage.html#tls-warnings
  warnings.warn(
/home/comparendos/venv/lib/python3.12/site-packages/urllib3/connectionpool.py:1097: InsecureRequestWarning: Unverified HTTPS request is being made to host 'serviciosdigitales.movilidadavanzadabello.com.co'. Adding certificate verification is strongly advised. See: https://urllib3.readthedocs.io/en/latest/advanced-usage.html#tls-warnings
  warnings.warn(
/home/comparendos/venv/lib/python3.12/site-packages/urllib3/connectionpool.py:1097: InsecureRequestWarning: Unverified HTTPS request is being made to host 'serviciosdigitales.movilidadavanzadabello.com.co'. Adding certificate verification is strongly advised. See: https://urllib3.readthedocs.io/en/latest/advanced-usage.html#tls-warnings
  warnings.warn(
/home/comparendos/venv/lib/python3.12/site-packages/urllib3/connectionpool.py:1097: InsecureRequestWarning: Unverified HTTPS request is being made to host 'serviciosdigitales.movilidadavanzadabello.com.co'. Adding certificate verification is strongly advised. See: https://urllib3.readthedocs.io/en/latest/advanced-usage.html#tls-warnings
  warnings.warn(
/home/comparendos/venv/lib/python3.12/site-packages/urllib3/connectionpool.py:1097: InsecureRequestWarning: Unverified HTTPS request is being made to host 'serviciosdigitales.movilidadavanzadabello.com.co'. Adding certificate verification is strongly advised. See: https://urllib3.readthedocs.io/en/latest/advanced-usage.html#tls-warnings
  warnings.warn(
/home/comparendos/venv/lib/python3.12/site-packages/urllib3/connectionpool.py:1097: InsecureRequestWarning: Unverified HTTPS request is being made to host 'serviciosdigitales.movilidadavanzadabello.com.co'. Adding certificate verification is strongly advised. See: https://urllib3.readthedocs.io/en/latest/advanced-usage.html#tls-warnings
  warnings.warn(
/home/comparendos/venv/lib/python3.12/site-packages/urllib3/connectionpool.py:1097: InsecureRequestWarning: Unverified HTTPS request is being made to host 'serviciosdigitales.movilidadavanzadabello.com.co'. Adding certificate verification is strongly advised. See: https://urllib3.readthedocs.io/en/latest/advanced-usage.html#tls-warnings
  warnings.warn(
/home/comparendos/venv/lib/python3.12/site-packages/urllib3/connectionpool.py:1097: InsecureRequestWarning: Unverified HTTPS request is being made to host 'serviciosdigitales.movilidadavanzadabello.com.co'. Adding certificate verification is strongly advised. See: https://urllib3.readthedocs.io/en/latest/advanced-usage.html#tls-warnings
  warnings.warn(
/home/comparendos/venv/lib/python3.12/site-packages/urllib3/connectionpool.py:1097: InsecureRequestWarning: Unverified HTTPS request is being made to host 'serviciosdigitales.movilidadavanzadabello.com.co'. Adding certificate verification is strongly advised. See: https://urllib3.readthedocs.io/en/latest/advanced-usage.html#tls-warnings
  warnings.warn(
/home/comparendos/venv/lib/python3.12/site-packages/urllib3/connectionpool.py:1097: InsecureRequestWarning: Unverified HTTPS request is being made to host 'serviciosdigitales.movilidadavanzadabello.com.co'. Adding certificate verification is strongly advised. See: https://urllib3.readthedocs.io/en/latest/advanced-usage.html#tls-warnings
  warnings.warn(
/home/comparendos/venv/lib/python3.12/site-packages/urllib3/connectionpool.py:1097: InsecureRequestWarning: Unverified HTTPS request is being made to host 'serviciosdigitales.movilidadavanzadabello.com.co'. Adding certificate verification is strongly advised. See: https://urllib3.readthedocs.io/en/latest/advanced-usage.html#tls-warnings
  warnings.warn(
/home/comparendos/venv/lib/python3.12/site-packages/urllib3/connectionpool.py:1097: InsecureRequestWarning: Unverified HTTPS request is being made to host 'serviciosdigitales.movilidadavanzadabello.com.co'. Adding certificate verification is strongly advised. See: https://urllib3.readthedocs.io/en/latest/advanced-usage.html#tls-warnings
  warnings.warn(
/home/comparendos/venv/lib/python3.12/site-packages/urllib3/connectionpool.py:1097: InsecureRequestWarning: Unverified HTTPS request is being made to host 'serviciosdigitales.movilidadavanzadabello.com.co'. Adding certificate verification is strongly advised. See: https://urllib3.readthedocs.io/en/latest/advanced-usage.html#tls-warnings
  warnings.warn(
/home/comparendos/venv/lib/python3.12/site-packages/urllib3/connectionpool.py:1097: InsecureRequestWarning: Unverified HTTPS request is being made to host 'serviciosdigitales.movilidadavanzadabello.com.co'. Adding certificate verification is strongly advised. See: https://urllib3.readthedocs.io/en/latest/advanced-usage.html#tls-warnings
  warnings.warn(
/home/comparendos/venv/lib/python3.12/site-packages/urllib3/connectionpool.py:1097: InsecureRequestWarning: Unverified HTTPS request is being made to host 'serviciosdigitales.movilidadavanzadabello.com.co'. Adding certificate verification is strongly advised. See: https://urllib3.readthedocs.io/en/latest/advanced-usage.html#tls-warnings
  warnings.warn(
/home/comparendos/venv/lib/python3.12/site-packages/urllib3/connectionpool.py:1097: InsecureRequestWarning: Unverified HTTPS request is being made to host 'serviciosdigitales.movilidadavanzadabello.com.co'. Adding certificate verification is strongly advised. See: https://urllib3.readthedocs.io/en/latest/advanced-usage.html#tls-warnings
  warnings.warn(
/home/comparendos/venv/lib/python3.12/site-packages/urllib3/connectionpool.py:1097: InsecureRequestWarning: Unverified HTTPS request is being made to host 'serviciosdigitales.movilidadavanzadabello.com.co'. Adding certificate verification is strongly advised. See: https://urllib3.readthedocs.io/en/latest/advanced-usage.html#tls-warnings
  warnings.warn(
/home/comparendos/venv/lib/python3.12/site-packages/urllib3/connectionpool.py:1097: InsecureRequestWarning: Unverified HTTPS request is being made to host 'serviciosdigitales.movilidadavanzadabello.com.co'. Adding certificate verification is strongly advised. See: https://urllib3.readthedocs.io/en/latest/advanced-usage.html#tls-warnings
  warnings.warn(
/home/comparendos/venv/lib/python3.12/site-packages/urllib3/connectionpool.py:1097: InsecureRequestWarning: Unverified HTTPS request is being made to host 'serviciosdigitales.movilidadavanzadabello.com.co'. Adding certificate verification is strongly advised. See: https://urllib3.readthedocs.io/en/latest/advanced-usage.html#tls-warnings
  warnings.warn(
/home/comparendos/venv/lib/python3.12/site-packages/urllib3/connectionpool.py:1097: InsecureRequestWarning: Unverified HTTPS request is being made to host 'serviciosdigitales.movilidadavanzadabello.com.co'. Adding certificate verification is strongly advised. See: https://urllib3.readthedocs.io/en/latest/advanced-usage.html#tls-warnings
  warnings.warn(
/home/comparendos/venv/lib/python3.12/site-packages/urllib3/connectionpool.py:1097: InsecureRequestWarning: Unverified HTTPS request is being made to host 'serviciosdigitales.movilidadavanzadabello.com.co'. Adding certificate verification is strongly advised. See: https://urllib3.readthedocs.io/en/latest/advanced-usage.html#tls-warnings
  warnings.warn(
/home/comparendos/venv/lib/python3.12/site-packages/urllib3/connectionpool.py:1097: InsecureRequestWarning: Unverified HTTPS request is being made to host 'serviciosdigitales.movilidadavanzadabello.com.co'. Adding certificate verification is strongly advised. See: https://urllib3.readthedocs.io/en/latest/advanced-usage.html#tls-warnings
  warnings.warn(
/home/comparendos/venv/lib/python3.12/site-packages/urllib3/connectionpool.py:1097: InsecureRequestWarning: Unverified HTTPS request is being made to host 'serviciosdigitales.movilidadavanzadabello.com.co'. Adding certificate verification is strongly advised. See: https://urllib3.readthedocs.io/en/latest/advanced-usage.html#tls-warnings
  warnings.warn(
/home/comparendos/venv/lib/python3.12/site-packages/urllib3/connectionpool.py:1097: InsecureRequestWarning: Unverified HTTPS request is being made to host 'serviciosdigitales.movilidadavanzadabello.com.co'. Adding certificate verification is strongly advised. See: https://urllib3.readthedocs.io/en/latest/advanced-usage.html#tls-warnings
  warnings.warn(
/home/comparendos/venv/lib/python3.12/site-packages/urllib3/connectionpool.py:1097: InsecureRequestWarning: Unverified HTTPS request is being made to host 'serviciosdigitales.movilidadavanzadabello.com.co'. Adding certificate verification is strongly advised. See: https://urllib3.readthedocs.io/en/latest/advanced-usage.html#tls-warnings
  warnings.warn(
/home/comparendos/venv/lib/python3.12/site-packages/urllib3/connectionpool.py:1097: InsecureRequestWarning: Unverified HTTPS request is being made to host 'serviciosdigitales.movilidadavanzadabello.com.co'. Adding certificate verification is strongly advised. See: https://urllib3.readthedocs.io/en/latest/advanced-usage.html#tls-warnings
  warnings.warn(
/home/comparendos/venv/lib/python3.12/site-packages/urllib3/connectionpool.py:1097: InsecureRequestWarning: Unverified HTTPS request is being made to host 'serviciosdigitales.movilidadavanzadabello.com.co'. Adding certificate verification is strongly advised. See: https://urllib3.readthedocs.io/en/latest/advanced-usage.html#tls-warnings
  warnings.warn(
/home/comparendos/venv/lib/python3.12/site-packages/urllib3/connectionpool.py:1097: InsecureRequestWarning: Unverified HTTPS request is being made to host 'serviciosdigitales.movilidadavanzadabello.com.co'. Adding certificate verification is strongly advised. See: https://urllib3.readthedocs.io/en/latest/advanced-usage.html#tls-warnings
  warnings.warn(
/home/comparendos/venv/lib/python3.12/site-packages/urllib3/connectionpool.py:1097: InsecureRequestWarning: Unverified HTTPS request is being made to host 'serviciosdigitales.movilidadavanzadabello.com.co'. Adding certificate verification is strongly advised. See: https://urllib3.readthedocs.io/en/latest/advanced-usage.html#tls-warnings
  warnings.warn(
/home/comparendos/venv/lib/python3.12/site-packages/urllib3/connectionpool.py:1097: InsecureRequestWarning: Unverified HTTPS request is being made to host 'serviciosdigitales.movilidadavanzadabello.com.co'. Adding certificate verification is strongly advised. See: https://urllib3.readthedocs.io/en/latest/advanced-usage.html#tls-warnings
  warnings.warn(
/home/comparendos/venv/lib/python3.12/site-packages/urllib3/connectionpool.py:1097: InsecureRequestWarning: Unverified HTTPS request is being made to host 'serviciosdigitales.movilidadavanzadabello.com.co'. Adding certificate verification is strongly advised. See: https://urllib3.readthedocs.io/en/latest/advanced-usage.html#tls-warnings
  warnings.warn(
/home/comparendos/venv/lib/python3.12/site-packages/urllib3/connectionpool.py:1097: InsecureRequestWarning: Unverified HTTPS request is being made to host 'serviciosdigitales.movilidadavanzadabello.com.co'. Adding certificate verification is strongly advised. See: https://urllib3.readthedocs.io/en/latest/advanced-usage.html#tls-warnings
  warnings.warn(
/home/comparendos/venv/lib/python3.12/site-packages/urllib3/connectionpool.py:1097: InsecureRequestWarning: Unverified HTTPS request is being made to host 'serviciosdigitales.movilidadavanzadabello.com.co'. Adding certificate verification is strongly advised. See: https://urllib3.readthedocs.io/en/latest/advanced-usage.html#tls-warnings
  warnings.warn(
/home/comparendos/venv/lib/python3.12/site-packages/urllib3/connectionpool.py:1097: InsecureRequestWarning: Unverified HTTPS request is being made to host 'serviciosdigitales.movilidadavanzadabello.com.co'. Adding certificate verification is strongly advised. See: https://urllib3.readthedocs.io/en/latest/advanced-usage.html#tls-warnings
  warnings.warn(
/home/comparendos/venv/lib/python3.12/site-packages/urllib3/connectionpool.py:1097: InsecureRequestWarning: Unverified HTTPS request is being made to host 'serviciosdigitales.movilidadavanzadabello.com.co'. Adding certificate verification is strongly advised. See: https://urllib3.readthedocs.io/en/latest/advanced-usage.html#tls-warnings
  warnings.warn(
/home/comparendos/venv/lib/python3.12/site-packages/urllib3/connectionpool.py:1097: InsecureRequestWarning: Unverified HTTPS request is being made to host 'serviciosdigitales.movilidadavanzadabello.com.co'. Adding certificate verification is strongly advised. See: https://urllib3.readthedocs.io/en/latest/advanced-usage.html#tls-warnings
  warnings.warn(
/home/comparendos/venv/lib/python3.12/site-packages/urllib3/connectionpool.py:1097: InsecureRequestWarning: Unverified HTTPS request is being made to host 'serviciosdigitales.movilidadavanzadabello.com.co'. Adding certificate verification is strongly advised. See: https://urllib3.readthedocs.io/en/latest/advanced-usage.html#tls-warnings
  warnings.warn(
/home/comparendos/venv/lib/python3.12/site-packages/urllib3/connectionpool.py:1097: InsecureRequestWarning: Unverified HTTPS request is being made to host 'serviciosdigitales.movilidadavanzadabello.com.co'. Adding certificate verification is strongly advised. See: https://urllib3.readthedocs.io/en/latest/advanced-usage.html#tls-warnings
  warnings.warn(
/home/comparendos/venv/lib/python3.12/site-packages/urllib3/connectionpool.py:1097: InsecureRequestWarning: Unverified HTTPS request is being made to host 'serviciosdigitales.movilidadavanzadabello.com.co'. Adding certificate verification is strongly advised. See: https://urllib3.readthedocs.io/en/latest/advanced-usage.html#tls-warnings
  warnings.warn(
/home/comparendos/venv/lib/python3.12/site-packages/urllib3/connectionpool.py:1097: InsecureRequestWarning: Unverified HTTPS request is being made to host 'serviciosdigitales.movilidadavanzadabello.com.co'. Adding certificate verification is strongly advised. See: https://urllib3.readthedocs.io/en/latest/advanced-usage.html#tls-warnings
  warnings.warn(
/home/comparendos/venv/lib/python3.12/site-packages/urllib3/connectionpool.py:1097: InsecureRequestWarning: Unverified HTTPS request is being made to host 'serviciosdigitales.movilidadavanzadabello.com.co'. Adding certificate verification is strongly advised. See: https://urllib3.readthedocs.io/en/latest/advanced-usage.html#tls-warnings
  warnings.warn(
/home/comparendos/venv/lib/python3.12/site-packages/urllib3/connectionpool.py:1097: InsecureRequestWarning: Unverified HTTPS request is being made to host 'serviciosdigitales.movilidadavanzadabello.com.co'. Adding certificate verification is strongly advised. See: https://urllib3.readthedocs.io/en/latest/advanced-usage.html#tls-warnings
  warnings.warn(
/home/comparendos/venv/lib/python3.12/site-packages/urllib3/connectionpool.py:1097: InsecureRequestWarning: Unverified HTTPS request is being made to host 'serviciosdigitales.movilidadavanzadabello.com.co'. Adding certificate verification is strongly advised. See: https://urllib3.readthedocs.io/en/latest/advanced-usage.html#tls-warnings
  warnings.warn(
/home/comparendos/venv/lib/python3.12/site-packages/urllib3/connectionpool.py:1097: InsecureRequestWarning: Unverified HTTPS request is being made to host 'serviciosdigitales.movilidadavanzadabello.com.co'. Adding certificate verification is strongly advised. See: https://urllib3.readthedocs.io/en/latest/advanced-usage.html#tls-warnings
  warnings.warn(
/home/comparendos/venv/lib/python3.12/site-packages/urllib3/connectionpool.py:1097: InsecureRequestWarning: Unverified HTTPS request is being made to host 'serviciosdigitales.movilidadavanzadabello.com.co'. Adding certificate verification is strongly advised. See: https://urllib3.readthedocs.io/en/latest/advanced-usage.html#tls-warnings
  warnings.warn(
/home/comparendos/venv/lib/python3.12/site-packages/urllib3/connectionpool.py:1097: InsecureRequestWarning: Unverified HTTPS request is being made to host 'serviciosdigitales.movilidadavanzadabello.com.co'. Adding certificate verification is strongly advised. See: https://urllib3.readthedocs.io/en/latest/advanced-usage.html#tls-warnings
  warnings.warn(
/home/comparendos/venv/lib/python3.12/site-packages/urllib3/connectionpool.py:1097: InsecureRequestWarning: Unverified HTTPS request is being made to host 'serviciosdigitales.movilidadavanzadabello.com.co'. Adding certificate verification is strongly advised. See: https://urllib3.readthedocs.io/en/latest/advanced-usage.html#tls-warnings
  warnings.warn(
/home/comparendos/venv/lib/python3.12/site-packages/urllib3/connectionpool.py:1097: InsecureRequestWarning: Unverified HTTPS request is being made to host 'serviciosdigitales.movilidadavanzadabello.com.co'. Adding certificate verification is strongly advised. See: https://urllib3.readthedocs.io/en/latest/advanced-usage.html#tls-warnings
  warnings.warn(
/home/comparendos/venv/lib/python3.12/site-packages/urllib3/connectionpool.py:1097: InsecureRequestWarning: Unverified HTTPS request is being made to host 'serviciosdigitales.movilidadavanzadabello.com.co'. Adding certificate verification is strongly advised. See: https://urllib3.readthedocs.io/en/latest/advanced-usage.html#tls-warnings
  warnings.warn(
/home/comparendos/venv/lib/python3.12/site-packages/urllib3/connectionpool.py:1097: InsecureRequestWarning: Unverified HTTPS request is being made to host 'serviciosdigitales.movilidadavanzadabello.com.co'. Adding certificate verification is strongly advised. See: https://urllib3.readthedocs.io/en/latest/advanced-usage.html#tls-warnings
  warnings.warn(
/home/comparendos/venv/lib/python3.12/site-packages/urllib3/connectionpool.py:1097: InsecureRequestWarning: Unverified HTTPS request is being made to host 'serviciosdigitales.movilidadavanzadabello.com.co'. Adding certificate verification is strongly advised. See: https://urllib3.readthedocs.io/en/latest/advanced-usage.html#tls-warnings
  warnings.warn(
/home/comparendos/venv/lib/python3.12/site-packages/urllib3/connectionpool.py:1097: InsecureRequestWarning: Unverified HTTPS request is being made to host 'serviciosdigitales.movilidadavanzadabello.com.co'. Adding certificate verification is strongly advised. See: https://urllib3.readthedocs.io/en/latest/advanced-usage.html#tls-warnings
  warnings.warn(
/home/comparendos/venv/lib/python3.12/site-packages/urllib3/connectionpool.py:1097: InsecureRequestWarning: Unverified HTTPS request is being made to host 'serviciosdigitales.movilidadavanzadabello.com.co'. Adding certificate verification is strongly advised. See: https://urllib3.readthedocs.io/en/latest/advanced-usage.html#tls-warnings
  warnings.warn(
/home/comparendos/venv/lib/python3.12/site-packages/urllib3/connectionpool.py:1097: InsecureRequestWarning: Unverified HTTPS request is being made to host 'serviciosdigitales.movilidadavanzadabello.com.co'. Adding certificate verification is strongly advised. See: https://urllib3.readthedocs.io/en/latest/advanced-usage.html#tls-warnings
  warnings.warn(
/home/comparendos/venv/lib/python3.12/site-packages/urllib3/connectionpool.py:1097: InsecureRequestWarning: Unverified HTTPS request is being made to host 'serviciosdigitales.movilidadavanzadabello.com.co'. Adding certificate verification is strongly advised. See: https://urllib3.readthedocs.io/en/latest/advanced-usage.html#tls-warnings
  warnings.warn(
/home/comparendos/venv/lib/python3.12/site-packages/urllib3/connectionpool.py:1097: InsecureRequestWarning: Unverified HTTPS request is being made to host 'serviciosdigitales.movilidadavanzadabello.com.co'. Adding certificate verification is strongly advised. See: https://urllib3.readthedocs.io/en/latest/advanced-usage.html#tls-warnings
  warnings.warn(
/home/comparendos/venv/lib/python3.12/site-packages/urllib3/connectionpool.py:1097: InsecureRequestWarning: Unverified HTTPS request is being made to host 'serviciosdigitales.movilidadavanzadabello.com.co'. Adding certificate verification is strongly advised. See: https://urllib3.readthedocs.io/en/latest/advanced-usage.html#tls-warnings
  warnings.warn(
/home/comparendos/venv/lib/python3.12/site-packages/urllib3/connectionpool.py:1097: InsecureRequestWarning: Unverified HTTPS request is being made to host 'serviciosdigitales.movilidadavanzadabello.com.co'. Adding certificate verification is strongly advised. See: https://urllib3.readthedocs.io/en/latest/advanced-usage.html#tls-warnings
  warnings.warn(
/home/comparendos/venv/lib/python3.12/site-packages/urllib3/connectionpool.py:1097: InsecureRequestWarning: Unverified HTTPS request is being made to host 'serviciosdigitales.movilidadavanzadabello.com.co'. Adding certificate verification is strongly advised. See: https://urllib3.readthedocs.io/en/latest/advanced-usage.html#tls-warnings
  warnings.warn(
/home/comparendos/venv/lib/python3.12/site-packages/urllib3/connectionpool.py:1097: InsecureRequestWarning: Unverified HTTPS request is being made to host 'serviciosdigitales.movilidadavanzadabello.com.co'. Adding certificate verification is strongly advised. See: https://urllib3.readthedocs.io/en/latest/advanced-usage.html#tls-warnings
  warnings.warn(
/home/comparendos/venv/lib/python3.12/site-packages/urllib3/connectionpool.py:1097: InsecureRequestWarning: Unverified HTTPS request is being made to host 'serviciosdigitales.movilidadavanzadabello.com.co'. Adding certificate verification is strongly advised. See: https://urllib3.readthedocs.io/en/latest/advanced-usage.html#tls-warnings
  warnings.warn(
/home/comparendos/venv/lib/python3.12/site-packages/urllib3/connectionpool.py:1097: InsecureRequestWarning: Unverified HTTPS request is being made to host 'serviciosdigitales.movilidadavanzadabello.com.co'. Adding certificate verification is strongly advised. See: https://urllib3.readthedocs.io/en/latest/advanced-usage.html#tls-warnings
  warnings.warn(
/home/comparendos/venv/lib/python3.12/site-packages/urllib3/connectionpool.py:1097: InsecureRequestWarning: Unverified HTTPS request is being made to host 'serviciosdigitales.movilidadavanzadabello.com.co'. Adding certificate verification is strongly advised. See: https://urllib3.readthedocs.io/en/latest/advanced-usage.html#tls-warnings
  warnings.warn(
/home/comparendos/venv/lib/python3.12/site-packages/urllib3/connectionpool.py:1097: InsecureRequestWarning: Unverified HTTPS request is being made to host 'serviciosdigitales.movilidadavanzadabello.com.co'. Adding certificate verification is strongly advised. See: https://urllib3.readthedocs.io/en/latest/advanced-usage.html#tls-warnings
  warnings.warn(
/home/comparendos/venv/lib/python3.12/site-packages/urllib3/connectionpool.py:1097: InsecureRequestWarning: Unverified HTTPS request is being made to host 'serviciosdigitales.movilidadavanzadabello.com.co'. Adding certificate verification is strongly advised. See: https://urllib3.readthedocs.io/en/latest/advanced-usage.html#tls-warnings
  warnings.warn(
/home/comparendos/venv/lib/python3.12/site-packages/urllib3/connectionpool.py:1097: InsecureRequestWarning: Unverified HTTPS request is being made to host 'serviciosdigitales.movilidadavanzadabello.com.co'. Adding certificate verification is strongly advised. See: https://urllib3.readthedocs.io/en/latest/advanced-usage.html#tls-warnings
  warnings.warn(
/home/comparendos/venv/lib/python3.12/site-packages/urllib3/connectionpool.py:1097: InsecureRequestWarning: Unverified HTTPS request is being made to host 'serviciosdigitales.movilidadavanzadabello.com.co'. Adding certificate verification is strongly advised. See: https://urllib3.readthedocs.io/en/latest/advanced-usage.html#tls-warnings
  warnings.warn(
/home/comparendos/venv/lib/python3.12/site-packages/urllib3/connectionpool.py:1097: InsecureRequestWarning: Unverified HTTPS request is being made to host 'serviciosdigitales.movilidadavanzadabello.com.co'. Adding certificate verification is strongly advised. See: https://urllib3.readthedocs.io/en/latest/advanced-usage.html#tls-warnings
  warnings.warn(
/home/comparendos/venv/lib/python3.12/site-packages/urllib3/connectionpool.py:1097: InsecureRequestWarning: Unverified HTTPS request is being made to host 'serviciosdigitales.movilidadavanzadabello.com.co'. Adding certificate verification is strongly advised. See: https://urllib3.readthedocs.io/en/latest/advanced-usage.html#tls-warnings
  warnings.warn(
/home/comparendos/venv/lib/python3.12/site-packages/urllib3/connectionpool.py:1097: InsecureRequestWarning: Unverified HTTPS request is being made to host 'serviciosdigitales.movilidadavanzadabello.com.co'. Adding certificate verification is strongly advised. See: https://urllib3.readthedocs.io/en/latest/advanced-usage.html#tls-warnings
  warnings.warn(
/home/comparendos/venv/lib/python3.12/site-packages/urllib3/connectionpool.py:1097: InsecureRequestWarning: Unverified HTTPS request is being made to host 'serviciosdigitales.movilidadavanzadabello.com.co'. Adding certificate verification is strongly advised. See: https://urllib3.readthedocs.io/en/latest/advanced-usage.html#tls-warnings
  warnings.warn(
/home/comparendos/venv/lib/python3.12/site-packages/urllib3/connectionpool.py:1097: InsecureRequestWarning: Unverified HTTPS request is being made to host 'serviciosdigitales.movilidadavanzadabello.com.co'. Adding certificate verification is strongly advised. See: https://urllib3.readthedocs.io/en/latest/advanced-usage.html#tls-warnings
  warnings.warn(
/home/comparendos/venv/lib/python3.12/site-packages/urllib3/connectionpool.py:1097: InsecureRequestWarning: Unverified HTTPS request is being made to host 'serviciosdigitales.movilidadavanzadabello.com.co'. Adding certificate verification is strongly advised. See: https://urllib3.readthedocs.io/en/latest/advanced-usage.html#tls-warnings
  warnings.warn(

El comparendo ya fue notificado previamente Documento: 80115093 Comparendo: 05001000000048401456
El comparendo ya fue notificado previamente Documento: 80115093 Comparendo: D05001000000054676940
El comparendo ya fue notificado previamente Documento: 80115093 Comparendo: D05001000000054564185
El comparendo ya fue notificado previamente Documento: 80115093 Comparendo: D05631000000055813702
El comparendo ya fue notificado previamente Documento: 98547300 Comparendo: D05001000000054703909
El comparendo ya fue notificado previamente Documento: 43670154 Comparendo: D05001000000054523120
El comparendo ya fue notificado previamente Documento: 43608115 Comparendo: D05001000000054677183
El comparendo ya fue notificado previamente Documento: 20620211 Comparendo: D05001000000054486990
El comparendo ya fue notificado previamente Documento: 20620211 Comparendo: D05001000000054241151
El comparendo ya fue notificado previamente Documento: 20620211 Comparendo: D05001000000054240959
El comparendo ya fue notificado previamente Documento: 20620211 Comparendo: D05001000000054240956
El comparendo ya fue notificado previamente Documento: 8364608 Comparendo: D05001000000054262829
[2026-07-17 12:12:43] Enviando 1 templates para el bloque (process_template_id: VmWxHlUo968L)
Payload para el envío VmWxHlUo968L:
{
  "users": [
    {
      "phone": "+573045968613",
      "parameters": [
        {
          "order": 0,
          "parameter": "BELLO"
        },
        {
          "order": 1,
          "parameter": "2026-07-05"
        },
        {
          "order": 2,
          "parameter": "FVV193"
        },
        {
          "order": 3,
          "parameter": "C35"
        },
        {
          "order": 4,
          "parameter": "No realizar la revisión técnico-mecánica y de emisiones contaminantes en los siguientes plazos o cuando aun portando los certificados correspondientes no cuenta con las siguientes condiciones técnico mecánica y de emisiones contaminantes, además el vehículo será inmovilizado"
        }
      ]
    }
  ],
  "SaveInfo": false,
  "origin": "API",
  "templateName": "notificacion_comparendos",
  "language": "ES",
  "sender": "School Center",
  "ParametersName": []
}
[2026-07-17 12:12:48] Enviando 1 templates.
[2026-07-17 12:12:48] Respuesta del envío: True - 
El comparendo ya fue notificado previamente Documento: 21468398 Comparendo: 05001000000051592606
El comparendo ya fue notificado previamente Documento: 1007090383 Comparendo: D05001000000051517599
El comparendo ya fue notificado previamente Documento: 8357324 Comparendo: D05001000000054443893
El comparendo ya fue notificado previamente Documento: 1037572697 Comparendo: D05001000000054555886
El comparendo ya fue notificado previamente Documento: 1130667626 Comparendo: D05360000000054189148
El comparendo ya fue notificado previamente Documento: 1130667626 Comparendo: D05001000000054545859
Error en consulta_info_home_public para MEDELLIN: ('Connection aborted.', RemoteDisconnected('Remote end closed connection without response'))
Error en MEDELLIN: 'NoneType' object has no attribute 'json'
Error en consulta_info_home_public para ITAGUI: HTTPSConnectionPool(host='movilidad.transitoitagui.gov.co', port=443): Read timed out. (read timeout=30)
Error en ITAGUI: 'NoneType' object has no attribute 'json'
Error en consulta_info_home_public para ITAGUI: HTTPSConnectionPool(host='movilidad.transitoitagui.gov.co', port=443): Read timed out. (read timeout=30)
Error en ITAGUI: 'NoneType' object has no attribute 'json'
Error en consulta_info_home_public para ITAGUI: HTTPSConnectionPool(host='movilidad.transitoitagui.gov.co', port=443): Read timed out. (read timeout=30)
Error en ITAGUI: 'NoneType' object has no attribute 'json'
Error en consulta_info_home_public para ITAGUI: HTTPSConnectionPool(host='movilidad.transitoitagui.gov.co', port=443): Read timed out. (read timeout=30)
Error en ITAGUI: 'NoneType' object has no attribute 'json'
Error en consulta_info_home_public para ITAGUI: HTTPSConnectionPool(host='movilidad.transitoitagui.gov.co', port=443): Read timed out. (read timeout=30)
Error en ITAGUI: 'NoneType' object has no attribute 'json'
Error en consulta_info_home_public para ITAGUI: HTTPSConnectionPool(host='movilidad.transitoitagui.gov.co', port=443): Read timed out. (read timeout=30)
Error en ITAGUI: 'NoneType' object has no attribute 'json'
Error en consulta_info_home_public para ITAGUI: HTTPSConnectionPool(host='movilidad.transitoitagui.gov.co', port=443): Read timed out. (read timeout=30)
Error en ITAGUI: 'NoneType' object has no attribute 'json'
Error en consulta_info_home_public para ITAGUI: HTTPSConnectionPool(host='movilidad.transitoitagui.gov.co', port=443): Read timed out. (read timeout=30)
Error en ITAGUI: 'NoneType' object has no attribute 'json'
Error en consulta_info_home_public para ITAGUI: HTTPSConnectionPool(host='movilidad.transitoitagui.gov.co', port=443): Read timed out. (read timeout=30)
Error en ITAGUI: 'NoneType' object has no attribute 'json'
Error en consulta_info_home_public para ITAGUI: HTTPSConnectionPool(host='movilidad.transitoitagui.gov.co', port=443): Read timed out. (read timeout=30)
Error en ITAGUI: 'NoneType' object has no attribute 'json'
Error en consulta_info_home_public para ITAGUI: HTTPSConnectionPool(host='movilidad.transitoitagui.gov.co', port=443): Read timed out. (read timeout=30)
Error en ITAGUI: 'NoneType' object has no attribute 'json'
Error en consulta_info_home_public para ITAGUI: HTTPSConnectionPool(host='movilidad.transitoitagui.gov.co', port=443): Read timed out. (read timeout=30)
Error en ITAGUI: 'NoneType' object has no attribute 'json'
Error en consulta_info_home_public para ITAGUI: HTTPSConnectionPool(host='movilidad.transitoitagui.gov.co', port=443): Read timed out. (read timeout=30)
Error en ITAGUI: 'NoneType' object has no attribute 'json'
Error en consulta_info_home_public para ITAGUI: HTTPSConnectionPool(host='movilidad.transitoitagui.gov.co', port=443): Read timed out. (read timeout=30)
Error en ITAGUI: 'NoneType' object has no attribute 'json'
Error en consulta_info_home_public para ITAGUI: HTTPSConnectionPool(host='movilidad.transitoitagui.gov.co', port=443): Read timed out. (read timeout=30)
Error en ITAGUI: 'NoneType' object has no attribute 'json'
El comparendo ya fue notificado previamente Documento: 80239451 Comparendo: D05001000000054665521
Error en consulta_info_home_public para ITAGUI: HTTPSConnectionPool(host='movilidad.transitoitagui.gov.co', port=443): Read timed out. (read timeout=30)
Error en ITAGUI: 'NoneType' object has no attribute 'json'
Error en consulta_info_home_public para ITAGUI: HTTPSConnectionPool(host='movilidad.transitoitagui.gov.co', port=443): Read timed out. (read timeout=30)
Error en ITAGUI: 'NoneType' object has no attribute 'json'
Error en consulta_info_home_public para ITAGUI: HTTPSConnectionPool(host='movilidad.transitoitagui.gov.co', port=443): Read timed out. (read timeout=30)
Error en ITAGUI: 'NoneType' object has no attribute 'json'
Error en consulta_info_home_public para ITAGUI: HTTPSConnectionPool(host='movilidad.transitoitagui.gov.co', port=443): Read timed out. (read timeout=30)
Error en ITAGUI: 'NoneType' object has no attribute 'json'
El comparendo ya fue notificado previamente Documento: 1090371735 Comparendo: D05001000000054678292
Error en consulta_info_home_public para ITAGUI: HTTPSConnectionPool(host='movilidad.transitoitagui.gov.co', port=443): Read timed out. (read timeout=30)
Error en ITAGUI: 'NoneType' object has no attribute 'json'
Error en consulta_info_home_public para ITAGUI: HTTPSConnectionPool(host='movilidad.transitoitagui.gov.co', port=443): Read timed out. (read timeout=30)
Error en ITAGUI: 'NoneType' object has no attribute 'json'
Error en consulta_info_home_public para ITAGUI: HTTPSConnectionPool(host='movilidad.transitoitagui.gov.co', port=443): Read timed out. (read timeout=30)
Error en ITAGUI: 'NoneType' object has no attribute 'json'
Error en consulta_info_home_public para ITAGUI: HTTPSConnectionPool(host='movilidad.transitoitagui.gov.co', port=443): Read timed out. (read timeout=30)
Error en ITAGUI: 'NoneType' object has no attribute 'json'
Error en consulta_info_home_public para ITAGUI: HTTPSConnectionPool(host='movilidad.transitoitagui.gov.co', port=443): Read timed out. (read timeout=30)/home/comparendos/venv/lib/python3.12/site-packages/urllib3/connectionpool.py:1097: InsecureRequestWarning: Unverified HTTPS request is being made to host 'serviciosdigitales.movilidadavanzadabello.com.co'. Adding certificate verification is strongly advised. See: https://urllib3.readthedocs.io/en/latest/advanced-usage.html#tls-warnings
  warnings.warn(
/home/comparendos/venv/lib/python3.12/site-packages/urllib3/connectionpool.py:1097: InsecureRequestWarning: Unverified HTTPS request is being made to host 'serviciosdigitales.movilidadavanzadabello.com.co'. Adding certificate verification is strongly advised. See: https://urllib3.readthedocs.io/en/latest/advanced-usage.html#tls-warnings
  warnings.warn(
/home/comparendos/venv/lib/python3.12/site-packages/urllib3/connectionpool.py:1097: InsecureRequestWarning: Unverified HTTPS request is being made to host 'serviciosdigitales.movilidadavanzadabello.com.co'. Adding certificate verification is strongly advised. See: https://urllib3.readthedocs.io/en/latest/advanced-usage.html#tls-warnings
  warnings.warn(
/home/comparendos/venv/lib/python3.12/site-packages/urllib3/connectionpool.py:1097: InsecureRequestWarning: Unverified HTTPS request is being made to host 'serviciosdigitales.movilidadavanzadabello.com.co'. Adding certificate verification is strongly advised. See: https://urllib3.readthedocs.io/en/latest/advanced-usage.html#tls-warnings
  warnings.warn(
/home/comparendos/venv/lib/python3.12/site-packages/urllib3/connectionpool.py:1097: InsecureRequestWarning: Unverified HTTPS request is being made to host 'serviciosdigitales.movilidadavanzadabello.com.co'. Adding certificate verification is strongly advised. See: https://urllib3.readthedocs.io/en/latest/advanced-usage.html#tls-warnings
  warnings.warn(
/home/comparendos/venv/lib/python3.12/site-packages/urllib3/connectionpool.py:1097: InsecureRequestWarning: Unverified HTTPS request is being made to host 'serviciosdigitales.movilidadavanzadabello.com.co'. Adding certificate verification is strongly advised. See: https://urllib3.readthedocs.io/en/latest/advanced-usage.html#tls-warnings
  warnings.warn(
/home/comparendos/venv/lib/python3.12/site-packages/urllib3/connectionpool.py:1097: InsecureRequestWarning: Unverified HTTPS request is being made to host 'serviciosdigitales.movilidadavanzadabello.com.co'. Adding certificate verification is strongly advised. See: https://urllib3.readthedocs.io/en/latest/advanced-usage.html#tls-warnings
  warnings.warn(
/home/comparendos/venv/lib/python3.12/site-packages/urllib3/connectionpool.py:1097: InsecureRequestWarning: Unverified HTTPS request is being made to host 'serviciosdigitales.movilidadavanzadabello.com.co'. Adding certificate verification is strongly advised. See: https://urllib3.readthedocs.io/en/latest/advanced-usage.html#tls-warnings
  warnings.warn(
/home/comparendos/venv/lib/python3.12/site-packages/urllib3/connectionpool.py:1097: InsecureRequestWarning: Unverified HTTPS request is being made to host 'serviciosdigitales.movilidadavanzadabello.com.co'. Adding certificate verification is strongly advised. See: https://urllib3.readthedocs.io/en/latest/advanced-usage.html#tls-warnings
  warnings.warn(
/home/comparendos/venv/lib/python3.12/site-packages/urllib3/connectionpool.py:1097: InsecureRequestWarning: Unverified HTTPS request is being made to host 'serviciosdigitales.movilidadavanzadabello.com.co'. Adding certificate verification is strongly advised. See: https://urllib3.readthedocs.io/en/latest/advanced-usage.html#tls-warnings
  warnings.warn(
/home/comparendos/venv/lib/python3.12/site-packages/urllib3/connectionpool.py:1097: InsecureRequestWarning: Unverified HTTPS request is being made to host 'serviciosdigitales.movilidadavanzadabello.com.co'. Adding certificate verification is strongly advised. See: https://urllib3.readthedocs.io/en/latest/advanced-usage.html#tls-warnings
  warnings.warn(
/home/comparendos/venv/lib/python3.12/site-packages/urllib3/connectionpool.py:1097: InsecureRequestWarning: Unverified HTTPS request is being made to host 'serviciosdigitales.movilidadavanzadabello.com.co'. Adding certificate verification is strongly advised. See: https://urllib3.readthedocs.io/en/latest/advanced-usage.html#tls-warnings
  warnings.warn(
/home/comparendos/venv/lib/python3.12/site-packages/urllib3/connectionpool.py:1097: InsecureRequestWarning: Unverified HTTPS request is being made to host 'serviciosdigitales.movilidadavanzadabello.com.co'. Adding certificate verification is strongly advised. See: https://urllib3.readthedocs.io/en/latest/advanced-usage.html#tls-warnings
  warnings.warn(
/home/comparendos/venv/lib/python3.12/site-packages/urllib3/connectionpool.py:1097: InsecureRequestWarning: Unverified HTTPS request is being made to host 'serviciosdigitales.movilidadavanzadabello.com.co'. Adding certificate verification is strongly advised. See: https://urllib3.readthedocs.io/en/latest/advanced-usage.html#tls-warnings
  warnings.warn(
/home/comparendos/venv/lib/python3.12/site-packages/urllib3/connectionpool.py:1097: InsecureRequestWarning: Unverified HTTPS request is being made to host 'serviciosdigitales.movilidadavanzadabello.com.co'. Adding certificate verification is strongly advised. See: https://urllib3.readthedocs.io/en/latest/advanced-usage.html#tls-warnings
  warnings.warn(
/home/comparendos/venv/lib/python3.12/site-packages/urllib3/connectionpool.py:1097: InsecureRequestWarning: Unverified HTTPS request is being made to host 'serviciosdigitales.movilidadavanzadabello.com.co'. Adding certificate verification is strongly advised. See: https://urllib3.readthedocs.io/en/latest/advanced-usage.html#tls-warnings
  warnings.warn(
/home/comparendos/venv/lib/python3.12/site-packages/urllib3/connectionpool.py:1097: InsecureRequestWarning: Unverified HTTPS request is being made to host 'serviciosdigitales.movilidadavanzadabello.com.co'. Adding certificate verification is strongly advised. See: https://urllib3.readthedocs.io/en/latest/advanced-usage.html#tls-warnings
  warnings.warn(
/home/comparendos/venv/lib/python3.12/site-packages/urllib3/connectionpool.py:1097: InsecureRequestWarning: Unverified HTTPS request is being made to host 'serviciosdigitales.movilidadavanzadabello.com.co'. Adding certificate verification is strongly advised. See: https://urllib3.readthedocs.io/en/latest/advanced-usage.html#tls-warnings
  warnings.warn(
/home/comparendos/venv/lib/python3.12/site-packages/urllib3/connectionpool.py:1097: InsecureRequestWarning: Unverified HTTPS request is being made to host 'serviciosdigitales.movilidadavanzadabello.com.co'. Adding certificate verification is strongly advised. See: https://urllib3.readthedocs.io/en/latest/advanced-usage.html#tls-warnings
  warnings.warn(
/home/comparendos/venv/lib/python3.12/site-packages/urllib3/connectionpool.py:1097: InsecureRequestWarning: Unverified HTTPS request is being made to host 'serviciosdigitales.movilidadavanzadabello.com.co'. Adding certificate verification is strongly advised. See: https://urllib3.readthedocs.io/en/latest/advanced-usage.html#tls-warnings
  warnings.warn(
/home/comparendos/venv/lib/python3.12/site-packages/urllib3/connectionpool.py:1097: InsecureRequestWarning: Unverified HTTPS request is being made to host 'serviciosdigitales.movilidadavanzadabello.com.co'. Adding certificate verification is strongly advised. See: https://urllib3.readthedocs.io/en/latest/advanced-usage.html#tls-warnings
  warnings.warn(
/home/comparendos/venv/lib/python3.12/site-packages/urllib3/connectionpool.py:1097: InsecureRequestWarning: Unverified HTTPS request is being made to host 'serviciosdigitales.movilidadavanzadabello.com.co'. Adding certificate verification is strongly advised. See: https://urllib3.readthedocs.io/en/latest/advanced-usage.html#tls-warnings
  warnings.warn(
/home/comparendos/venv/lib/python3.12/site-packages/urllib3/connectionpool.py:1097: InsecureRequestWarning: Unverified HTTPS request is being made to host 'serviciosdigitales.movilidadavanzadabello.com.co'. Adding certificate verification is strongly advised. See: https://urllib3.readthedocs.io/en/latest/advanced-usage.html#tls-warnings
  warnings.warn(
/home/comparendos/venv/lib/python3.12/site-packages/urllib3/connectionpool.py:1097: InsecureRequestWarning: Unverified HTTPS request is being made to host 'serviciosdigitales.movilidadavanzadabello.com.co'. Adding certificate verification is strongly advised. See: https://urllib3.readthedocs.io/en/latest/advanced-usage.html#tls-warnings
  warnings.warn(
/home/comparendos/venv/lib/python3.12/site-packages/urllib3/connectionpool.py:1097: InsecureRequestWarning: Unverified HTTPS request is being made to host 'serviciosdigitales.movilidadavanzadabello.com.co'. Adding certificate verification is strongly advised. See: https://urllib3.readthedocs.io/en/latest/advanced-usage.html#tls-warnings
  warnings.warn(
/home/comparendos/venv/lib/python3.12/site-packages/urllib3/connectionpool.py:1097: InsecureRequestWarning: Unverified HTTPS request is being made to host 'serviciosdigitales.movilidadavanzadabello.com.co'. Adding certificate verification is strongly advised. See: https://urllib3.readthedocs.io/en/latest/advanced-usage.html#tls-warnings
  warnings.warn(
/home/comparendos/venv/lib/python3.12/site-packages/urllib3/connectionpool.py:1097: InsecureRequestWarning: Unverified HTTPS request is being made to host 'serviciosdigitales.movilidadavanzadabello.com.co'. Adding certificate verification is strongly advised. See: https://urllib3.readthedocs.io/en/latest/advanced-usage.html#tls-warnings
  warnings.warn(
/home/comparendos/venv/lib/python3.12/site-packages/urllib3/connectionpool.py:1097: InsecureRequestWarning: Unverified HTTPS request is being made to host 'serviciosdigitales.movilidadavanzadabello.com.co'. Adding certificate verification is strongly advised. See: https://urllib3.readthedocs.io/en/latest/advanced-usage.html#tls-warnings
  warnings.warn(
/home/comparendos/venv/lib/python3.12/site-packages/urllib3/connectionpool.py:1097: InsecureRequestWarning: Unverified HTTPS request is being made to host 'serviciosdigitales.movilidadavanzadabello.com.co'. Adding certificate verification is strongly advised. See: https://urllib3.readthedocs.io/en/latest/advanced-usage.html#tls-warnings
  warnings.warn(
/home/comparendos/venv/lib/python3.12/site-packages/urllib3/connectionpool.py:1097: InsecureRequestWarning: Unverified HTTPS request is being made to host 'serviciosdigitales.movilidadavanzadabello.com.co'. Adding certificate verification is strongly advised. See: https://urllib3.readthedocs.io/en/latest/advanced-usage.html#tls-warnings
  warnings.warn(
/home/comparendos/venv/lib/python3.12/site-packages/urllib3/connectionpool.py:1097: InsecureRequestWarning: Unverified HTTPS request is being made to host 'serviciosdigitales.movilidadavanzadabello.com.co'. Adding certificate verification is strongly advised. See: https://urllib3.readthedocs.io/en/latest/advanced-usage.html#tls-warnings
  warnings.warn(
/home/comparendos/venv/lib/python3.12/site-packages/urllib3/connectionpool.py:1097: InsecureRequestWarning: Unverified HTTPS request is being made to host 'serviciosdigitales.movilidadavanzadabello.com.co'. Adding certificate verification is strongly advised. See: https://urllib3.readthedocs.io/en/latest/advanced-usage.html#tls-warnings
  warnings.warn(
/home/comparendos/venv/lib/python3.12/site-packages/urllib3/connectionpool.py:1097: InsecureRequestWarning: Unverified HTTPS request is being made to host 'serviciosdigitales.movilidadavanzadabello.com.co'. Adding certificate verification is strongly advised. See: https://urllib3.readthedocs.io/en/latest/advanced-usage.html#tls-warnings
  warnings.warn(
/home/comparendos/venv/lib/python3.12/site-packages/urllib3/connectionpool.py:1097: InsecureRequestWarning: Unverified HTTPS request is being made to host 'serviciosdigitales.movilidadavanzadabello.com.co'. Adding certificate verification is strongly advised. See: https://urllib3.readthedocs.io/en/latest/advanced-usage.html#tls-warnings
  warnings.warn(
/home/comparendos/venv/lib/python3.12/site-packages/urllib3/connectionpool.py:1097: InsecureRequestWarning: Unverified HTTPS request is being made to host 'serviciosdigitales.movilidadavanzadabello.com.co'. Adding certificate verification is strongly advised. See: https://urllib3.readthedocs.io/en/latest/advanced-usage.html#tls-warnings
  warnings.warn(
/home/comparendos/venv/lib/python3.12/site-packages/urllib3/connectionpool.py:1097: InsecureRequestWarning: Unverified HTTPS request is being made to host 'serviciosdigitales.movilidadavanzadabello.com.co'. Adding certificate verification is strongly advised. See: https://urllib3.readthedocs.io/en/latest/advanced-usage.html#tls-warnings
  warnings.warn(
/home/comparendos/venv/lib/python3.12/site-packages/urllib3/connectionpool.py:1097: InsecureRequestWarning: Unverified HTTPS request is being made to host 'serviciosdigitales.movilidadavanzadabello.com.co'. Adding certificate verification is strongly advised. See: https://urllib3.readthedocs.io/en/latest/advanced-usage.html#tls-warnings
  warnings.warn(
/home/comparendos/venv/lib/python3.12/site-packages/urllib3/connectionpool.py:1097: InsecureRequestWarning: Unverified HTTPS request is being made to host 'serviciosdigitales.movilidadavanzadabello.com.co'. Adding certificate verification is strongly advised. See: https://urllib3.readthedocs.io/en/latest/advanced-usage.html#tls-warnings
  warnings.warn(
/home/comparendos/venv/lib/python3.12/site-packages/urllib3/connectionpool.py:1097: InsecureRequestWarning: Unverified HTTPS request is being made to host 'serviciosdigitales.movilidadavanzadabello.com.co'. Adding certificate verification is strongly advised. See: https://urllib3.readthedocs.io/en/latest/advanced-usage.html#tls-warnings
  warnings.warn(
/home/comparendos/venv/lib/python3.12/site-packages/urllib3/connectionpool.py:1097: InsecureRequestWarning: Unverified HTTPS request is being made to host 'serviciosdigitales.movilidadavanzadabello.com.co'. Adding certificate verification is strongly advised. See: https://urllib3.readthedocs.io/en/latest/advanced-usage.html#tls-warnings
  warnings.warn(
/home/comparendos/venv/lib/python3.12/site-packages/urllib3/connectionpool.py:1097: InsecureRequestWarning: Unverified HTTPS request is being made to host 'serviciosdigitales.movilidadavanzadabello.com.co'. Adding certificate verification is strongly advised. See: https://urllib3.readthedocs.io/en/latest/advanced-usage.html#tls-warnings
  warnings.warn(
/home/comparendos/venv/lib/python3.12/site-packages/urllib3/connectionpool.py:1097: InsecureRequestWarning: Unverified HTTPS request is being made to host 'serviciosdigitales.movilidadavanzadabello.com.co'. Adding certificate verification is strongly advised. See: https://urllib3.readthedocs.io/en/latest/advanced-usage.html#tls-warnings
  warnings.warn(
/home/comparendos/venv/lib/python3.12/site-packages/urllib3/connectionpool.py:1097: InsecureRequestWarning: Unverified HTTPS request is being made to host 'serviciosdigitales.movilidadavanzadabello.com.co'. Adding certificate verification is strongly advised. See: https://urllib3.readthedocs.io/en/latest/advanced-usage.html#tls-warnings
  warnings.warn(
/home/comparendos/venv/lib/python3.12/site-packages/urllib3/connectionpool.py:1097: InsecureRequestWarning: Unverified HTTPS request is being made to host 'serviciosdigitales.movilidadavanzadabello.com.co'. Adding certificate verification is strongly advised. See: https://urllib3.readthedocs.io/en/latest/advanced-usage.html#tls-warnings
  warnings.warn(
/home/comparendos/venv/lib/python3.12/site-packages/urllib3/connectionpool.py:1097: InsecureRequestWarning: Unverified HTTPS request is being made to host 'serviciosdigitales.movilidadavanzadabello.com.co'. Adding certificate verification is strongly advised. See: https://urllib3.readthedocs.io/en/latest/advanced-usage.html#tls-warnings
  warnings.warn(
/home/comparendos/venv/lib/python3.12/site-packages/urllib3/connectionpool.py:1097: InsecureRequestWarning: Unverified HTTPS request is being made to host 'serviciosdigitales.movilidadavanzadabello.com.co'. Adding certificate verification is strongly advised. See: https://urllib3.readthedocs.io/en/latest/advanced-usage.html#tls-warnings
  warnings.warn(
/home/comparendos/venv/lib/python3.12/site-packages/urllib3/connectionpool.py:1097: InsecureRequestWarning: Unverified HTTPS request is being made to host 'serviciosdigitales.movilidadavanzadabello.com.co'. Adding certificate verification is strongly advised. See: https://urllib3.readthedocs.io/en/latest/advanced-usage.html#tls-warnings
  warnings.warn(
/home/comparendos/venv/lib/python3.12/site-packages/urllib3/connectionpool.py:1097: InsecureRequestWarning: Unverified HTTPS request is being made to host 'serviciosdigitales.movilidadavanzadabello.com.co'. Adding certificate verification is strongly advised. See: https://urllib3.readthedocs.io/en/latest/advanced-usage.html#tls-warnings
  warnings.warn(
/home/comparendos/venv/lib/python3.12/site-packages/urllib3/connectionpool.py:1097: InsecureRequestWarning: Unverified HTTPS request is being made to host 'serviciosdigitales.movilidadavanzadabello.com.co'. Adding certificate verification is strongly advised. See: https://urllib3.readthedocs.io/en/latest/advanced-usage.html#tls-warnings
  warnings.warn(
/home/comparendos/venv/lib/python3.12/site-packages/urllib3/connectionpool.py:1097: InsecureRequestWarning: Unverified HTTPS request is being made to host 'serviciosdigitales.movilidadavanzadabello.com.co'. Adding certificate verification is strongly advised. See: https://urllib3.readthedocs.io/en/latest/advanced-usage.html#tls-warnings
  warnings.warn(
/home/comparendos/venv/lib/python3.12/site-packages/urllib3/connectionpool.py:1097: InsecureRequestWarning: Unverified HTTPS request is being made to host 'serviciosdigitales.movilidadavanzadabello.com.co'. Adding certificate verification is strongly advised. See: https://urllib3.readthedocs.io/en/latest/advanced-usage.html#tls-warnings
  warnings.warn(
/home/comparendos/venv/lib/python3.12/site-packages/urllib3/connectionpool.py:1097: InsecureRequestWarning: Unverified HTTPS request is being made to host 'serviciosdigitales.movilidadavanzadabello.com.co'. Adding certificate verification is strongly advised. See: https://urllib3.readthedocs.io/en/latest/advanced-usage.html#tls-warnings
  warnings.warn(
/home/comparendos/venv/lib/python3.12/site-packages/urllib3/connectionpool.py:1097: InsecureRequestWarning: Unverified HTTPS request is being made to host 'serviciosdigitales.movilidadavanzadabello.com.co'. Adding certificate verification is strongly advised. See: https://urllib3.readthedocs.io/en/latest/advanced-usage.html#tls-warnings
  warnings.warn(
/home/comparendos/venv/lib/python3.12/site-packages/urllib3/connectionpool.py:1097: InsecureRequestWarning: Unverified HTTPS request is being made to host 'serviciosdigitales.movilidadavanzadabello.com.co'. Adding certificate verification is strongly advised. See: https://urllib3.readthedocs.io/en/latest/advanced-usage.html#tls-warnings
  warnings.warn(
/home/comparendos/venv/lib/python3.12/site-packages/urllib3/connectionpool.py:1097: InsecureRequestWarning: Unverified HTTPS request is being made to host 'serviciosdigitales.movilidadavanzadabello.com.co'. Adding certificate verification is strongly advised. See: https://urllib3.readthedocs.io/en/latest/advanced-usage.html#tls-warnings
  warnings.warn(
/home/comparendos/venv/lib/python3.12/site-packages/urllib3/connectionpool.py:1097: InsecureRequestWarning: Unverified HTTPS request is being made to host 'serviciosdigitales.movilidadavanzadabello.com.co'. Adding certificate verification is strongly advised. See: https://urllib3.readthedocs.io/en/latest/advanced-usage.html#tls-warnings
  warnings.warn(
/home/comparendos/venv/lib/python3.12/site-packages/urllib3/connectionpool.py:1097: InsecureRequestWarning: Unverified HTTPS request is being made to host 'serviciosdigitales.movilidadavanzadabello.com.co'. Adding certificate verification is strongly advised. See: https://urllib3.readthedocs.io/en/latest/advanced-usage.html#tls-warnings
  warnings.warn(
/home/comparendos/venv/lib/python3.12/site-packages/urllib3/connectionpool.py:1097: InsecureRequestWarning: Unverified HTTPS request is being made to host 'serviciosdigitales.movilidadavanzadabello.com.co'. Adding certificate verification is strongly advised. See: https://urllib3.readthedocs.io/en/latest/advanced-usage.html#tls-warnings
  warnings.warn(
/home/comparendos/venv/lib/python3.12/site-packages/urllib3/connectionpool.py:1097: InsecureRequestWarning: Unverified HTTPS request is being made to host 'serviciosdigitales.movilidadavanzadabello.com.co'. Adding certificate verification is strongly advised. See: https://urllib3.readthedocs.io/en/latest/advanced-usage.html#tls-warnings
  warnings.warn(
/home/comparendos/venv/lib/python3.12/site-packages/urllib3/connectionpool.py:1097: InsecureRequestWarning: Unverified HTTPS request is being made to host 'serviciosdigitales.movilidadavanzadabello.com.co'. Adding certificate verification is strongly advised. See: https://urllib3.readthedocs.io/en/latest/advanced-usage.html#tls-warnings
  warnings.warn(
/home/comparendos/venv/lib/python3.12/site-packages/urllib3/connectionpool.py:1097: InsecureRequestWarning: Unverified HTTPS request is being made to host 'serviciosdigitales.movilidadavanzadabello.com.co'. Adding certificate verification is strongly advised. See: https://urllib3.readthedocs.io/en/latest/advanced-usage.html#tls-warnings
  warnings.warn(
/home/comparendos/venv/lib/python3.12/site-packages/urllib3/connectionpool.py:1097: InsecureRequestWarning: Unverified HTTPS request is being made to host 'serviciosdigitales.movilidadavanzadabello.com.co'. Adding certificate verification is strongly advised. See: https://urllib3.readthedocs.io/en/latest/advanced-usage.html#tls-warnings
  warnings.warn(
/home/comparendos/venv/lib/python3.12/site-packages/urllib3/connectionpool.py:1097: InsecureRequestWarning: Unverified HTTPS request is being made to host 'serviciosdigitales.movilidadavanzadabello.com.co'. Adding certificate verification is strongly advised. See: https://urllib3.readthedocs.io/en/latest/advanced-usage.html#tls-warnings
  warnings.warn(
/home/comparendos/venv/lib/python3.12/site-packages/urllib3/connectionpool.py:1097: InsecureRequestWarning: Unverified HTTPS request is being made to host 'serviciosdigitales.movilidadavanzadabello.com.co'. Adding certificate verification is strongly advised. See: https://urllib3.readthedocs.io/en/latest/advanced-usage.html#tls-warnings
  warnings.warn(
/home/comparendos/venv/lib/python3.12/site-packages/urllib3/connectionpool.py:1097: InsecureRequestWarning: Unverified HTTPS request is being made to host 'serviciosdigitales.movilidadavanzadabello.com.co'. Adding certificate verification is strongly advised. See: https://urllib3.readthedocs.io/en/latest/advanced-usage.html#tls-warnings
  warnings.warn(
/home/comparendos/venv/lib/python3.12/site-packages/urllib3/connectionpool.py:1097: InsecureRequestWarning: Unverified HTTPS request is being made to host 'serviciosdigitales.movilidadavanzadabello.com.co'. Adding certificate verification is strongly advised. See: https://urllib3.readthedocs.io/en/latest/advanced-usage.html#tls-warnings
  warnings.warn(
/home/comparendos/venv/lib/python3.12/site-packages/urllib3/connectionpool.py:1097: InsecureRequestWarning: Unverified HTTPS request is being made to host 'serviciosdigitales.movilidadavanzadabello.com.co'. Adding certificate verification is strongly advised. See: https://urllib3.readthedocs.io/en/latest/advanced-usage.html#tls-warnings
  warnings.warn(
/home/comparendos/venv/lib/python3.12/site-packages/urllib3/connectionpool.py:1097: InsecureRequestWarning: Unverified HTTPS request is being made to host 'serviciosdigitales.movilidadavanzadabello.com.co'. Adding certificate verification is strongly advised. See: https://urllib3.readthedocs.io/en/latest/advanced-usage.html#tls-warnings
  warnings.warn(
/home/comparendos/venv/lib/python3.12/site-packages/urllib3/connectionpool.py:1097: InsecureRequestWarning: Unverified HTTPS request is being made to host 'serviciosdigitales.movilidadavanzadabello.com.co'. Adding certificate verification is strongly advised. See: https://urllib3.readthedocs.io/en/latest/advanced-usage.html#tls-warnings
  warnings.warn(
/home/comparendos/venv/lib/python3.12/site-packages/urllib3/connectionpool.py:1097: InsecureRequestWarning: Unverified HTTPS request is being made to host 'serviciosdigitales.movilidadavanzadabello.com.co'. Adding certificate verification is strongly advised. See: https://urllib3.readthedocs.io/en/latest/advanced-usage.html#tls-warnings
  warnings.warn(
/home/comparendos/venv/lib/python3.12/site-packages/urllib3/connectionpool.py:1097: InsecureRequestWarning: Unverified HTTPS request is being made to host 'serviciosdigitales.movilidadavanzadabello.com.co'. Adding certificate verification is strongly advised. See: https://urllib3.readthedocs.io/en/latest/advanced-usage.html#tls-warnings
  warnings.warn(
/home/comparendos/venv/lib/python3.12/site-packages/urllib3/connectionpool.py:1097: InsecureRequestWarning: Unverified HTTPS request is being made to host 'serviciosdigitales.movilidadavanzadabello.com.co'. Adding certificate verification is strongly advised. See: https://urllib3.readthedocs.io/en/latest/advanced-usage.html#tls-warnings
  warnings.warn(
/home/comparendos/venv/lib/python3.12/site-packages/urllib3/connectionpool.py:1097: InsecureRequestWarning: Unverified HTTPS request is being made to host 'serviciosdigitales.movilidadavanzadabello.com.co'. Adding certificate verification is strongly advised. See: https://urllib3.readthedocs.io/en/latest/advanced-usage.html#tls-warnings
  warnings.warn(
/home/comparendos/venv/lib/python3.12/site-packages/urllib3/connectionpool.py:1097: InsecureRequestWarning: Unverified HTTPS request is being made to host 'serviciosdigitales.movilidadavanzadabello.com.co'. Adding certificate verification is strongly advised. See: https://urllib3.readthedocs.io/en/latest/advanced-usage.html#tls-warnings
  warnings.warn(
/home/comparendos/venv/lib/python3.12/site-packages/urllib3/connectionpool.py:1097: InsecureRequestWarning: Unverified HTTPS request is being made to host 'serviciosdigitales.movilidadavanzadabello.com.co'. Adding certificate verification is strongly advised. See: https://urllib3.readthedocs.io/en/latest/advanced-usage.html#tls-warnings
  warnings.warn(
/home/comparendos/venv/lib/python3.12/site-packages/urllib3/connectionpool.py:1097: InsecureRequestWarning: Unverified HTTPS request is being made to host 'serviciosdigitales.movilidadavanzadabello.com.co'. Adding certificate verification is strongly advised. See: https://urllib3.readthedocs.io/en/latest/advanced-usage.html#tls-warnings
  warnings.warn(
/home/comparendos/venv/lib/python3.12/site-packages/urllib3/connectionpool.py:1097: InsecureRequestWarning: Unverified HTTPS request is being made to host 'serviciosdigitales.movilidadavanzadabello.com.co'. Adding certificate verification is strongly advised. See: https://urllib3.readthedocs.io/en/latest/advanced-usage.html#tls-warnings
  warnings.warn(
/home/comparendos/venv/lib/python3.12/site-packages/urllib3/connectionpool.py:1097: InsecureRequestWarning: Unverified HTTPS request is being made to host 'serviciosdigitales.movilidadavanzadabello.com.co'. Adding certificate verification is strongly advised. See: https://urllib3.readthedocs.io/en/latest/advanced-usage.html#tls-warnings
  warnings.warn(
/home/comparendos/venv/lib/python3.12/site-packages/urllib3/connectionpool.py:1097: InsecureRequestWarning: Unverified HTTPS request is being made to host 'serviciosdigitales.movilidadavanzadabello.com.co'. Adding certificate verification is strongly advised. See: https://urllib3.readthedocs.io/en/latest/advanced-usage.html#tls-warnings
  warnings.warn(
/home/comparendos/venv/lib/python3.12/site-packages/urllib3/connectionpool.py:1097: InsecureRequestWarning: Unverified HTTPS request is being made to host 'serviciosdigitales.movilidadavanzadabello.com.co'. Adding certificate verification is strongly advised. See: https://urllib3.readthedocs.io/en/latest/advanced-usage.html#tls-warnings
  warnings.warn(
/home/comparendos/venv/lib/python3.12/site-packages/urllib3/connectionpool.py:1097: InsecureRequestWarning: Unverified HTTPS request is being made to host 'serviciosdigitales.movilidadavanzadabello.com.co'. Adding certificate verification is strongly advised. See: https://urllib3.readthedocs.io/en/latest/advanced-usage.html#tls-warnings
  warnings.warn(
/home/comparendos/venv/lib/python3.12/site-packages/urllib3/connectionpool.py:1097: InsecureRequestWarning: Unverified HTTPS request is being made to host 'serviciosdigitales.movilidadavanzadabello.com.co'. Adding certificate verification is strongly advised. See: https://urllib3.readthedocs.io/en/latest/advanced-usage.html#tls-warnings
  warnings.warn(
/home/comparendos/venv/lib/python3.12/site-packages/urllib3/connectionpool.py:1097: InsecureRequestWarning: Unverified HTTPS request is being made to host 'serviciosdigitales.movilidadavanzadabello.com.co'. Adding certificate verification is strongly advised. See: https://urllib3.readthedocs.io/en/latest/advanced-usage.html#tls-warnings
  warnings.warn(
/home/comparendos/venv/lib/python3.12/site-packages/urllib3/connectionpool.py:1097: InsecureRequestWarning: Unverified HTTPS request is being made to host 'serviciosdigitales.movilidadavanzadabello.com.co'. Adding certificate verification is strongly advised. See: https://urllib3.readthedocs.io/en/latest/advanced-usage.html#tls-warnings
  warnings.warn(
/home/comparendos/venv/lib/python3.12/site-packages/urllib3/connectionpool.py:1097: InsecureRequestWarning: Unverified HTTPS request is being made to host 'serviciosdigitales.movilidadavanzadabello.com.co'. Adding certificate verification is strongly advised. See: https://urllib3.readthedocs.io/en/latest/advanced-usage.html#tls-warnings
  warnings.warn(
/home/comparendos/venv/lib/python3.12/site-packages/urllib3/connectionpool.py:1097: InsecureRequestWarning: Unverified HTTPS request is being made to host 'serviciosdigitales.movilidadavanzadabello.com.co'. Adding certificate verification is strongly advised. See: https://urllib3.readthedocs.io/en/latest/advanced-usage.html#tls-warnings
  warnings.warn(
/home/comparendos/venv/lib/python3.12/site-packages/urllib3/connectionpool.py:1097: InsecureRequestWarning: Unverified HTTPS request is being made to host 'serviciosdigitales.movilidadavanzadabello.com.co'. Adding certificate verification is strongly advised. See: https://urllib3.readthedocs.io/en/latest/advanced-usage.html#tls-warnings
  warnings.warn(
/home/comparendos/venv/lib/python3.12/site-packages/urllib3/connectionpool.py:1097: InsecureRequestWarning: Unverified HTTPS request is being made to host 'serviciosdigitales.movilidadavanzadabello.com.co'. Adding certificate verification is strongly advised. See: https://urllib3.readthedocs.io/en/latest/advanced-usage.html#tls-warnings
  warnings.warn(
/home/comparendos/venv/lib/python3.12/site-packages/urllib3/connectionpool.py:1097: InsecureRequestWarning: Unverified HTTPS request is being made to host 'serviciosdigitales.movilidadavanzadabello.com.co'. Adding certificate verification is strongly advised. See: https://urllib3.readthedocs.io/en/latest/advanced-usage.html#tls-warnings
  warnings.warn(
/home/comparendos/venv/lib/python3.12/site-packages/urllib3/connectionpool.py:1097: InsecureRequestWarning: Unverified HTTPS request is being made to host 'serviciosdigitales.movilidadavanzadabello.com.co'. Adding certificate verification is strongly advised. See: https://urllib3.readthedocs.io/en/latest/advanced-usage.html#tls-warnings
  warnings.warn(
/home/comparendos/venv/lib/python3.12/site-packages/urllib3/connectionpool.py:1097: InsecureRequestWarning: Unverified HTTPS request is being made to host 'serviciosdigitales.movilidadavanzadabello.com.co'. Adding certificate verification is strongly advised. See: https://urllib3.readthedocs.io/en/latest/advanced-usage.html#tls-warnings
  warnings.warn(
/home/comparendos/venv/lib/python3.12/site-packages/urllib3/connectionpool.py:1097: InsecureRequestWarning: Unverified HTTPS request is being made to host 'serviciosdigitales.movilidadavanzadabello.com.co'. Adding certificate verification is strongly advised. See: https://urllib3.readthedocs.io/en/latest/advanced-usage.html#tls-warnings
  warnings.warn(
/home/comparendos/venv/lib/python3.12/site-packages/urllib3/connectionpool.py:1097: InsecureRequestWarning: Unverified HTTPS request is being made to host 'serviciosdigitales.movilidadavanzadabello.com.co'. Adding certificate verification is strongly advised. See: https://urllib3.readthedocs.io/en/latest/advanced-usage.html#tls-warnings
  warnings.warn(
/home/comparendos/venv/lib/python3.12/site-packages/urllib3/connectionpool.py:1097: InsecureRequestWarning: Unverified HTTPS request is being made to host 'serviciosdigitales.movilidadavanzadabello.com.co'. Adding certificate verification is strongly advised. See: https://urllib3.readthedocs.io/en/latest/advanced-usage.html#tls-warnings
  warnings.warn(
/home/comparendos/venv/lib/python3.12/site-packages/urllib3/connectionpool.py:1097: InsecureRequestWarning: Unverified HTTPS request is being made to host 'serviciosdigitales.movilidadavanzadabello.com.co'. Adding certificate verification is strongly advised. See: https://urllib3.readthedocs.io/en/latest/advanced-usage.html#tls-warnings
  warnings.warn(
/home/comparendos/venv/lib/python3.12/site-packages/urllib3/connectionpool.py:1097: InsecureRequestWarning: Unverified HTTPS request is being made to host 'serviciosdigitales.movilidadavanzadabello.com.co'. Adding certificate verification is strongly advised. See: https://urllib3.readthedocs.io/en/latest/advanced-usage.html#tls-warnings
  warnings.warn(
/home/comparendos/venv/lib/python3.12/site-packages/urllib3/connectionpool.py:1097: InsecureRequestWarning: Unverified HTTPS request is being made to host 'serviciosdigitales.movilidadavanzadabello.com.co'. Adding certificate verification is strongly advised. See: https://urllib3.readthedocs.io/en/latest/advanced-usage.html#tls-warnings
  warnings.warn(
/home/comparendos/venv/lib/python3.12/site-packages/urllib3/connectionpool.py:1097: InsecureRequestWarning: Unverified HTTPS request is being made to host 'serviciosdigitales.movilidadavanzadabello.com.co'. Adding certificate verification is strongly advised. See: https://urllib3.readthedocs.io/en/latest/advanced-usage.html#tls-warnings
  warnings.warn(
/home/comparendos/venv/lib/python3.12/site-packages/urllib3/connectionpool.py:1097: InsecureRequestWarning: Unverified HTTPS request is being made to host 'serviciosdigitales.movilidadavanzadabello.com.co'. Adding certificate verification is strongly advised. See: https://urllib3.readthedocs.io/en/latest/advanced-usage.html#tls-warnings
  warnings.warn(
/home/comparendos/venv/lib/python3.12/site-packages/urllib3/connectionpool.py:1097: InsecureRequestWarning: Unverified HTTPS request is being made to host 'serviciosdigitales.movilidadavanzadabello.com.co'. Adding certificate verification is strongly advised. See: https://urllib3.readthedocs.io/en/latest/advanced-usage.html#tls-warnings
  warnings.warn(
/home/comparendos/venv/lib/python3.12/site-packages/urllib3/connectionpool.py:1097: InsecureRequestWarning: Unverified HTTPS request is being made to host 'serviciosdigitales.movilidadavanzadabello.com.co'. Adding certificate verification is strongly advised. See: https://urllib3.readthedocs.io/en/latest/advanced-usage.html#tls-warnings
  warnings.warn(
/home/comparendos/venv/lib/python3.12/site-packages/urllib3/connectionpool.py:1097: InsecureRequestWarning: Unverified HTTPS request is being made to host 'serviciosdigitales.movilidadavanzadabello.com.co'. Adding certificate verification is strongly advised. See: https://urllib3.readthedocs.io/en/latest/advanced-usage.html#tls-warnings
  warnings.warn(
/home/comparendos/venv/lib/python3.12/site-packages/urllib3/connectionpool.py:1097: InsecureRequestWarning: Unverified HTTPS request is being made to host 'serviciosdigitales.movilidadavanzadabello.com.co'. Adding certificate verification is strongly advised. See: https://urllib3.readthedocs.io/en/latest/advanced-usage.html#tls-warnings
  warnings.warn(
/home/comparendos/venv/lib/python3.12/site-packages/urllib3/connectionpool.py:1097: InsecureRequestWarning: Unverified HTTPS request is being made to host 'serviciosdigitales.movilidadavanzadabello.com.co'. Adding certificate verification is strongly advised. See: https://urllib3.readthedocs.io/en/latest/advanced-usage.html#tls-warnings
  warnings.warn(
/home/comparendos/venv/lib/python3.12/site-packages/urllib3/connectionpool.py:1097: InsecureRequestWarning: Unverified HTTPS request is being made to host 'serviciosdigitales.movilidadavanzadabello.com.co'. Adding certificate verification is strongly advised. See: https://urllib3.readthedocs.io/en/latest/advanced-usage.html#tls-warnings
  warnings.warn(
/home/comparendos/venv/lib/python3.12/site-packages/urllib3/connectionpool.py:1097: InsecureRequestWarning: Unverified HTTPS request is being made to host 'serviciosdigitales.movilidadavanzadabello.com.co'. Adding certificate verification is strongly advised. See: https://urllib3.readthedocs.io/en/latest/advanced-usage.html#tls-warnings
  warnings.warn(
/home/comparendos/venv/lib/python3.12/site-packages/urllib3/connectionpool.py:1097: InsecureRequestWarning: Unverified HTTPS request is being made to host 'serviciosdigitales.movilidadavanzadabello.com.co'. Adding certificate verification is strongly advised. See: https://urllib3.readthedocs.io/en/latest/advanced-usage.html#tls-warnings
  warnings.warn(
/home/comparendos/venv/lib/python3.12/site-packages/urllib3/connectionpool.py:1097: InsecureRequestWarning: Unverified HTTPS request is being made to host 'serviciosdigitales.movilidadavanzadabello.com.co'. Adding certificate verification is strongly advised. See: https://urllib3.readthedocs.io/en/latest/advanced-usage.html#tls-warnings
  warnings.warn(
/home/comparendos/venv/lib/python3.12/site-packages/urllib3/connectionpool.py:1097: InsecureRequestWarning: Unverified HTTPS request is being made to host 'serviciosdigitales.movilidadavanzadabello.com.co'. Adding certificate verification is strongly advised. See: https://urllib3.readthedocs.io/en/latest/advanced-usage.html#tls-warnings
  warnings.warn(
/home/comparendos/venv/lib/python3.12/site-packages/urllib3/connectionpool.py:1097: InsecureRequestWarning: Unverified HTTPS request is being made to host 'serviciosdigitales.movilidadavanzadabello.com.co'. Adding certificate verification is strongly advised. See: https://urllib3.readthedocs.io/en/latest/advanced-usage.html#tls-warnings
  warnings.warn(
/home/comparendos/venv/lib/python3.12/site-packages/urllib3/connectionpool.py:1097: InsecureRequestWarning: Unverified HTTPS request is being made to host 'serviciosdigitales.movilidadavanzadabello.com.co'. Adding certificate verification is strongly advised. See: https://urllib3.readthedocs.io/en/latest/advanced-usage.html#tls-warnings
  warnings.warn(
/home/comparendos/venv/lib/python3.12/site-packages/urllib3/connectionpool.py:1097: InsecureRequestWarning: Unverified HTTPS request is being made to host 'serviciosdigitales.movilidadavanzadabello.com.co'. Adding certificate verification is strongly advised. See: https://urllib3.readthedocs.io/en/latest/advanced-usage.html#tls-warnings
  warnings.warn(
/home/comparendos/venv/lib/python3.12/site-packages/urllib3/connectionpool.py:1097: InsecureRequestWarning: Unverified HTTPS request is being made to host 'serviciosdigitales.movilidadavanzadabello.com.co'. Adding certificate verification is strongly advised. See: https://urllib3.readthedocs.io/en/latest/advanced-usage.html#tls-warnings
  warnings.warn(
/home/comparendos/venv/lib/python3.12/site-packages/urllib3/connectionpool.py:1097: InsecureRequestWarning: Unverified HTTPS request is being made to host 'serviciosdigitales.movilidadavanzadabello.com.co'. Adding certificate verification is strongly advised. See: https://urllib3.readthedocs.io/en/latest/advanced-usage.html#tls-warnings
  warnings.warn(
/home/comparendos/venv/lib/python3.12/site-packages/urllib3/connectionpool.py:1097: InsecureRequestWarning: Unverified HTTPS request is being made to host 'serviciosdigitales.movilidadavanzadabello.com.co'. Adding certificate verification is strongly advised. See: https://urllib3.readthedocs.io/en/latest/advanced-usage.html#tls-warnings
  warnings.warn(
/home/comparendos/venv/lib/python3.12/site-packages/urllib3/connectionpool.py:1097: InsecureRequestWarning: Unverified HTTPS request is being made to host 'serviciosdigitales.movilidadavanzadabello.com.co'. Adding certificate verification is strongly advised. See: https://urllib3.readthedocs.io/en/latest/advanced-usage.html#tls-warnings
  warnings.warn(
/home/comparendos/venv/lib/python3.12/site-packages/urllib3/connectionpool.py:1097: InsecureRequestWarning: Unverified HTTPS request is being made to host 'serviciosdigitales.movilidadavanzadabello.com.co'. Adding certificate verification is strongly advised. See: https://urllib3.readthedocs.io/en/latest/advanced-usage.html#tls-warnings
  warnings.warn(
/home/comparendos/venv/lib/python3.12/site-packages/urllib3/connectionpool.py:1097: InsecureRequestWarning: Unverified HTTPS request is being made to host 'serviciosdigitales.movilidadavanzadabello.com.co'. Adding certificate verification is strongly advised. See: https://urllib3.readthedocs.io/en/latest/advanced-usage.html#tls-warnings
  warnings.warn(
/home/comparendos/venv/lib/python3.12/site-packages/urllib3/connectionpool.py:1097: InsecureRequestWarning: Unverified HTTPS request is being made to host 'serviciosdigitales.movilidadavanzadabello.com.co'. Adding certificate verification is strongly advised. See: https://urllib3.readthedocs.io/en/latest/advanced-usage.html#tls-warnings
  warnings.warn(
/home/comparendos/venv/lib/python3.12/site-packages/urllib3/connectionpool.py:1097: InsecureRequestWarning: Unverified HTTPS request is being made to host 'serviciosdigitales.movilidadavanzadabello.com.co'. Adding certificate verification is strongly advised. See: https://urllib3.readthedocs.io/en/latest/advanced-usage.html#tls-warnings
  warnings.warn(
/home/comparendos/venv/lib/python3.12/site-packages/urllib3/connectionpool.py:1097: InsecureRequestWarning: Unverified HTTPS request is being made to host 'serviciosdigitales.movilidadavanzadabello.com.co'. Adding certificate verification is strongly advised. See: https://urllib3.readthedocs.io/en/latest/advanced-usage.html#tls-warnings
  warnings.warn(
/home/comparendos/venv/lib/python3.12/site-packages/urllib3/connectionpool.py:1097: InsecureRequestWarning: Unverified HTTPS request is being made to host 'serviciosdigitales.movilidadavanzadabello.com.co'. Adding certificate verification is strongly advised. See: https://urllib3.readthedocs.io/en/latest/advanced-usage.html#tls-warnings
  warnings.warn(
/home/comparendos/venv/lib/python3.12/site-packages/urllib3/connectionpool.py:1097: InsecureRequestWarning: Unverified HTTPS request is being made to host 'serviciosdigitales.movilidadavanzadabello.com.co'. Adding certificate verification is strongly advised. See: https://urllib3.readthedocs.io/en/latest/advanced-usage.html#tls-warnings
  warnings.warn(
/home/comparendos/venv/lib/python3.12/site-packages/urllib3/connectionpool.py:1097: InsecureRequestWarning: Unverified HTTPS request is being made to host 'serviciosdigitales.movilidadavanzadabello.com.co'. Adding certificate verification is strongly advised. See: https://urllib3.readthedocs.io/en/latest/advanced-usage.html#tls-warnings
  warnings.warn(
/home/comparendos/venv/lib/python3.12/site-packages/urllib3/connectionpool.py:1097: InsecureRequestWarning: Unverified HTTPS request is being made to host 'serviciosdigitales.movilidadavanzadabello.com.co'. Adding certificate verification is strongly advised. See: https://urllib3.readthedocs.io/en/latest/advanced-usage.html#tls-warnings
  warnings.warn(
/home/comparendos/venv/lib/python3.12/site-packages/urllib3/connectionpool.py:1097: InsecureRequestWarning: Unverified HTTPS request is being made to host 'serviciosdigitales.movilidadavanzadabello.com.co'. Adding certificate verification is strongly advised. See: https://urllib3.readthedocs.io/en/latest/advanced-usage.html#tls-warnings
  warnings.warn(
/home/comparendos/venv/lib/python3.12/site-packages/urllib3/connectionpool.py:1097: InsecureRequestWarning: Unverified HTTPS request is being made to host 'serviciosdigitales.movilidadavanzadabello.com.co'. Adding certificate verification is strongly advised. See: https://urllib3.readthedocs.io/en/latest/advanced-usage.html#tls-warnings
  warnings.warn(
/home/comparendos/venv/lib/python3.12/site-packages/urllib3/connectionpool.py:1097: InsecureRequestWarning: Unverified HTTPS request is being made to host 'serviciosdigitales.movilidadavanzadabello.com.co'. Adding certificate verification is strongly advised. See: https://urllib3.readthedocs.io/en/latest/advanced-usage.html#tls-warnings
  warnings.warn(
/home/comparendos/venv/lib/python3.12/site-packages/urllib3/connectionpool.py:1097: InsecureRequestWarning: Unverified HTTPS request is being made to host 'serviciosdigitales.movilidadavanzadabello.com.co'. Adding certificate verification is strongly advised. See: https://urllib3.readthedocs.io/en/latest/advanced-usage.html#tls-warnings
  warnings.warn(
/home/comparendos/venv/lib/python3.12/site-packages/urllib3/connectionpool.py:1097: InsecureRequestWarning: Unverified HTTPS request is being made to host 'serviciosdigitales.movilidadavanzadabello.com.co'. Adding certificate verification is strongly advised. See: https://urllib3.readthedocs.io/en/latest/advanced-usage.html#tls-warnings
  warnings.warn(
/home/comparendos/venv/lib/python3.12/site-packages/urllib3/connectionpool.py:1097: InsecureRequestWarning: Unverified HTTPS request is being made to host 'serviciosdigitales.movilidadavanzadabello.com.co'. Adding certificate verification is strongly advised. See: https://urllib3.readthedocs.io/en/latest/advanced-usage.html#tls-warnings
  warnings.warn(
/home/comparendos/venv/lib/python3.12/site-packages/urllib3/connectionpool.py:1097: InsecureRequestWarning: Unverified HTTPS request is being made to host 'serviciosdigitales.movilidadavanzadabello.com.co'. Adding certificate verification is strongly advised. See: https://urllib3.readthedocs.io/en/latest/advanced-usage.html#tls-warnings
  warnings.warn(
/home/comparendos/venv/lib/python3.12/site-packages/urllib3/connectionpool.py:1097: InsecureRequestWarning: Unverified HTTPS request is being made to host 'serviciosdigitales.movilidadavanzadabello.com.co'. Adding certificate verification is strongly advised. See: https://urllib3.readthedocs.io/en/latest/advanced-usage.html#tls-warnings
  warnings.warn(
/home/comparendos/venv/lib/python3.12/site-packages/urllib3/connectionpool.py:1097: InsecureRequestWarning: Unverified HTTPS request is being made to host 'serviciosdigitales.movilidadavanzadabello.com.co'. Adding certificate verification is strongly advised. See: https://urllib3.readthedocs.io/en/latest/advanced-usage.html#tls-warnings
  warnings.warn(
/home/comparendos/venv/lib/python3.12/site-packages/urllib3/connectionpool.py:1097: InsecureRequestWarning: Unverified HTTPS request is being made to host 'serviciosdigitales.movilidadavanzadabello.com.co'. Adding certificate verification is strongly advised. See: https://urllib3.readthedocs.io/en/latest/advanced-usage.html#tls-warnings
  warnings.warn(
/home/comparendos/venv/lib/python3.12/site-packages/urllib3/connectionpool.py:1097: InsecureRequestWarning: Unverified HTTPS request is being made to host 'serviciosdigitales.movilidadavanzadabello.com.co'. Adding certificate verification is strongly advised. See: https://urllib3.readthedocs.io/en/latest/advanced-usage.html#tls-warnings
  warnings.warn(
/home/comparendos/venv/lib/python3.12/site-packages/urllib3/connectionpool.py:1097: InsecureRequestWarning: Unverified HTTPS request is being made to host 'serviciosdigitales.movilidadavanzadabello.com.co'. Adding certificate verification is strongly advised. See: https://urllib3.readthedocs.io/en/latest/advanced-usage.html#tls-warnings
  warnings.warn(
/home/comparendos/venv/lib/python3.12/site-packages/urllib3/connectionpool.py:1097: InsecureRequestWarning: Unverified HTTPS request is being made to host 'serviciosdigitales.movilidadavanzadabello.com.co'. Adding certificate verification is strongly advised. See: https://urllib3.readthedocs.io/en/latest/advanced-usage.html#tls-warnings
  warnings.warn(
/home/comparendos/venv/lib/python3.12/site-packages/urllib3/connectionpool.py:1097: InsecureRequestWarning: Unverified HTTPS request is being made to host 'serviciosdigitales.movilidadavanzadabello.com.co'. Adding certificate verification is strongly advised. See: https://urllib3.readthedocs.io/en/latest/advanced-usage.html#tls-warnings
  warnings.warn(
/home/comparendos/venv/lib/python3.12/site-packages/urllib3/connectionpool.py:1097: InsecureRequestWarning: Unverified HTTPS request is being made to host 'serviciosdigitales.movilidadavanzadabello.com.co'. Adding certificate verification is strongly advised. See: https://urllib3.readthedocs.io/en/latest/advanced-usage.html#tls-warnings
  warnings.warn(
/home/comparendos/venv/lib/python3.12/site-packages/urllib3/connectionpool.py:1097: InsecureRequestWarning: Unverified HTTPS request is being made to host 'serviciosdigitales.movilidadavanzadabello.com.co'. Adding certificate verification is strongly advised. See: https://urllib3.readthedocs.io/en/latest/advanced-usage.html#tls-warnings
  warnings.warn(
/home/comparendos/venv/lib/python3.12/site-packages/urllib3/connectionpool.py:1097: InsecureRequestWarning: Unverified HTTPS request is being made to host 'serviciosdigitales.movilidadavanzadabello.com.co'. Adding certificate verification is strongly advised. See: https://urllib3.readthedocs.io/en/latest/advanced-usage.html#tls-warnings
  warnings.warn(
/home/comparendos/venv/lib/python3.12/site-packages/urllib3/connectionpool.py:1097: InsecureRequestWarning: Unverified HTTPS request is being made to host 'serviciosdigitales.movilidadavanzadabello.com.co'. Adding certificate verification is strongly advised. See: https://urllib3.readthedocs.io/en/latest/advanced-usage.html#tls-warnings
  warnings.warn(
/home/comparendos/venv/lib/python3.12/site-packages/urllib3/connectionpool.py:1097: InsecureRequestWarning: Unverified HTTPS request is being made to host 'serviciosdigitales.movilidadavanzadabello.com.co'. Adding certificate verification is strongly advised. See: https://urllib3.readthedocs.io/en/latest/advanced-usage.html#tls-warnings
  warnings.warn(
/home/comparendos/venv/lib/python3.12/site-packages/urllib3/connectionpool.py:1097: InsecureRequestWarning: Unverified HTTPS request is being made to host 'serviciosdigitales.movilidadavanzadabello.com.co'. Adding certificate verification is strongly advised. See: https://urllib3.readthedocs.io/en/latest/advanced-usage.html#tls-warnings
  warnings.warn(
/home/comparendos/venv/lib/python3.12/site-packages/urllib3/connectionpool.py:1097: InsecureRequestWarning: Unverified HTTPS request is being made to host 'serviciosdigitales.movilidadavanzadabello.com.co'. Adding certificate verification is strongly advised. See: https://urllib3.readthedocs.io/en/latest/advanced-usage.html#tls-warnings
  warnings.warn(
/home/comparendos/venv/lib/python3.12/site-packages/urllib3/connectionpool.py:1097: InsecureRequestWarning: Unverified HTTPS request is being made to host 'serviciosdigitales.movilidadavanzadabello.com.co'. Adding certificate verification is strongly advised. See: https://urllib3.readthedocs.io/en/latest/advanced-usage.html#tls-warnings
  warnings.warn(
/home/comparendos/venv/lib/python3.12/site-packages/urllib3/connectionpool.py:1097: InsecureRequestWarning: Unverified HTTPS request is being made to host 'serviciosdigitales.movilidadavanzadabello.com.co'. Adding certificate verification is strongly advised. See: https://urllib3.readthedocs.io/en/latest/advanced-usage.html#tls-warnings
  warnings.warn(
/home/comparendos/venv/lib/python3.12/site-packages/urllib3/connectionpool.py:1097: InsecureRequestWarning: Unverified HTTPS request is being made to host 'serviciosdigitales.movilidadavanzadabello.com.co'. Adding certificate verification is strongly advised. See: https://urllib3.readthedocs.io/en/latest/advanced-usage.html#tls-warnings
  warnings.warn(
/home/comparendos/venv/lib/python3.12/site-packages/urllib3/connectionpool.py:1097: InsecureRequestWarning: Unverified HTTPS request is being made to host 'serviciosdigitales.movilidadavanzadabello.com.co'. Adding certificate verification is strongly advised. See: https://urllib3.readthedocs.io/en/latest/advanced-usage.html#tls-warnings
  warnings.warn(
/home/comparendos/venv/lib/python3.12/site-packages/urllib3/connectionpool.py:1097: InsecureRequestWarning: Unverified HTTPS request is being made to host 'serviciosdigitales.movilidadavanzadabello.com.co'. Adding certificate verification is strongly advised. See: https://urllib3.readthedocs.io/en/latest/advanced-usage.html#tls-warnings
  warnings.warn(
/home/comparendos/venv/lib/python3.12/site-packages/urllib3/connectionpool.py:1097: InsecureRequestWarning: Unverified HTTPS request is being made to host 'serviciosdigitales.movilidadavanzadabello.com.co'. Adding certificate verification is strongly advised. See: https://urllib3.readthedocs.io/en/latest/advanced-usage.html#tls-warnings
  warnings.warn(
/home/comparendos/venv/lib/python3.12/site-packages/urllib3/connectionpool.py:1097: InsecureRequestWarning: Unverified HTTPS request is being made to host 'serviciosdigitales.movilidadavanzadabello.com.co'. Adding certificate verification is strongly advised. See: https://urllib3.readthedocs.io/en/latest/advanced-usage.html#tls-warnings
  warnings.warn(
/home/comparendos/venv/lib/python3.12/site-packages/urllib3/connectionpool.py:1097: InsecureRequestWarning: Unverified HTTPS request is being made to host 'serviciosdigitales.movilidadavanzadabello.com.co'. Adding certificate verification is strongly advised. See: https://urllib3.readthedocs.io/en/latest/advanced-usage.html#tls-warnings
  warnings.warn(
/home/comparendos/venv/lib/python3.12/site-packages/urllib3/connectionpool.py:1097: InsecureRequestWarning: Unverified HTTPS request is being made to host 'serviciosdigitales.movilidadavanzadabello.com.co'. Adding certificate verification is strongly advised. See: https://urllib3.readthedocs.io/en/latest/advanced-usage.html#tls-warnings
  warnings.warn(
/home/comparendos/venv/lib/python3.12/site-packages/urllib3/connectionpool.py:1097: InsecureRequestWarning: Unverified HTTPS request is being made to host 'serviciosdigitales.movilidadavanzadabello.com.co'. Adding certificate verification is strongly advised. See: https://urllib3.readthedocs.io/en/latest/advanced-usage.html#tls-warnings
  warnings.warn(
/home/comparendos/venv/lib/python3.12/site-packages/urllib3/connectionpool.py:1097: InsecureRequestWarning: Unverified HTTPS request is being made to host 'serviciosdigitales.movilidadavanzadabello.com.co'. Adding certificate verification is strongly advised. See: https://urllib3.readthedocs.io/en/latest/advanced-usage.html#tls-warnings
  warnings.warn(
/home/comparendos/venv/lib/python3.12/site-packages/urllib3/connectionpool.py:1097: InsecureRequestWarning: Unverified HTTPS request is being made to host 'serviciosdigitales.movilidadavanzadabello.com.co'. Adding certificate verification is strongly advised. See: https://urllib3.readthedocs.io/en/latest/advanced-usage.html#tls-warnings
  warnings.warn(
/home/comparendos/venv/lib/python3.12/site-packages/urllib3/connectionpool.py:1097: InsecureRequestWarning: Unverified HTTPS request is being made to host 'serviciosdigitales.movilidadavanzadabello.com.co'. Adding certificate verification is strongly advised. See: https://urllib3.readthedocs.io/en/latest/advanced-usage.html#tls-warnings
  warnings.warn(
/home/comparendos/venv/lib/python3.12/site-packages/urllib3/connectionpool.py:1097: InsecureRequestWarning: Unverified HTTPS request is being made to host 'serviciosdigitales.movilidadavanzadabello.com.co'. Adding certificate verification is strongly advised. See: https://urllib3.readthedocs.io/en/latest/advanced-usage.html#tls-warnings
  warnings.warn(
/home/comparendos/venv/lib/python3.12/site-packages/urllib3/connectionpool.py:1097: InsecureRequestWarning: Unverified HTTPS request is being made to host 'serviciosdigitales.movilidadavanzadabello.com.co'. Adding certificate verification is strongly advised. See: https://urllib3.readthedocs.io/en/latest/advanced-usage.html#tls-warnings
  warnings.warn(
/home/comparendos/venv/lib/python3.12/site-packages/urllib3/connectionpool.py:1097: InsecureRequestWarning: Unverified HTTPS request is being made to host 'serviciosdigitales.movilidadavanzadabello.com.co'. Adding certificate verification is strongly advised. See: https://urllib3.readthedocs.io/en/latest/advanced-usage.html#tls-warnings
  warnings.warn(
/home/comparendos/venv/lib/python3.12/site-packages/urllib3/connectionpool.py:1097: InsecureRequestWarning: Unverified HTTPS request is being made to host 'serviciosdigitales.movilidadavanzadabello.com.co'. Adding certificate verification is strongly advised. See: https://urllib3.readthedocs.io/en/latest/advanced-usage.html#tls-warnings
  warnings.warn(
/home/comparendos/venv/lib/python3.12/site-packages/urllib3/connectionpool.py:1097: InsecureRequestWarning: Unverified HTTPS request is being made to host 'serviciosdigitales.movilidadavanzadabello.com.co'. Adding certificate verification is strongly advised. See: https://urllib3.readthedocs.io/en/latest/advanced-usage.html#tls-warnings
  warnings.warn(
/home/comparendos/venv/lib/python3.12/site-packages/urllib3/connectionpool.py:1097: InsecureRequestWarning: Unverified HTTPS request is being made to host 'serviciosdigitales.movilidadavanzadabello.com.co'. Adding certificate verification is strongly advised. See: https://urllib3.readthedocs.io/en/latest/advanced-usage.html#tls-warnings
  warnings.warn(
/home/comparendos/venv/lib/python3.12/site-packages/urllib3/connectionpool.py:1097: InsecureRequestWarning: Unverified HTTPS request is being made to host 'serviciosdigitales.movilidadavanzadabello.com.co'. Adding certificate verification is strongly advised. See: https://urllib3.readthedocs.io/en/latest/advanced-usage.html#tls-warnings
  warnings.warn(
/home/comparendos/venv/lib/python3.12/site-packages/urllib3/connectionpool.py:1097: InsecureRequestWarning: Unverified HTTPS request is being made to host 'serviciosdigitales.movilidadavanzadabello.com.co'. Adding certificate verification is strongly advised. See: https://urllib3.readthedocs.io/en/latest/advanced-usage.html#tls-warnings
  warnings.warn(
/home/comparendos/venv/lib/python3.12/site-packages/urllib3/connectionpool.py:1097: InsecureRequestWarning: Unverified HTTPS request is being made to host 'serviciosdigitales.movilidadavanzadabello.com.co'. Adding certificate verification is strongly advised. See: https://urllib3.readthedocs.io/en/latest/advanced-usage.html#tls-warnings
  warnings.warn(
/home/comparendos/venv/lib/python3.12/site-packages/urllib3/connectionpool.py:1097: InsecureRequestWarning: Unverified HTTPS request is being made to host 'serviciosdigitales.movilidadavanzadabello.com.co'. Adding certificate verification is strongly advised. See: https://urllib3.readthedocs.io/en/latest/advanced-usage.html#tls-warnings
  warnings.warn(
/home/comparendos/venv/lib/python3.12/site-packages/urllib3/connectionpool.py:1097: InsecureRequestWarning: Unverified HTTPS request is being made to host 'serviciosdigitales.movilidadavanzadabello.com.co'. Adding certificate verification is strongly advised. See: https://urllib3.readthedocs.io/en/latest/advanced-usage.html#tls-warnings
  warnings.warn(
/home/comparendos/venv/lib/python3.12/site-packages/urllib3/connectionpool.py:1097: InsecureRequestWarning: Unverified HTTPS request is being made to host 'serviciosdigitales.movilidadavanzadabello.com.co'. Adding certificate verification is strongly advised. See: https://urllib3.readthedocs.io/en/latest/advanced-usage.html#tls-warnings
  warnings.warn(
/home/comparendos/venv/lib/python3.12/site-packages/urllib3/connectionpool.py:1097: InsecureRequestWarning: Unverified HTTPS request is being made to host 'serviciosdigitales.movilidadavanzadabello.com.co'. Adding certificate verification is strongly advised. See: https://urllib3.readthedocs.io/en/latest/advanced-usage.html#tls-warnings
  warnings.warn(
/home/comparendos/venv/lib/python3.12/site-packages/urllib3/connectionpool.py:1097: InsecureRequestWarning: Unverified HTTPS request is being made to host 'serviciosdigitales.movilidadavanzadabello.com.co'. Adding certificate verification is strongly advised. See: https://urllib3.readthedocs.io/en/latest/advanced-usage.html#tls-warnings
  warnings.warn(
/home/comparendos/venv/lib/python3.12/site-packages/urllib3/connectionpool.py:1097: InsecureRequestWarning: Unverified HTTPS request is being made to host 'serviciosdigitales.movilidadavanzadabello.com.co'. Adding certificate verification is strongly advised. See: https://urllib3.readthedocs.io/en/latest/advanced-usage.html#tls-warnings
  warnings.warn(
/home/comparendos/venv/lib/python3.12/site-packages/urllib3/connectionpool.py:1097: InsecureRequestWarning: Unverified HTTPS request is being made to host 'serviciosdigitales.movilidadavanzadabello.com.co'. Adding certificate verification is strongly advised. See: https://urllib3.readthedocs.io/en/latest/advanced-usage.html#tls-warnings
  warnings.warn(
/home/comparendos/venv/lib/python3.12/site-packages/urllib3/connectionpool.py:1097: InsecureRequestWarning: Unverified HTTPS request is being made to host 'serviciosdigitales.movilidadavanzadabello.com.co'. Adding certificate verification is strongly advised. See: https://urllib3.readthedocs.io/en/latest/advanced-usage.html#tls-warnings
  warnings.warn(
/home/comparendos/venv/lib/python3.12/site-packages/urllib3/connectionpool.py:1097: InsecureRequestWarning: Unverified HTTPS request is being made to host 'serviciosdigitales.movilidadavanzadabello.com.co'. Adding certificate verification is strongly advised. See: https://urllib3.readthedocs.io/en/latest/advanced-usage.html#tls-warnings
  warnings.warn(
/home/comparendos/venv/lib/python3.12/site-packages/urllib3/connectionpool.py:1097: InsecureRequestWarning: Unverified HTTPS request is being made to host 'serviciosdigitales.movilidadavanzadabello.com.co'. Adding certificate verification is strongly advised. See: https://urllib3.readthedocs.io/en/latest/advanced-usage.html#tls-warnings
  warnings.warn(
/home/comparendos/venv/lib/python3.12/site-packages/urllib3/connectionpool.py:1097: InsecureRequestWarning: Unverified HTTPS request is being made to host 'serviciosdigitales.movilidadavanzadabello.com.co'. Adding certificate verification is strongly advised. See: https://urllib3.readthedocs.io/en/latest/advanced-usage.html#tls-warnings
  warnings.warn(
/home/comparendos/venv/lib/python3.12/site-packages/urllib3/connectionpool.py:1097: InsecureRequestWarning: Unverified HTTPS request is being made to host 'serviciosdigitales.movilidadavanzadabello.com.co'. Adding certificate verification is strongly advised. See: https://urllib3.readthedocs.io/en/latest/advanced-usage.html#tls-warnings
  warnings.warn(
/home/comparendos/venv/lib/python3.12/site-packages/urllib3/connectionpool.py:1097: InsecureRequestWarning: Unverified HTTPS request is being made to host 'serviciosdigitales.movilidadavanzadabello.com.co'. Adding certificate verification is strongly advised. See: https://urllib3.readthedocs.io/en/latest/advanced-usage.html#tls-warnings
  warnings.warn(
/home/comparendos/venv/lib/python3.12/site-packages/urllib3/connectionpool.py:1097: InsecureRequestWarning: Unverified HTTPS request is being made to host 'serviciosdigitales.movilidadavanzadabello.com.co'. Adding certificate verification is strongly advised. See: https://urllib3.readthedocs.io/en/latest/advanced-usage.html#tls-warnings
  warnings.warn(
/home/comparendos/venv/lib/python3.12/site-packages/urllib3/connectionpool.py:1097: InsecureRequestWarning: Unverified HTTPS request is being made to host 'serviciosdigitales.movilidadavanzadabello.com.co'. Adding certificate verification is strongly advised. See: https://urllib3.readthedocs.io/en/latest/advanced-usage.html#tls-warnings
  warnings.warn(
/home/comparendos/venv/lib/python3.12/site-packages/urllib3/connectionpool.py:1097: InsecureRequestWarning: Unverified HTTPS request is being made to host 'serviciosdigitales.movilidadavanzadabello.com.co'. Adding certificate verification is strongly advised. See: https://urllib3.readthedocs.io/en/latest/advanced-usage.html#tls-warnings
  warnings.warn(
/home/comparendos/venv/lib/python3.12/site-packages/urllib3/connectionpool.py:1097: InsecureRequestWarning: Unverified HTTPS request is being made to host 'serviciosdigitales.movilidadavanzadabello.com.co'. Adding certificate verification is strongly advised. See: https://urllib3.readthedocs.io/en/latest/advanced-usage.html#tls-warnings
  warnings.warn(
/home/comparendos/venv/lib/python3.12/site-packages/urllib3/connectionpool.py:1097: InsecureRequestWarning: Unverified HTTPS request is being made to host 'serviciosdigitales.movilidadavanzadabello.com.co'. Adding certificate verification is strongly advised. See: https://urllib3.readthedocs.io/en/latest/advanced-usage.html#tls-warnings
  warnings.warn(
/home/comparendos/venv/lib/python3.12/site-packages/urllib3/connectionpool.py:1097: InsecureRequestWarning: Unverified HTTPS request is being made to host 'serviciosdigitales.movilidadavanzadabello.com.co'. Adding certificate verification is strongly advised. See: https://urllib3.readthedocs.io/en/latest/advanced-usage.html#tls-warnings
  warnings.warn(
/home/comparendos/venv/lib/python3.12/site-packages/urllib3/connectionpool.py:1097: InsecureRequestWarning: Unverified HTTPS request is being made to host 'serviciosdigitales.movilidadavanzadabello.com.co'. Adding certificate verification is strongly advised. See: https://urllib3.readthedocs.io/en/latest/advanced-usage.html#tls-warnings
  warnings.warn(
/home/comparendos/venv/lib/python3.12/site-packages/urllib3/connectionpool.py:1097: InsecureRequestWarning: Unverified HTTPS request is being made to host 'serviciosdigitales.movilidadavanzadabello.com.co'. Adding certificate verification is strongly advised. See: https://urllib3.readthedocs.io/en/latest/advanced-usage.html#tls-warnings
  warnings.warn(
/home/comparendos/venv/lib/python3.12/site-packages/urllib3/connectionpool.py:1097: InsecureRequestWarning: Unverified HTTPS request is being made to host 'serviciosdigitales.movilidadavanzadabello.com.co'. Adding certificate verification is strongly advised. See: https://urllib3.readthedocs.io/en/latest/advanced-usage.html#tls-warnings
  warnings.warn(
/home/comparendos/venv/lib/python3.12/site-packages/urllib3/connectionpool.py:1097: InsecureRequestWarning: Unverified HTTPS request is being made to host 'serviciosdigitales.movilidadavanzadabello.com.co'. Adding certificate verification is strongly advised. See: https://urllib3.readthedocs.io/en/latest/advanced-usage.html#tls-warnings
  warnings.warn(
/home/comparendos/venv/lib/python3.12/site-packages/urllib3/connectionpool.py:1097: InsecureRequestWarning: Unverified HTTPS request is being made to host 'serviciosdigitales.movilidadavanzadabello.com.co'. Adding certificate verification is strongly advised. See: https://urllib3.readthedocs.io/en/latest/advanced-usage.html#tls-warnings
  warnings.warn(
/home/comparendos/venv/lib/python3.12/site-packages/urllib3/connectionpool.py:1097: InsecureRequestWarning: Unverified HTTPS request is being made to host 'serviciosdigitales.movilidadavanzadabello.com.co'. Adding certificate verification is strongly advised. See: https://urllib3.readthedocs.io/en/latest/advanced-usage.html#tls-warnings
  warnings.warn(
/home/comparendos/venv/lib/python3.12/site-packages/urllib3/connectionpool.py:1097: InsecureRequestWarning: Unverified HTTPS request is being made to host 'serviciosdigitales.movilidadavanzadabello.com.co'. Adding certificate verification is strongly advised. See: https://urllib3.readthedocs.io/en/latest/advanced-usage.html#tls-warnings
  warnings.warn(
/home/comparendos/venv/lib/python3.12/site-packages/urllib3/connectionpool.py:1097: InsecureRequestWarning: Unverified HTTPS request is being made to host 'serviciosdigitales.movilidadavanzadabello.com.co'. Adding certificate verification is strongly advised. See: https://urllib3.readthedocs.io/en/latest/advanced-usage.html#tls-warnings
  warnings.warn(
/home/comparendos/venv/lib/python3.12/site-packages/urllib3/connectionpool.py:1097: InsecureRequestWarning: Unverified HTTPS request is being made to host 'serviciosdigitales.movilidadavanzadabello.com.co'. Adding certificate verification is strongly advised. See: https://urllib3.readthedocs.io/en/latest/advanced-usage.html#tls-warnings
  warnings.warn(
/home/comparendos/venv/lib/python3.12/site-packages/urllib3/connectionpool.py:1097: InsecureRequestWarning: Unverified HTTPS request is being made to host 'serviciosdigitales.movilidadavanzadabello.com.co'. Adding certificate verification is strongly advised. See: https://urllib3.readthedocs.io/en/latest/advanced-usage.html#tls-warnings
  warnings.warn(
/home/comparendos/venv/lib/python3.12/site-packages/urllib3/connectionpool.py:1097: InsecureRequestWarning: Unverified HTTPS request is being made to host 'serviciosdigitales.movilidadavanzadabello.com.co'. Adding certificate verification is strongly advised. See: https://urllib3.readthedocs.io/en/latest/advanced-usage.html#tls-warnings
  warnings.warn(
/home/comparendos/venv/lib/python3.12/site-packages/urllib3/connectionpool.py:1097: InsecureRequestWarning: Unverified HTTPS request is being made to host 'serviciosdigitales.movilidadavanzadabello.com.co'. Adding certificate verification is strongly advised. See: https://urllib3.readthedocs.io/en/latest/advanced-usage.html#tls-warnings
  warnings.warn(
/home/comparendos/venv/lib/python3.12/site-packages/urllib3/connectionpool.py:1097: InsecureRequestWarning: Unverified HTTPS request is being made to host 'serviciosdigitales.movilidadavanzadabello.com.co'. Adding certificate verification is strongly advised. See: https://urllib3.readthedocs.io/en/latest/advanced-usage.html#tls-warnings
  warnings.warn(
/home/comparendos/venv/lib/python3.12/site-packages/urllib3/connectionpool.py:1097: InsecureRequestWarning: Unverified HTTPS request is being made to host 'serviciosdigitales.movilidadavanzadabello.com.co'. Adding certificate verification is strongly advised. See: https://urllib3.readthedocs.io/en/latest/advanced-usage.html#tls-warnings
  warnings.warn(
/home/comparendos/venv/lib/python3.12/site-packages/urllib3/connectionpool.py:1097: InsecureRequestWarning: Unverified HTTPS request is being made to host 'serviciosdigitales.movilidadavanzadabello.com.co'. Adding certificate verification is strongly advised. See: https://urllib3.readthedocs.io/en/latest/advanced-usage.html#tls-warnings
  warnings.warn(
/home/comparendos/venv/lib/python3.12/site-packages/urllib3/connectionpool.py:1097: InsecureRequestWarning: Unverified HTTPS request is being made to host 'serviciosdigitales.movilidadavanzadabello.com.co'. Adding certificate verification is strongly advised. See: https://urllib3.readthedocs.io/en/latest/advanced-usage.html#tls-warnings
  warnings.warn(
/home/comparendos/venv/lib/python3.12/site-packages/urllib3/connectionpool.py:1097: InsecureRequestWarning: Unverified HTTPS request is being made to host 'serviciosdigitales.movilidadavanzadabello.com.co'. Adding certificate verification is strongly advised. See: https://urllib3.readthedocs.io/en/latest/advanced-usage.html#tls-warnings
  warnings.warn(
/home/comparendos/venv/lib/python3.12/site-packages/urllib3/connectionpool.py:1097: InsecureRequestWarning: Unverified HTTPS request is being made to host 'serviciosdigitales.movilidadavanzadabello.com.co'. Adding certificate verification is strongly advised. See: https://urllib3.readthedocs.io/en/latest/advanced-usage.html#tls-warnings
  warnings.warn(
/home/comparendos/venv/lib/python3.12/site-packages/urllib3/connectionpool.py:1097: InsecureRequestWarning: Unverified HTTPS request is being made to host 'serviciosdigitales.movilidadavanzadabello.com.co'. Adding certificate verification is strongly advised. See: https://urllib3.readthedocs.io/en/latest/advanced-usage.html#tls-warnings
  warnings.warn(
/home/comparendos/venv/lib/python3.12/site-packages/urllib3/connectionpool.py:1097: InsecureRequestWarning: Unverified HTTPS request is being made to host 'serviciosdigitales.movilidadavanzadabello.com.co'. Adding certificate verification is strongly advised. See: https://urllib3.readthedocs.io/en/latest/advanced-usage.html#tls-warnings
  warnings.warn(
/home/comparendos/venv/lib/python3.12/site-packages/urllib3/connectionpool.py:1097: InsecureRequestWarning: Unverified HTTPS request is being made to host 'serviciosdigitales.movilidadavanzadabello.com.co'. Adding certificate verification is strongly advised. See: https://urllib3.readthedocs.io/en/latest/advanced-usage.html#tls-warnings
  warnings.warn(
/home/comparendos/venv/lib/python3.12/site-packages/urllib3/connectionpool.py:1097: InsecureRequestWarning: Unverified HTTPS request is being made to host 'serviciosdigitales.movilidadavanzadabello.com.co'. Adding certificate verification is strongly advised. See: https://urllib3.readthedocs.io/en/latest/advanced-usage.html#tls-warnings
  warnings.warn(
/home/comparendos/venv/lib/python3.12/site-packages/urllib3/connectionpool.py:1097: InsecureRequestWarning: Unverified HTTPS request is being made to host 'serviciosdigitales.movilidadavanzadabello.com.co'. Adding certificate verification is strongly advised. See: https://urllib3.readthedocs.io/en/latest/advanced-usage.html#tls-warnings
  warnings.warn(
/home/comparendos/venv/lib/python3.12/site-packages/urllib3/connectionpool.py:1097: InsecureRequestWarning: Unverified HTTPS request is being made to host 'serviciosdigitales.movilidadavanzadabello.com.co'. Adding certificate verification is strongly advised. See: https://urllib3.readthedocs.io/en/latest/advanced-usage.html#tls-warnings
  warnings.warn(
/home/comparendos/venv/lib/python3.12/site-packages/urllib3/connectionpool.py:1097: InsecureRequestWarning: Unverified HTTPS request is being made to host 'serviciosdigitales.movilidadavanzadabello.com.co'. Adding certificate verification is strongly advised. See: https://urllib3.readthedocs.io/en/latest/advanced-usage.html#tls-warnings
  warnings.warn(
/home/comparendos/venv/lib/python3.12/site-packages/urllib3/connectionpool.py:1097: InsecureRequestWarning: Unverified HTTPS request is being made to host 'serviciosdigitales.movilidadavanzadabello.com.co'. Adding certificate verification is strongly advised. See: https://urllib3.readthedocs.io/en/latest/advanced-usage.html#tls-warnings
  warnings.warn(
/home/comparendos/venv/lib/python3.12/site-packages/urllib3/connectionpool.py:1097: InsecureRequestWarning: Unverified HTTPS request is being made to host 'serviciosdigitales.movilidadavanzadabello.com.co'. Adding certificate verification is strongly advised. See: https://urllib3.readthedocs.io/en/latest/advanced-usage.html#tls-warnings
  warnings.warn(
/home/comparendos/venv/lib/python3.12/site-packages/urllib3/connectionpool.py:1097: InsecureRequestWarning: Unverified HTTPS request is being made to host 'serviciosdigitales.movilidadavanzadabello.com.co'. Adding certificate verification is strongly advised. See: https://urllib3.readthedocs.io/en/latest/advanced-usage.html#tls-warnings
  warnings.warn(
/home/comparendos/venv/lib/python3.12/site-packages/urllib3/connectionpool.py:1097: InsecureRequestWarning: Unverified HTTPS request is being made to host 'serviciosdigitales.movilidadavanzadabello.com.co'. Adding certificate verification is strongly advised. See: https://urllib3.readthedocs.io/en/latest/advanced-usage.html#tls-warnings
  warnings.warn(
/home/comparendos/venv/lib/python3.12/site-packages/urllib3/connectionpool.py:1097: InsecureRequestWarning: Unverified HTTPS request is being made to host 'serviciosdigitales.movilidadavanzadabello.com.co'. Adding certificate verification is strongly advised. See: https://urllib3.readthedocs.io/en/latest/advanced-usage.html#tls-warnings
  warnings.warn(
/home/comparendos/venv/lib/python3.12/site-packages/urllib3/connectionpool.py:1097: InsecureRequestWarning: Unverified HTTPS request is being made to host 'serviciosdigitales.movilidadavanzadabello.com.co'. Adding certificate verification is strongly advised. See: https://urllib3.readthedocs.io/en/latest/advanced-usage.html#tls-warnings
  warnings.warn(
/home/comparendos/venv/lib/python3.12/site-packages/urllib3/connectionpool.py:1097: InsecureRequestWarning: Unverified HTTPS request is being made to host 'serviciosdigitales.movilidadavanzadabello.com.co'. Adding certificate verification is strongly advised. See: https://urllib3.readthedocs.io/en/latest/advanced-usage.html#tls-warnings
  warnings.warn(
/home/comparendos/venv/lib/python3.12/site-packages/urllib3/connectionpool.py:1097: InsecureRequestWarning: Unverified HTTPS request is being made to host 'serviciosdigitales.movilidadavanzadabello.com.co'. Adding certificate verification is strongly advised. See: https://urllib3.readthedocs.io/en/latest/advanced-usage.html#tls-warnings
  warnings.warn(
/home/comparendos/venv/lib/python3.12/site-packages/urllib3/connectionpool.py:1097: InsecureRequestWarning: Unverified HTTPS request is being made to host 'serviciosdigitales.movilidadavanzadabello.com.co'. Adding certificate verification is strongly advised. See: https://urllib3.readthedocs.io/en/latest/advanced-usage.html#tls-warnings
  warnings.warn(
/home/comparendos/venv/lib/python3.12/site-packages/urllib3/connectionpool.py:1097: InsecureRequestWarning: Unverified HTTPS request is being made to host 'serviciosdigitales.movilidadavanzadabello.com.co'. Adding certificate verification is strongly advised. See: https://urllib3.readthedocs.io/en/latest/advanced-usage.html#tls-warnings
  warnings.warn(
/home/comparendos/venv/lib/python3.12/site-packages/urllib3/connectionpool.py:1097: InsecureRequestWarning: Unverified HTTPS request is being made to host 'serviciosdigitales.movilidadavanzadabello.com.co'. Adding certificate verification is strongly advised. See: https://urllib3.readthedocs.io/en/latest/advanced-usage.html#tls-warnings
  warnings.warn(
/home/comparendos/venv/lib/python3.12/site-packages/urllib3/connectionpool.py:1097: InsecureRequestWarning: Unverified HTTPS request is being made to host 'serviciosdigitales.movilidadavanzadabello.com.co'. Adding certificate verification is strongly advised. See: https://urllib3.readthedocs.io/en/latest/advanced-usage.html#tls-warnings
  warnings.warn(
/home/comparendos/venv/lib/python3.12/site-packages/urllib3/connectionpool.py:1097: InsecureRequestWarning: Unverified HTTPS request is being made to host 'serviciosdigitales.movilidadavanzadabello.com.co'. Adding certificate verification is strongly advised. See: https://urllib3.readthedocs.io/en/latest/advanced-usage.html#tls-warnings
  warnings.warn(
/home/comparendos/venv/lib/python3.12/site-packages/urllib3/connectionpool.py:1097: InsecureRequestWarning: Unverified HTTPS request is being made to host 'serviciosdigitales.movilidadavanzadabello.com.co'. Adding certificate verification is strongly advised. See: https://urllib3.readthedocs.io/en/latest/advanced-usage.html#tls-warnings
  warnings.warn(
/home/comparendos/venv/lib/python3.12/site-packages/urllib3/connectionpool.py:1097: InsecureRequestWarning: Unverified HTTPS request is being made to host 'serviciosdigitales.movilidadavanzadabello.com.co'. Adding certificate verification is strongly advised. See: https://urllib3.readthedocs.io/en/latest/advanced-usage.html#tls-warnings
  warnings.warn(
/home/comparendos/venv/lib/python3.12/site-packages/urllib3/connectionpool.py:1097: InsecureRequestWarning: Unverified HTTPS request is being made to host 'serviciosdigitales.movilidadavanzadabello.com.co'. Adding certificate verification is strongly advised. See: https://urllib3.readthedocs.io/en/latest/advanced-usage.html#tls-warnings
  warnings.warn(
/home/comparendos/venv/lib/python3.12/site-packages/urllib3/connectionpool.py:1097: InsecureRequestWarning: Unverified HTTPS request is being made to host 'serviciosdigitales.movilidadavanzadabello.com.co'. Adding certificate verification is strongly advised. See: https://urllib3.readthedocs.io/en/latest/advanced-usage.html#tls-warnings
  warnings.warn(
/home/comparendos/venv/lib/python3.12/site-packages/urllib3/connectionpool.py:1097: InsecureRequestWarning: Unverified HTTPS request is being made to host 'serviciosdigitales.movilidadavanzadabello.com.co'. Adding certificate verification is strongly advised. See: https://urllib3.readthedocs.io/en/latest/advanced-usage.html#tls-warnings
  warnings.warn(
/home/comparendos/venv/lib/python3.12/site-packages/urllib3/connectionpool.py:1097: InsecureRequestWarning: Unverified HTTPS request is being made to host 'serviciosdigitales.movilidadavanzadabello.com.co'. Adding certificate verification is strongly advised. See: https://urllib3.readthedocs.io/en/latest/advanced-usage.html#tls-warnings
  warnings.warn(
/home/comparendos/venv/lib/python3.12/site-packages/urllib3/connectionpool.py:1097: InsecureRequestWarning: Unverified HTTPS request is being made to host 'serviciosdigitales.movilidadavanzadabello.com.co'. Adding certificate verification is strongly advised. See: https://urllib3.readthedocs.io/en/latest/advanced-usage.html#tls-warnings
  warnings.warn(
/home/comparendos/venv/lib/python3.12/site-packages/urllib3/connectionpool.py:1097: InsecureRequestWarning: Unverified HTTPS request is being made to host 'serviciosdigitales.movilidadavanzadabello.com.co'. Adding certificate verification is strongly advised. See: https://urllib3.readthedocs.io/en/latest/advanced-usage.html#tls-warnings
  warnings.warn(
/home/comparendos/venv/lib/python3.12/site-packages/urllib3/connectionpool.py:1097: InsecureRequestWarning: Unverified HTTPS request is being made to host 'serviciosdigitales.movilidadavanzadabello.com.co'. Adding certificate verification is strongly advised. See: https://urllib3.readthedocs.io/en/latest/advanced-usage.html#tls-warnings
  warnings.warn(
/home/comparendos/venv/lib/python3.12/site-packages/urllib3/connectionpool.py:1097: InsecureRequestWarning: Unverified HTTPS request is being made to host 'serviciosdigitales.movilidadavanzadabello.com.co'. Adding certificate verification is strongly advised. See: https://urllib3.readthedocs.io/en/latest/advanced-usage.html#tls-warnings
  warnings.warn(
/home/comparendos/venv/lib/python3.12/site-packages/urllib3/connectionpool.py:1097: InsecureRequestWarning: Unverified HTTPS request is being made to host 'serviciosdigitales.movilidadavanzadabello.com.co'. Adding certificate verification is strongly advised. See: https://urllib3.readthedocs.io/en/latest/advanced-usage.html#tls-warnings
  warnings.warn(
/home/comparendos/venv/lib/python3.12/site-packages/urllib3/connectionpool.py:1097: InsecureRequestWarning: Unverified HTTPS request is being made to host 'serviciosdigitales.movilidadavanzadabello.com.co'. Adding certificate verification is strongly advised. See: https://urllib3.readthedocs.io/en/latest/advanced-usage.html#tls-warnings
  warnings.warn(
/home/comparendos/venv/lib/python3.12/site-packages/urllib3/connectionpool.py:1097: InsecureRequestWarning: Unverified HTTPS request is being made to host 'serviciosdigitales.movilidadavanzadabello.com.co'. Adding certificate verification is strongly advised. See: https://urllib3.readthedocs.io/en/latest/advanced-usage.html#tls-warnings
  warnings.warn(
/home/comparendos/venv/lib/python3.12/site-packages/urllib3/connectionpool.py:1097: InsecureRequestWarning: Unverified HTTPS request is being made to host 'serviciosdigitales.movilidadavanzadabello.com.co'. Adding certificate verification is strongly advised. See: https://urllib3.readthedocs.io/en/latest/advanced-usage.html#tls-warnings
  warnings.warn(
/home/comparendos/venv/lib/python3.12/site-packages/urllib3/connectionpool.py:1097: InsecureRequestWarning: Unverified HTTPS request is being made to host 'serviciosdigitales.movilidadavanzadabello.com.co'. Adding certificate verification is strongly advised. See: https://urllib3.readthedocs.io/en/latest/advanced-usage.html#tls-warnings
  warnings.warn(
/home/comparendos/venv/lib/python3.12/site-packages/urllib3/connectionpool.py:1097: InsecureRequestWarning: Unverified HTTPS request is being made to host 'serviciosdigitales.movilidadavanzadabello.com.co'. Adding certificate verification is strongly advised. See: https://urllib3.readthedocs.io/en/latest/advanced-usage.html#tls-warnings
  warnings.warn(
/home/comparendos/venv/lib/python3.12/site-packages/urllib3/connectionpool.py:1097: InsecureRequestWarning: Unverified HTTPS request is being made to host 'serviciosdigitales.movilidadavanzadabello.com.co'. Adding certificate verification is strongly advised. See: https://urllib3.readthedocs.io/en/latest/advanced-usage.html#tls-warnings
  warnings.warn(
/home/comparendos/venv/lib/python3.12/site-packages/urllib3/connectionpool.py:1097: InsecureRequestWarning: Unverified HTTPS request is being made to host 'serviciosdigitales.movilidadavanzadabello.com.co'. Adding certificate verification is strongly advised. See: https://urllib3.readthedocs.io/en/latest/advanced-usage.html#tls-warnings
  warnings.warn(
/home/comparendos/venv/lib/python3.12/site-packages/urllib3/connectionpool.py:1097: InsecureRequestWarning: Unverified HTTPS request is being made to host 'serviciosdigitales.movilidadavanzadabello.com.co'. Adding certificate verification is strongly advised. See: https://urllib3.readthedocs.io/en/latest/advanced-usage.html#tls-warnings
  warnings.warn(
/home/comparendos/venv/lib/python3.12/site-packages/urllib3/connectionpool.py:1097: InsecureRequestWarning: Unverified HTTPS request is being made to host 'serviciosdigitales.movilidadavanzadabello.com.co'. Adding certificate verification is strongly advised. See: https://urllib3.readthedocs.io/en/latest/advanced-usage.html#tls-warnings
  warnings.warn(
/home/comparendos/venv/lib/python3.12/site-packages/urllib3/connectionpool.py:1097: InsecureRequestWarning: Unverified HTTPS request is being made to host 'serviciosdigitales.movilidadavanzadabello.com.co'. Adding certificate verification is strongly advised. See: https://urllib3.readthedocs.io/en/latest/advanced-usage.html#tls-warnings
  warnings.warn(
/home/comparendos/venv/lib/python3.12/site-packages/urllib3/connectionpool.py:1097: InsecureRequestWarning: Unverified HTTPS request is being made to host 'serviciosdigitales.movilidadavanzadabello.com.co'. Adding certificate verification is strongly advised. See: https://urllib3.readthedocs.io/en/latest/advanced-usage.html#tls-warnings
  warnings.warn(
/home/comparendos/venv/lib/python3.12/site-packages/urllib3/connectionpool.py:1097: InsecureRequestWarning: Unverified HTTPS request is being made to host 'serviciosdigitales.movilidadavanzadabello.com.co'. Adding certificate verification is strongly advised. See: https://urllib3.readthedocs.io/en/latest/advanced-usage.html#tls-warnings
  warnings.warn(
/home/comparendos/venv/lib/python3.12/site-packages/urllib3/connectionpool.py:1097: InsecureRequestWarning: Unverified HTTPS request is being made to host 'serviciosdigitales.movilidadavanzadabello.com.co'. Adding certificate verification is strongly advised. See: https://urllib3.readthedocs.io/en/latest/advanced-usage.html#tls-warnings
  warnings.warn(
/home/comparendos/venv/lib/python3.12/site-packages/urllib3/connectionpool.py:1097: InsecureRequestWarning: Unverified HTTPS request is being made to host 'serviciosdigitales.movilidadavanzadabello.com.co'. Adding certificate verification is strongly advised. See: https://urllib3.readthedocs.io/en/latest/advanced-usage.html#tls-warnings
  warnings.warn(
/home/comparendos/venv/lib/python3.12/site-packages/urllib3/connectionpool.py:1097: InsecureRequestWarning: Unverified HTTPS request is being made to host 'serviciosdigitales.movilidadavanzadabello.com.co'. Adding certificate verification is strongly advised. See: https://urllib3.readthedocs.io/en/latest/advanced-usage.html#tls-warnings
  warnings.warn(
/home/comparendos/venv/lib/python3.12/site-packages/urllib3/connectionpool.py:1097: InsecureRequestWarning: Unverified HTTPS request is being made to host 'serviciosdigitales.movilidadavanzadabello.com.co'. Adding certificate verification is strongly advised. See: https://urllib3.readthedocs.io/en/latest/advanced-usage.html#tls-warnings
  warnings.warn(
/home/comparendos/venv/lib/python3.12/site-packages/urllib3/connectionpool.py:1097: InsecureRequestWarning: Unverified HTTPS request is being made to host 'serviciosdigitales.movilidadavanzadabello.com.co'. Adding certificate verification is strongly advised. See: https://urllib3.readthedocs.io/en/latest/advanced-usage.html#tls-warnings
  warnings.warn(
/home/comparendos/venv/lib/python3.12/site-packages/urllib3/connectionpool.py:1097: InsecureRequestWarning: Unverified HTTPS request is being made to host 'serviciosdigitales.movilidadavanzadabello.com.co'. Adding certificate verification is strongly advised. See: https://urllib3.readthedocs.io/en/latest/advanced-usage.html#tls-warnings
  warnings.warn(
/home/comparendos/venv/lib/python3.12/site-packages/urllib3/connectionpool.py:1097: InsecureRequestWarning: Unverified HTTPS request is being made to host 'serviciosdigitales.movilidadavanzadabello.com.co'. Adding certificate verification is strongly advised. See: https://urllib3.readthedocs.io/en/latest/advanced-usage.html#tls-warnings
  warnings.warn(
/home/comparendos/venv/lib/python3.12/site-packages/urllib3/connectionpool.py:1097: InsecureRequestWarning: Unverified HTTPS request is being made to host 'serviciosdigitales.movilidadavanzadabello.com.co'. Adding certificate verification is strongly advised. See: https://urllib3.readthedocs.io/en/latest/advanced-usage.html#tls-warnings
  warnings.warn(
/home/comparendos/venv/lib/python3.12/site-packages/urllib3/connectionpool.py:1097: InsecureRequestWarning: Unverified HTTPS request is being made to host 'serviciosdigitales.movilidadavanzadabello.com.co'. Adding certificate verification is strongly advised. See: https://urllib3.readthedocs.io/en/latest/advanced-usage.html#tls-warnings
  warnings.warn(
/home/comparendos/venv/lib/python3.12/site-packages/urllib3/connectionpool.py:1097: InsecureRequestWarning: Unverified HTTPS request is being made to host 'serviciosdigitales.movilidadavanzadabello.com.co'. Adding certificate verification is strongly advised. See: https://urllib3.readthedocs.io/en/latest/advanced-usage.html#tls-warnings
  warnings.warn(
/home/comparendos/venv/lib/python3.12/site-packages/urllib3/connectionpool.py:1097: InsecureRequestWarning: Unverified HTTPS request is being made to host 'serviciosdigitales.movilidadavanzadabello.com.co'. Adding certificate verification is strongly advised. See: https://urllib3.readthedocs.io/en/latest/advanced-usage.html#tls-warnings
  warnings.warn(
/home/comparendos/venv/lib/python3.12/site-packages/urllib3/connectionpool.py:1097: InsecureRequestWarning: Unverified HTTPS request is being made to host 'serviciosdigitales.movilidadavanzadabello.com.co'. Adding certificate verification is strongly advised. See: https://urllib3.readthedocs.io/en/latest/advanced-usage.html#tls-warnings
  warnings.warn(
/home/comparendos/venv/lib/python3.12/site-packages/urllib3/connectionpool.py:1097: InsecureRequestWarning: Unverified HTTPS request is being made to host 'serviciosdigitales.movilidadavanzadabello.com.co'. Adding certificate verification is strongly advised. See: https://urllib3.readthedocs.io/en/latest/advanced-usage.html#tls-warnings
  warnings.warn(
/home/comparendos/venv/lib/python3.12/site-packages/urllib3/connectionpool.py:1097: InsecureRequestWarning: Unverified HTTPS request is being made to host 'serviciosdigitales.movilidadavanzadabello.com.co'. Adding certificate verification is strongly advised. See: https://urllib3.readthedocs.io/en/latest/advanced-usage.html#tls-warnings
  warnings.warn(
/home/comparendos/venv/lib/python3.12/site-packages/urllib3/connectionpool.py:1097: InsecureRequestWarning: Unverified HTTPS request is being made to host 'serviciosdigitales.movilidadavanzadabello.com.co'. Adding certificate verification is strongly advised. See: https://urllib3.readthedocs.io/en/latest/advanced-usage.html#tls-warnings
  warnings.warn(
/home/comparendos/venv/lib/python3.12/site-packages/urllib3/connectionpool.py:1097: InsecureRequestWarning: Unverified HTTPS request is being made to host 'serviciosdigitales.movilidadavanzadabello.com.co'. Adding certificate verification is strongly advised. See: https://urllib3.readthedocs.io/en/latest/advanced-usage.html#tls-warnings
  warnings.warn(
/home/comparendos/venv/lib/python3.12/site-packages/urllib3/connectionpool.py:1097: InsecureRequestWarning: Unverified HTTPS request is being made to host 'serviciosdigitales.movilidadavanzadabello.com.co'. Adding certificate verification is strongly advised. See: https://urllib3.readthedocs.io/en/latest/advanced-usage.html#tls-warnings
  warnings.warn(
/home/comparendos/venv/lib/python3.12/site-packages/urllib3/connectionpool.py:1097: InsecureRequestWarning: Unverified HTTPS request is being made to host 'serviciosdigitales.movilidadavanzadabello.com.co'. Adding certificate verification is strongly advised. See: https://urllib3.readthedocs.io/en/latest/advanced-usage.html#tls-warnings
  warnings.warn(
/home/comparendos/venv/lib/python3.12/site-packages/urllib3/connectionpool.py:1097: InsecureRequestWarning: Unverified HTTPS request is being made to host 'serviciosdigitales.movilidadavanzadabello.com.co'. Adding certificate verification is strongly advised. See: https://urllib3.readthedocs.io/en/latest/advanced-usage.html#tls-warnings
  warnings.warn(
/home/comparendos/venv/lib/python3.12/site-packages/urllib3/connectionpool.py:1097: InsecureRequestWarning: Unverified HTTPS request is being made to host 'serviciosdigitales.movilidadavanzadabello.com.co'. Adding certificate verification is strongly advised. See: https://urllib3.readthedocs.io/en/latest/advanced-usage.html#tls-warnings
  warnings.warn(
/home/comparendos/venv/lib/python3.12/site-packages/urllib3/connectionpool.py:1097: InsecureRequestWarning: Unverified HTTPS request is being made to host 'serviciosdigitales.movilidadavanzadabello.com.co'. Adding certificate verification is strongly advised. See: https://urllib3.readthedocs.io/en/latest/advanced-usage.html#tls-warnings
  warnings.warn(
/home/comparendos/venv/lib/python3.12/site-packages/urllib3/connectionpool.py:1097: InsecureRequestWarning: Unverified HTTPS request is being made to host 'serviciosdigitales.movilidadavanzadabello.com.co'. Adding certificate verification is strongly advised. See: https://urllib3.readthedocs.io/en/latest/advanced-usage.html#tls-warnings
  warnings.warn(
/home/comparendos/venv/lib/python3.12/site-packages/urllib3/connectionpool.py:1097: InsecureRequestWarning: Unverified HTTPS request is being made to host 'serviciosdigitales.movilidadavanzadabello.com.co'. Adding certificate verification is strongly advised. See: https://urllib3.readthedocs.io/en/latest/advanced-usage.html#tls-warnings
  warnings.warn(
/home/comparendos/venv/lib/python3.12/site-packages/urllib3/connectionpool.py:1097: InsecureRequestWarning: Unverified HTTPS request is being made to host 'serviciosdigitales.movilidadavanzadabello.com.co'. Adding certificate verification is strongly advised. See: https://urllib3.readthedocs.io/en/latest/advanced-usage.html#tls-warnings
  warnings.warn(
/home/comparendos/venv/lib/python3.12/site-packages/urllib3/connectionpool.py:1097: InsecureRequestWarning: Unverified HTTPS request is being made to host 'serviciosdigitales.movilidadavanzadabello.com.co'. Adding certificate verification is strongly advised. See: https://urllib3.readthedocs.io/en/latest/advanced-usage.html#tls-warnings
  warnings.warn(
/home/comparendos/venv/lib/python3.12/site-packages/urllib3/connectionpool.py:1097: InsecureRequestWarning: Unverified HTTPS request is being made to host 'serviciosdigitales.movilidadavanzadabello.com.co'. Adding certificate verification is strongly advised. See: https://urllib3.readthedocs.io/en/latest/advanced-usage.html#tls-warnings
  warnings.warn(
/home/comparendos/venv/lib/python3.12/site-packages/urllib3/connectionpool.py:1097: InsecureRequestWarning: Unverified HTTPS request is being made to host 'serviciosdigitales.movilidadavanzadabello.com.co'. Adding certificate verification is strongly advised. See: https://urllib3.readthedocs.io/en/latest/advanced-usage.html#tls-warnings
  warnings.warn(
/home/comparendos/venv/lib/python3.12/site-packages/urllib3/connectionpool.py:1097: InsecureRequestWarning: Unverified HTTPS request is being made to host 'serviciosdigitales.movilidadavanzadabello.com.co'. Adding certificate verification is strongly advised. See: https://urllib3.readthedocs.io/en/latest/advanced-usage.html#tls-warnings
  warnings.warn(
/home/comparendos/venv/lib/python3.12/site-packages/urllib3/connectionpool.py:1097: InsecureRequestWarning: Unverified HTTPS request is being made to host 'serviciosdigitales.movilidadavanzadabello.com.co'. Adding certificate verification is strongly advised. See: https://urllib3.readthedocs.io/en/latest/advanced-usage.html#tls-warnings
  warnings.warn(
/home/comparendos/venv/lib/python3.12/site-packages/urllib3/connectionpool.py:1097: InsecureRequestWarning: Unverified HTTPS request is being made to host 'serviciosdigitales.movilidadavanzadabello.com.co'. Adding certificate verification is strongly advised. See: https://urllib3.readthedocs.io/en/latest/advanced-usage.html#tls-warnings
  warnings.warn(
/home/comparendos/venv/lib/python3.12/site-packages/urllib3/connectionpool.py:1097: InsecureRequestWarning: Unverified HTTPS request is being made to host 'serviciosdigitales.movilidadavanzadabello.com.co'. Adding certificate verification is strongly advised. See: https://urllib3.readthedocs.io/en/latest/advanced-usage.html#tls-warnings
  warnings.warn(
/home/comparendos/venv/lib/python3.12/site-packages/urllib3/connectionpool.py:1097: InsecureRequestWarning: Unverified HTTPS request is being made to host 'serviciosdigitales.movilidadavanzadabello.com.co'. Adding certificate verification is strongly advised. See: https://urllib3.readthedocs.io/en/latest/advanced-usage.html#tls-warnings
  warnings.warn(
/home/comparendos/venv/lib/python3.12/site-packages/urllib3/connectionpool.py:1097: InsecureRequestWarning: Unverified HTTPS request is being made to host 'serviciosdigitales.movilidadavanzadabello.com.co'. Adding certificate verification is strongly advised. See: https://urllib3.readthedocs.io/en/latest/advanced-usage.html#tls-warnings
  warnings.warn(
/home/comparendos/venv/lib/python3.12/site-packages/urllib3/connectionpool.py:1097: InsecureRequestWarning: Unverified HTTPS request is being made to host 'serviciosdigitales.movilidadavanzadabello.com.co'. Adding certificate verification is strongly advised. See: https://urllib3.readthedocs.io/en/latest/advanced-usage.html#tls-warnings
  warnings.warn(
/home/comparendos/venv/lib/python3.12/site-packages/urllib3/connectionpool.py:1097: InsecureRequestWarning: Unverified HTTPS request is being made to host 'serviciosdigitales.movilidadavanzadabello.com.co'. Adding certificate verification is strongly advised. See: https://urllib3.readthedocs.io/en/latest/advanced-usage.html#tls-warnings
  warnings.warn(
/home/comparendos/venv/lib/python3.12/site-packages/urllib3/connectionpool.py:1097: InsecureRequestWarning: Unverified HTTPS request is being made to host 'serviciosdigitales.movilidadavanzadabello.com.co'. Adding certificate verification is strongly advised. See: https://urllib3.readthedocs.io/en/latest/advanced-usage.html#tls-warnings
  warnings.warn(
/home/comparendos/venv/lib/python3.12/site-packages/urllib3/connectionpool.py:1097: InsecureRequestWarning: Unverified HTTPS request is being made to host 'serviciosdigitales.movilidadavanzadabello.com.co'. Adding certificate verification is strongly advised. See: https://urllib3.readthedocs.io/en/latest/advanced-usage.html#tls-warnings
  warnings.warn(
/home/comparendos/venv/lib/python3.12/site-packages/urllib3/connectionpool.py:1097: InsecureRequestWarning: Unverified HTTPS request is being made to host 'serviciosdigitales.movilidadavanzadabello.com.co'. Adding certificate verification is strongly advised. See: https://urllib3.readthedocs.io/en/latest/advanced-usage.html#tls-warnings
  warnings.warn(
/home/comparendos/venv/lib/python3.12/site-packages/urllib3/connectionpool.py:1097: InsecureRequestWarning: Unverified HTTPS request is being made to host 'serviciosdigitales.movilidadavanzadabello.com.co'. Adding certificate verification is strongly advised. See: https://urllib3.readthedocs.io/en/latest/advanced-usage.html#tls-warnings
  warnings.warn(
/home/comparendos/venv/lib/python3.12/site-packages/urllib3/connectionpool.py:1097: InsecureRequestWarning: Unverified HTTPS request is being made to host 'serviciosdigitales.movilidadavanzadabello.com.co'. Adding certificate verification is strongly advised. See: https://urllib3.readthedocs.io/en/latest/advanced-usage.html#tls-warnings
  warnings.warn(
/home/comparendos/venv/lib/python3.12/site-packages/urllib3/connectionpool.py:1097: InsecureRequestWarning: Unverified HTTPS request is being made to host 'serviciosdigitales.movilidadavanzadabello.com.co'. Adding certificate verification is strongly advised. See: https://urllib3.readthedocs.io/en/latest/advanced-usage.html#tls-warnings
  warnings.warn(
/home/comparendos/venv/lib/python3.12/site-packages/urllib3/connectionpool.py:1097: InsecureRequestWarning: Unverified HTTPS request is being made to host 'serviciosdigitales.movilidadavanzadabello.com.co'. Adding certificate verification is strongly advised. See: https://urllib3.readthedocs.io/en/latest/advanced-usage.html#tls-warnings
  warnings.warn(
/home/comparendos/venv/lib/python3.12/site-packages/urllib3/connectionpool.py:1097: InsecureRequestWarning: Unverified HTTPS request is being made to host 'serviciosdigitales.movilidadavanzadabello.com.co'. Adding certificate verification is strongly advised. See: https://urllib3.readthedocs.io/en/latest/advanced-usage.html#tls-warnings
  warnings.warn(
/home/comparendos/venv/lib/python3.12/site-packages/urllib3/connectionpool.py:1097: InsecureRequestWarning: Unverified HTTPS request is being made to host 'serviciosdigitales.movilidadavanzadabello.com.co'. Adding certificate verification is strongly advised. See: https://urllib3.readthedocs.io/en/latest/advanced-usage.html#tls-warnings
  warnings.warn(
/home/comparendos/venv/lib/python3.12/site-packages/urllib3/connectionpool.py:1097: InsecureRequestWarning: Unverified HTTPS request is being made to host 'serviciosdigitales.movilidadavanzadabello.com.co'. Adding certificate verification is strongly advised. See: https://urllib3.readthedocs.io/en/latest/advanced-usage.html#tls-warnings
  warnings.warn(
/home/comparendos/venv/lib/python3.12/site-packages/urllib3/connectionpool.py:1097: InsecureRequestWarning: Unverified HTTPS request is being made to host 'serviciosdigitales.movilidadavanzadabello.com.co'. Adding certificate verification is strongly advised. See: https://urllib3.readthedocs.io/en/latest/advanced-usage.html#tls-warnings
  warnings.warn(
/home/comparendos/venv/lib/python3.12/site-packages/urllib3/connectionpool.py:1097: InsecureRequestWarning: Unverified HTTPS request is being made to host 'serviciosdigitales.movilidadavanzadabello.com.co'. Adding certificate verification is strongly advised. See: https://urllib3.readthedocs.io/en/latest/advanced-usage.html#tls-warnings
  warnings.warn(
/home/comparendos/venv/lib/python3.12/site-packages/urllib3/connectionpool.py:1097: InsecureRequestWarning: Unverified HTTPS request is being made to host 'serviciosdigitales.movilidadavanzadabello.com.co'. Adding certificate verification is strongly advised. See: https://urllib3.readthedocs.io/en/latest/advanced-usage.html#tls-warnings
  warnings.warn(
/home/comparendos/venv/lib/python3.12/site-packages/urllib3/connectionpool.py:1097: InsecureRequestWarning: Unverified HTTPS request is being made to host 'serviciosdigitales.movilidadavanzadabello.com.co'. Adding certificate verification is strongly advised. See: https://urllib3.readthedocs.io/en/latest/advanced-usage.html#tls-warnings
  warnings.warn(
/home/comparendos/venv/lib/python3.12/site-packages/urllib3/connectionpool.py:1097: InsecureRequestWarning: Unverified HTTPS request is being made to host 'serviciosdigitales.movilidadavanzadabello.com.co'. Adding certificate verification is strongly advised. See: https://urllib3.readthedocs.io/en/latest/advanced-usage.html#tls-warnings
  warnings.warn(
/home/comparendos/venv/lib/python3.12/site-packages/urllib3/connectionpool.py:1097: InsecureRequestWarning: Unverified HTTPS request is being made to host 'serviciosdigitales.movilidadavanzadabello.com.co'. Adding certificate verification is strongly advised. See: https://urllib3.readthedocs.io/en/latest/advanced-usage.html#tls-warnings
  warnings.warn(
/home/comparendos/venv/lib/python3.12/site-packages/urllib3/connectionpool.py:1097: InsecureRequestWarning: Unverified HTTPS request is being made to host 'serviciosdigitales.movilidadavanzadabello.com.co'. Adding certificate verification is strongly advised. See: https://urllib3.readthedocs.io/en/latest/advanced-usage.html#tls-warnings
  warnings.warn(
/home/comparendos/venv/lib/python3.12/site-packages/urllib3/connectionpool.py:1097: InsecureRequestWarning: Unverified HTTPS request is being made to host 'serviciosdigitales.movilidadavanzadabello.com.co'. Adding certificate verification is strongly advised. See: https://urllib3.readthedocs.io/en/latest/advanced-usage.html#tls-warnings
  warnings.warn(
/home/comparendos/venv/lib/python3.12/site-packages/urllib3/connectionpool.py:1097: InsecureRequestWarning: Unverified HTTPS request is being made to host 'serviciosdigitales.movilidadavanzadabello.com.co'. Adding certificate verification is strongly advised. See: https://urllib3.readthedocs.io/en/latest/advanced-usage.html#tls-warnings
  warnings.warn(
/home/comparendos/venv/lib/python3.12/site-packages/urllib3/connectionpool.py:1097: InsecureRequestWarning: Unverified HTTPS request is being made to host 'serviciosdigitales.movilidadavanzadabello.com.co'. Adding certificate verification is strongly advised. See: https://urllib3.readthedocs.io/en/latest/advanced-usage.html#tls-warnings
  warnings.warn(
/home/comparendos/venv/lib/python3.12/site-packages/urllib3/connectionpool.py:1097: InsecureRequestWarning: Unverified HTTPS request is being made to host 'serviciosdigitales.movilidadavanzadabello.com.co'. Adding certificate verification is strongly advised. See: https://urllib3.readthedocs.io/en/latest/advanced-usage.html#tls-warnings
  warnings.warn(
/home/comparendos/venv/lib/python3.12/site-packages/urllib3/connectionpool.py:1097: InsecureRequestWarning: Unverified HTTPS request is being made to host 'serviciosdigitales.movilidadavanzadabello.com.co'. Adding certificate verification is strongly advised. See: https://urllib3.readthedocs.io/en/latest/advanced-usage.html#tls-warnings
  warnings.warn(
/home/comparendos/venv/lib/python3.12/site-packages/urllib3/connectionpool.py:1097: InsecureRequestWarning: Unverified HTTPS request is being made to host 'serviciosdigitales.movilidadavanzadabello.com.co'. Adding certificate verification is strongly advised. See: https://urllib3.readthedocs.io/en/latest/advanced-usage.html#tls-warnings
  warnings.warn(
/home/comparendos/venv/lib/python3.12/site-packages/urllib3/connectionpool.py:1097: InsecureRequestWarning: Unverified HTTPS request is being made to host 'serviciosdigitales.movilidadavanzadabello.com.co'. Adding certificate verification is strongly advised. See: https://urllib3.readthedocs.io/en/latest/advanced-usage.html#tls-warnings
  warnings.warn(
/home/comparendos/venv/lib/python3.12/site-packages/urllib3/connectionpool.py:1097: InsecureRequestWarning: Unverified HTTPS request is being made to host 'serviciosdigitales.movilidadavanzadabello.com.co'. Adding certificate verification is strongly advised. See: https://urllib3.readthedocs.io/en/latest/advanced-usage.html#tls-warnings
  warnings.warn(
/home/comparendos/venv/lib/python3.12/site-packages/urllib3/connectionpool.py:1097: InsecureRequestWarning: Unverified HTTPS request is being made to host 'serviciosdigitales.movilidadavanzadabello.com.co'. Adding certificate verification is strongly advised. See: https://urllib3.readthedocs.io/en/latest/advanced-usage.html#tls-warnings
  warnings.warn(
/home/comparendos/venv/lib/python3.12/site-packages/urllib3/connectionpool.py:1097: InsecureRequestWarning: Unverified HTTPS request is being made to host 'serviciosdigitales.movilidadavanzadabello.com.co'. Adding certificate verification is strongly advised. See: https://urllib3.readthedocs.io/en/latest/advanced-usage.html#tls-warnings
  warnings.warn(
/home/comparendos/venv/lib/python3.12/site-packages/urllib3/connectionpool.py:1097: InsecureRequestWarning: Unverified HTTPS request is being made to host 'serviciosdigitales.movilidadavanzadabello.com.co'. Adding certificate verification is strongly advised. See: https://urllib3.readthedocs.io/en/latest/advanced-usage.html#tls-warnings
  warnings.warn(
/home/comparendos/venv/lib/python3.12/site-packages/urllib3/connectionpool.py:1097: InsecureRequestWarning: Unverified HTTPS request is being made to host 'serviciosdigitales.movilidadavanzadabello.com.co'. Adding certificate verification is strongly advised. See: https://urllib3.readthedocs.io/en/latest/advanced-usage.html#tls-warnings
  warnings.warn(
/home/comparendos/venv/lib/python3.12/site-packages/urllib3/connectionpool.py:1097: InsecureRequestWarning: Unverified HTTPS request is being made to host 'serviciosdigitales.movilidadavanzadabello.com.co'. Adding certificate verification is strongly advised. See: https://urllib3.readthedocs.io/en/latest/advanced-usage.html#tls-warnings
  warnings.warn(
/home/comparendos/venv/lib/python3.12/site-packages/urllib3/connectionpool.py:1097: InsecureRequestWarning: Unverified HTTPS request is being made to host 'serviciosdigitales.movilidadavanzadabello.com.co'. Adding certificate verification is strongly advised. See: https://urllib3.readthedocs.io/en/latest/advanced-usage.html#tls-warnings
  warnings.warn(
/home/comparendos/venv/lib/python3.12/site-packages/urllib3/connectionpool.py:1097: InsecureRequestWarning: Unverified HTTPS request is being made to host 'serviciosdigitales.movilidadavanzadabello.com.co'. Adding certificate verification is strongly advised. See: https://urllib3.readthedocs.io/en/latest/advanced-usage.html#tls-warnings
  warnings.warn(
/home/comparendos/venv/lib/python3.12/site-packages/urllib3/connectionpool.py:1097: InsecureRequestWarning: Unverified HTTPS request is being made to host 'serviciosdigitales.movilidadavanzadabello.com.co'. Adding certificate verification is strongly advised. See: https://urllib3.readthedocs.io/en/latest/advanced-usage.html#tls-warnings
  warnings.warn(
/home/comparendos/venv/lib/python3.12/site-packages/urllib3/connectionpool.py:1097: InsecureRequestWarning: Unverified HTTPS request is being made to host 'serviciosdigitales.movilidadavanzadabello.com.co'. Adding certificate verification is strongly advised. See: https://urllib3.readthedocs.io/en/latest/advanced-usage.html#tls-warnings
  warnings.warn(
/home/comparendos/venv/lib/python3.12/site-packages/urllib3/connectionpool.py:1097: InsecureRequestWarning: Unverified HTTPS request is being made to host 'serviciosdigitales.movilidadavanzadabello.com.co'. Adding certificate verification is strongly advised. See: https://urllib3.readthedocs.io/en/latest/advanced-usage.html#tls-warnings
  warnings.warn(
/home/comparendos/venv/lib/python3.12/site-packages/urllib3/connectionpool.py:1097: InsecureRequestWarning: Unverified HTTPS request is being made to host 'serviciosdigitales.movilidadavanzadabello.com.co'. Adding certificate verification is strongly advised. See: https://urllib3.readthedocs.io/en/latest/advanced-usage.html#tls-warnings
  warnings.warn(
/home/comparendos/venv/lib/python3.12/site-packages/urllib3/connectionpool.py:1097: InsecureRequestWarning: Unverified HTTPS request is being made to host 'serviciosdigitales.movilidadavanzadabello.com.co'. Adding certificate verification is strongly advised. See: https://urllib3.readthedocs.io/en/latest/advanced-usage.html#tls-warnings
  warnings.warn(
/home/comparendos/venv/lib/python3.12/site-packages/urllib3/connectionpool.py:1097: InsecureRequestWarning: Unverified HTTPS request is being made to host 'serviciosdigitales.movilidadavanzadabello.com.co'. Adding certificate verification is strongly advised. See: https://urllib3.readthedocs.io/en/latest/advanced-usage.html#tls-warnings
  warnings.warn(
/home/comparendos/venv/lib/python3.12/site-packages/urllib3/connectionpool.py:1097: InsecureRequestWarning: Unverified HTTPS request is being made to host 'serviciosdigitales.movilidadavanzadabello.com.co'. Adding certificate verification is strongly advised. See: https://urllib3.readthedocs.io/en/latest/advanced-usage.html#tls-warnings
  warnings.warn(
/home/comparendos/venv/lib/python3.12/site-packages/urllib3/connectionpool.py:1097: InsecureRequestWarning: Unverified HTTPS request is being made to host 'serviciosdigitales.movilidadavanzadabello.com.co'. Adding certificate verification is strongly advised. See: https://urllib3.readthedocs.io/en/latest/advanced-usage.html#tls-warnings
  warnings.warn(
/home/comparendos/venv/lib/python3.12/site-packages/urllib3/connectionpool.py:1097: InsecureRequestWarning: Unverified HTTPS request is being made to host 'serviciosdigitales.movilidadavanzadabello.com.co'. Adding certificate verification is strongly advised. See: https://urllib3.readthedocs.io/en/latest/advanced-usage.html#tls-warnings
  warnings.warn(
/home/comparendos/venv/lib/python3.12/site-packages/urllib3/connectionpool.py:1097: InsecureRequestWarning: Unverified HTTPS request is being made to host 'serviciosdigitales.movilidadavanzadabello.com.co'. Adding certificate verification is strongly advised. See: https://urllib3.readthedocs.io/en/latest/advanced-usage.html#tls-warnings
  warnings.warn(
/home/comparendos/venv/lib/python3.12/site-packages/urllib3/connectionpool.py:1097: InsecureRequestWarning: Unverified HTTPS request is being made to host 'serviciosdigitales.movilidadavanzadabello.com.co'. Adding certificate verification is strongly advised. See: https://urllib3.readthedocs.io/en/latest/advanced-usage.html#tls-warnings
  warnings.warn(
/home/comparendos/venv/lib/python3.12/site-packages/urllib3/connectionpool.py:1097: InsecureRequestWarning: Unverified HTTPS request is being made to host 'serviciosdigitales.movilidadavanzadabello.com.co'. Adding certificate verification is strongly advised. See: https://urllib3.readthedocs.io/en/latest/advanced-usage.html#tls-warnings
  warnings.warn(
/home/comparendos/venv/lib/python3.12/site-packages/urllib3/connectionpool.py:1097: InsecureRequestWarning: Unverified HTTPS request is being made to host 'serviciosdigitales.movilidadavanzadabello.com.co'. Adding certificate verification is strongly advised. See: https://urllib3.readthedocs.io/en/latest/advanced-usage.html#tls-warnings
  warnings.warn(
/home/comparendos/venv/lib/python3.12/site-packages/urllib3/connectionpool.py:1097: InsecureRequestWarning: Unverified HTTPS request is being made to host 'serviciosdigitales.movilidadavanzadabello.com.co'. Adding certificate verification is strongly advised. See: https://urllib3.readthedocs.io/en/latest/advanced-usage.html#tls-warnings
  warnings.warn(
/home/comparendos/venv/lib/python3.12/site-packages/urllib3/connectionpool.py:1097: InsecureRequestWarning: Unverified HTTPS request is being made to host 'serviciosdigitales.movilidadavanzadabello.com.co'. Adding certificate verification is strongly advised. See: https://urllib3.readthedocs.io/en/latest/advanced-usage.html#tls-warnings
  warnings.warn(
/home/comparendos/venv/lib/python3.12/site-packages/urllib3/connectionpool.py:1097: InsecureRequestWarning: Unverified HTTPS request is being made to host 'serviciosdigitales.movilidadavanzadabello.com.co'. Adding certificate verification is strongly advised. See: https://urllib3.readthedocs.io/en/latest/advanced-usage.html#tls-warnings
  warnings.warn(
/home/comparendos/venv/lib/python3.12/site-packages/urllib3/connectionpool.py:1097: InsecureRequestWarning: Unverified HTTPS request is being made to host 'serviciosdigitales.movilidadavanzadabello.com.co'. Adding certificate verification is strongly advised. See: https://urllib3.readthedocs.io/en/latest/advanced-usage.html#tls-warnings
  warnings.warn(
/home/comparendos/venv/lib/python3.12/site-packages/urllib3/connectionpool.py:1097: InsecureRequestWarning: Unverified HTTPS request is being made to host 'serviciosdigitales.movilidadavanzadabello.com.co'. Adding certificate verification is strongly advised. See: https://urllib3.readthedocs.io/en/latest/advanced-usage.html#tls-warnings
  warnings.warn(
/home/comparendos/venv/lib/python3.12/site-packages/urllib3/connectionpool.py:1097: InsecureRequestWarning: Unverified HTTPS request is being made to host 'serviciosdigitales.movilidadavanzadabello.com.co'. Adding certificate verification is strongly advised. See: https://urllib3.readthedocs.io/en/latest/advanced-usage.html#tls-warnings
  warnings.warn(
/home/comparendos/venv/lib/python3.12/site-packages/urllib3/connectionpool.py:1097: InsecureRequestWarning: Unverified HTTPS request is being made to host 'serviciosdigitales.movilidadavanzadabello.com.co'. Adding certificate verification is strongly advised. See: https://urllib3.readthedocs.io/en/latest/advanced-usage.html#tls-warnings
  warnings.warn(
/home/comparendos/venv/lib/python3.12/site-packages/urllib3/connectionpool.py:1097: InsecureRequestWarning: Unverified HTTPS request is being made to host 'serviciosdigitales.movilidadavanzadabello.com.co'. Adding certificate verification is strongly advised. See: https://urllib3.readthedocs.io/en/latest/advanced-usage.html#tls-warnings
  warnings.warn(
/home/comparendos/venv/lib/python3.12/site-packages/urllib3/connectionpool.py:1097: InsecureRequestWarning: Unverified HTTPS request is being made to host 'serviciosdigitales.movilidadavanzadabello.com.co'. Adding certificate verification is strongly advised. See: https://urllib3.readthedocs.io/en/latest/advanced-usage.html#tls-warnings
  warnings.warn(
/home/comparendos/venv/lib/python3.12/site-packages/urllib3/connectionpool.py:1097: InsecureRequestWarning: Unverified HTTPS request is being made to host 'serviciosdigitales.movilidadavanzadabello.com.co'. Adding certificate verification is strongly advised. See: https://urllib3.readthedocs.io/en/latest/advanced-usage.html#tls-warnings
  warnings.warn(
/home/comparendos/venv/lib/python3.12/site-packages/urllib3/connectionpool.py:1097: InsecureRequestWarning: Unverified HTTPS request is being made to host 'serviciosdigitales.movilidadavanzadabello.com.co'. Adding certificate verification is strongly advised. See: https://urllib3.readthedocs.io/en/latest/advanced-usage.html#tls-warnings
  warnings.warn(
/home/comparendos/venv/lib/python3.12/site-packages/urllib3/connectionpool.py:1097: InsecureRequestWarning: Unverified HTTPS request is being made to host 'serviciosdigitales.movilidadavanzadabello.com.co'. Adding certificate verification is strongly advised. See: https://urllib3.readthedocs.io/en/latest/advanced-usage.html#tls-warnings
  warnings.warn(
/home/comparendos/venv/lib/python3.12/site-packages/urllib3/connectionpool.py:1097: InsecureRequestWarning: Unverified HTTPS request is being made to host 'serviciosdigitales.movilidadavanzadabello.com.co'. Adding certificate verification is strongly advised. See: https://urllib3.readthedocs.io/en/latest/advanced-usage.html#tls-warnings
  warnings.warn(
/home/comparendos/venv/lib/python3.12/site-packages/urllib3/connectionpool.py:1097: InsecureRequestWarning: Unverified HTTPS request is being made to host 'serviciosdigitales.movilidadavanzadabello.com.co'. Adding certificate verification is strongly advised. See: https://urllib3.readthedocs.io/en/latest/advanced-usage.html#tls-warnings
  warnings.warn(
/home/comparendos/venv/lib/python3.12/site-packages/urllib3/connectionpool.py:1097: InsecureRequestWarning: Unverified HTTPS request is being made to host 'serviciosdigitales.movilidadavanzadabello.com.co'. Adding certificate verification is strongly advised. See: https://urllib3.readthedocs.io/en/latest/advanced-usage.html#tls-warnings
  warnings.warn(
/home/comparendos/venv/lib/python3.12/site-packages/urllib3/connectionpool.py:1097: InsecureRequestWarning: Unverified HTTPS request is being made to host 'serviciosdigitales.movilidadavanzadabello.com.co'. Adding certificate verification is strongly advised. See: https://urllib3.readthedocs.io/en/latest/advanced-usage.html#tls-warnings
  warnings.warn(
/home/comparendos/venv/lib/python3.12/site-packages/urllib3/connectionpool.py:1097: InsecureRequestWarning: Unverified HTTPS request is being made to host 'serviciosdigitales.movilidadavanzadabello.com.co'. Adding certificate verification is strongly advised. See: https://urllib3.readthedocs.io/en/latest/advanced-usage.html#tls-warnings
  warnings.warn(
/home/comparendos/venv/lib/python3.12/site-packages/urllib3/connectionpool.py:1097: InsecureRequestWarning: Unverified HTTPS request is being made to host 'serviciosdigitales.movilidadavanzadabello.com.co'. Adding certificate verification is strongly advised. See: https://urllib3.readthedocs.io/en/latest/advanced-usage.html#tls-warnings
  warnings.warn(
/home/comparendos/venv/lib/python3.12/site-packages/urllib3/connectionpool.py:1097: InsecureRequestWarning: Unverified HTTPS request is being made to host 'serviciosdigitales.movilidadavanzadabello.com.co'. Adding certificate verification is strongly advised. See: https://urllib3.readthedocs.io/en/latest/advanced-usage.html#tls-warnings
  warnings.warn(
/home/comparendos/venv/lib/python3.12/site-packages/urllib3/connectionpool.py:1097: InsecureRequestWarning: Unverified HTTPS request is being made to host 'serviciosdigitales.movilidadavanzadabello.com.co'. Adding certificate verification is strongly advised. See: https://urllib3.readthedocs.io/en/latest/advanced-usage.html#tls-warnings
  warnings.warn(
/home/comparendos/venv/lib/python3.12/site-packages/urllib3/connectionpool.py:1097: InsecureRequestWarning: Unverified HTTPS request is being made to host 'serviciosdigitales.movilidadavanzadabello.com.co'. Adding certificate verification is strongly advised. See: https://urllib3.readthedocs.io/en/latest/advanced-usage.html#tls-warnings
  warnings.warn(
/home/comparendos/venv/lib/python3.12/site-packages/urllib3/connectionpool.py:1097: InsecureRequestWarning: Unverified HTTPS request is being made to host 'serviciosdigitales.movilidadavanzadabello.com.co'. Adding certificate verification is strongly advised. See: https://urllib3.readthedocs.io/en/latest/advanced-usage.html#tls-warnings
  warnings.warn(
/home/comparendos/venv/lib/python3.12/site-packages/urllib3/connectionpool.py:1097: InsecureRequestWarning: Unverified HTTPS request is being made to host 'serviciosdigitales.movilidadavanzadabello.com.co'. Adding certificate verification is strongly advised. See: https://urllib3.readthedocs.io/en/latest/advanced-usage.html#tls-warnings
  warnings.warn(
/home/comparendos/venv/lib/python3.12/site-packages/urllib3/connectionpool.py:1097: InsecureRequestWarning: Unverified HTTPS request is being made to host 'serviciosdigitales.movilidadavanzadabello.com.co'. Adding certificate verification is strongly advised. See: https://urllib3.readthedocs.io/en/latest/advanced-usage.html#tls-warnings
  warnings.warn(
/home/comparendos/venv/lib/python3.12/site-packages/urllib3/connectionpool.py:1097: InsecureRequestWarning: Unverified HTTPS request is being made to host 'serviciosdigitales.movilidadavanzadabello.com.co'. Adding certificate verification is strongly advised. See: https://urllib3.readthedocs.io/en/latest/advanced-usage.html#tls-warnings
  warnings.warn(

Error en ITAGUI: 'NoneType' object has no attribute 'json'
Error en consulta_info_home_public para ITAGUI: HTTPSConnectionPool(host='movilidad.transitoitagui.gov.co', port=443): Read timed out. (read timeout=30)
Error en ITAGUI: 'NoneType' object has no attribute 'json'
Error en consulta_info_home_public para ITAGUI: HTTPSConnectionPool(host='movilidad.transitoitagui.gov.co', port=443): Read timed out. (read timeout=30)
Error en ITAGUI: 'NoneType' object has no attribute 'json'
Error en consulta_info_home_public para ITAGUI: HTTPSConnectionPool(host='movilidad.transitoitagui.gov.co', port=443): Read timed out. (read timeout=30)
Error en ITAGUI: 'NoneType' object has no attribute 'json'
Error en consulta_info_home_public para ITAGUI: HTTPSConnectionPool(host='movilidad.transitoitagui.gov.co', port=443): Read timed out. (read timeout=30)
Error en ITAGUI: 'NoneType' object has no attribute 'json'
Error en consulta_info_home_public para ITAGUI: HTTPSConnectionPool(host='movilidad.transitoitagui.gov.co', port=443): Read timed out. (read timeout=30)
Error en ITAGUI: 'NoneType' object has no attribute 'json'
Error en consulta_info_home_public para ITAGUI: HTTPSConnectionPool(host='movilidad.transitoitagui.gov.co', port=443): Read timed out. (read timeout=30)
Error en ITAGUI: 'NoneType' object has no attribute 'json'
Error en consulta_info_home_public para ITAGUI: HTTPSConnectionPool(host='movilidad.transitoitagui.gov.co', port=443): Read timed out. (read timeout=30)
Error en ITAGUI: 'NoneType' object has no attribute 'json'
Error en consulta_info_home_public para ITAGUI: HTTPSConnectionPool(host='movilidad.transitoitagui.gov.co', port=443): Read timed out. (read timeout=30)
Error en ITAGUI: 'NoneType' object has no attribute 'json'
Error en consulta_info_home_public para ITAGUI: HTTPSConnectionPool(host='movilidad.transitoitagui.gov.co', port=443): Read timed out. (read timeout=30)
Error en ITAGUI: 'NoneType' object has no attribute 'json'
Error en consulta_info_home_public para ITAGUI: HTTPSConnectionPool(host='movilidad.transitoitagui.gov.co', port=443): Read timed out. (read timeout=30)
Error en ITAGUI: 'NoneType' object has no attribute 'json'
El comparendo ya fue notificado previamente Documento: 1037593725 Comparendo: D05360000000054177623
El comparendo ya fue notificado previamente Documento: 1037593725 Comparendo: D05001000000054517801
El comparendo ya fue notificado previamente Documento: 70580141 Comparendo: D05001000000051440439
El comparendo ya fue notificado previamente Documento: 70580141 Comparendo: D05001000000051414523
El comparendo ya fue notificado previamente Documento: 70580141 Comparendo: D05001000000054537043
El comparendo ya fue notificado previamente Documento: 70580141 Comparendo: D05001000000051389912
El comparendo ya fue notificado previamente Documento: 70580141 Comparendo: 05001000000054571624
El comparendo ya fue notificado previamente Documento: 1037608258 Comparendo: D05001000000054396567
Error en consulta_info_home_public para ITAGUI: HTTPSConnectionPool(host='movilidad.transitoitagui.gov.co', port=443): Read timed out. (read timeout=30)
Error en ITAGUI: 'NoneType' object has no attribute 'json'
Error en consulta_info_home_public para ITAGUI: HTTPSConnectionPool(host='movilidad.transitoitagui.gov.co', port=443): Read timed out. (read timeout=30)
Error en ITAGUI: 'NoneType' object has no attribute 'json'
Error en consulta_info_home_public para ITAGUI: HTTPSConnectionPool(host='movilidad.transitoitagui.gov.co', port=443): Read timed out. (read timeout=30)
Error en ITAGUI: 'NoneType' object has no attribute 'json'
Error en consulta_info_home_public para ITAGUI: HTTPSConnectionPool(host='movilidad.transitoitagui.gov.co', port=443): Read timed out. (read timeout=30)
Error en ITAGUI: 'NoneType' object has no attribute 'json'
Error en consulta_info_home_public para ITAGUI: HTTPSConnectionPool(host='movilidad.transitoitagui.gov.co', port=443): Read timed out. (read timeout=30)
Error en ITAGUI: 'NoneType' object has no attribute 'json'
El comparendo ya fue notificado previamente Documento: 94063063 Comparendo: D05360000000056622231
El comparendo ya fue notificado previamente Documento: 94063063 Comparendo: D05001000000054674447
Error en consulta_info_home_public para MEDELLIN: ('Connection aborted.', RemoteDisconnected('Remote end closed connection without response'))
Error en MEDELLIN: 'NoneType' object has no attribute 'json'
El comparendo ya fue notificado previamente Documento: 1036657589 Comparendo: D05631000000054009906
El comparendo ya fue notificado previamente Documento: 98772951 Comparendo: D05001000000054531759
El comparendo ya fue notificado previamente Documento: 43142135 Comparendo: D05088000000055468743
El comparendo ya fue notificado previamente Documento: 1128416695 Comparendo: D05001000000051498854
El comparendo ya fue notificado previamente Documento: 1110540085 Comparendo: D05360000000054176877
El comparendo ya fue notificado previamente Documento: 1110540085 Comparendo: 05001000000051610878
El comparendo ya fue notificado previamente Documento: 1127573675 Comparendo: D05360000000056619459
El comparendo ya fue notificado previamente Documento: 1127573675 Comparendo: D05001000000051287246
El comparendo ya fue notificado previamente Documento: 1127573675 Comparendo: D05001000000054688135
El comparendo ya fue notificado previamente Documento: 1127573675 Comparendo: D05001000000054277619
El comparendo ya fue notificado previamente Documento: 1127573675 Comparendo: D05001000000054546590
El comparendo ya fue notificado previamente Documento: 1127573675 Comparendo: D05631000000055815791
El comparendo ya fue notificado previamente Documento: 1127573675 Comparendo: D05615000000053031628
El comparendo ya fue notificado previamente Documento: 1127573675 Comparendo: D05615000000053051677
El comparendo ya fue notificado previamente Documento: 1041147317 Comparendo: 05001000000054578439
El comparendo ya fue notificado previamente Documento: 43826062 Comparendo: D05001000000054282675
El comparendo ya fue notificado previamente Documento: 43826062 Comparendo: D05001000000054351335
El comparendo ya fue notificado previamente Documento: 1152463175 Comparendo: 05001000000051633950
El comparendo ya fue notificado previamente Documento: 1152463175 Comparendo: D05001000000054438387
El comparendo ya fue notificado previamente Documento: 43589895 Comparendo: D05001000000054401165
[2026-07-17 13:00:06] Enviando 1 templates para el bloque (process_template_id: CNYQTyNMUIYN)
Payload para el envío CNYQTyNMUIYN:
{
  "users": [
    {
      "phone": "+573001333306",
      "parameters": [
        {
          "order": 0,
          "parameter": "MEDELLIN"
        },
        {
          "order": 1,
          "parameter": "2026-07-14"
        },
        {
          "order": 2,
          "parameter": "MCS706"
        },
        {
          "order": 3,
          "parameter": "C29"
        },
        {
          "order": 4,
          "parameter": "Conducir un vehículo a velocidad superior a la máxima permitida"
        }
      ]
    }
  ],
  "SaveInfo": false,
  "origin": "API",
  "templateName": "notificacion_comparendos",
  "language": "ES",
  "sender": "School Center",
  "ParametersName": []
}
[2026-07-17 13:00:13] Enviando 1 templates.
[2026-07-17 13:00:13] Respuesta del envío: True - 
El comparendo ya fue notificado previamente Documento: 1152193918 Comparendo: D05001000000054684565
El comparendo ya fue notificado previamente Documento: 71790026 Comparendo: D05001000000054678512
El comparendo ya fue notificado previamente Documento: 43634522 Comparendo: 05001000000051618946
El comparendo ya fue notificado previamente Documento: 15435648 Comparendo: D05615000000055702485
El comparendo ya fue notificado previamente Documento: 71680276 Comparendo: D05001000000054706295
Error en consulta_info_home_public para MEDELLIN: ('Connection aborted.', RemoteDisconnected('Remote end closed connection without response'))
Error en MEDELLIN: 'NoneType' object has no attribute 'json'
El comparendo ya fue notificado previamente Documento: 43976444 Comparendo: 05001000000054604251
El comparendo ya fue notificado previamente Documento: 1000409011 Comparendo: D05001000000054315717/home/comparendos/venv/lib/python3.12/site-packages/urllib3/connectionpool.py:1097: InsecureRequestWarning: Unverified HTTPS request is being made to host 'serviciosdigitales.movilidadavanzadabello.com.co'. Adding certificate verification is strongly advised. See: https://urllib3.readthedocs.io/en/latest/advanced-usage.html#tls-warnings
  warnings.warn(
/home/comparendos/venv/lib/python3.12/site-packages/urllib3/connectionpool.py:1097: InsecureRequestWarning: Unverified HTTPS request is being made to host 'serviciosdigitales.movilidadavanzadabello.com.co'. Adding certificate verification is strongly advised. See: https://urllib3.readthedocs.io/en/latest/advanced-usage.html#tls-warnings
  warnings.warn(
/home/comparendos/venv/lib/python3.12/site-packages/urllib3/connectionpool.py:1097: InsecureRequestWarning: Unverified HTTPS request is being made to host 'serviciosdigitales.movilidadavanzadabello.com.co'. Adding certificate verification is strongly advised. See: https://urllib3.readthedocs.io/en/latest/advanced-usage.html#tls-warnings
  warnings.warn(
/home/comparendos/venv/lib/python3.12/site-packages/urllib3/connectionpool.py:1097: InsecureRequestWarning: Unverified HTTPS request is being made to host 'serviciosdigitales.movilidadavanzadabello.com.co'. Adding certificate verification is strongly advised. See: https://urllib3.readthedocs.io/en/latest/advanced-usage.html#tls-warnings
  warnings.warn(
/home/comparendos/venv/lib/python3.12/site-packages/urllib3/connectionpool.py:1097: InsecureRequestWarning: Unverified HTTPS request is being made to host 'serviciosdigitales.movilidadavanzadabello.com.co'. Adding certificate verification is strongly advised. See: https://urllib3.readthedocs.io/en/latest/advanced-usage.html#tls-warnings
  warnings.warn(
/home/comparendos/venv/lib/python3.12/site-packages/urllib3/connectionpool.py:1097: InsecureRequestWarning: Unverified HTTPS request is being made to host 'serviciosdigitales.movilidadavanzadabello.com.co'. Adding certificate verification is strongly advised. See: https://urllib3.readthedocs.io/en/latest/advanced-usage.html#tls-warnings
  warnings.warn(
/home/comparendos/venv/lib/python3.12/site-packages/urllib3/connectionpool.py:1097: InsecureRequestWarning: Unverified HTTPS request is being made to host 'serviciosdigitales.movilidadavanzadabello.com.co'. Adding certificate verification is strongly advised. See: https://urllib3.readthedocs.io/en/latest/advanced-usage.html#tls-warnings
  warnings.warn(
/home/comparendos/venv/lib/python3.12/site-packages/urllib3/connectionpool.py:1097: InsecureRequestWarning: Unverified HTTPS request is being made to host 'serviciosdigitales.movilidadavanzadabello.com.co'. Adding certificate verification is strongly advised. See: https://urllib3.readthedocs.io/en/latest/advanced-usage.html#tls-warnings
  warnings.warn(
/home/comparendos/venv/lib/python3.12/site-packages/urllib3/connectionpool.py:1097: InsecureRequestWarning: Unverified HTTPS request is being made to host 'serviciosdigitales.movilidadavanzadabello.com.co'. Adding certificate verification is strongly advised. See: https://urllib3.readthedocs.io/en/latest/advanced-usage.html#tls-warnings
  warnings.warn(
/home/comparendos/venv/lib/python3.12/site-packages/urllib3/connectionpool.py:1097: InsecureRequestWarning: Unverified HTTPS request is being made to host 'serviciosdigitales.movilidadavanzadabello.com.co'. Adding certificate verification is strongly advised. See: https://urllib3.readthedocs.io/en/latest/advanced-usage.html#tls-warnings
  warnings.warn(
/home/comparendos/venv/lib/python3.12/site-packages/urllib3/connectionpool.py:1097: InsecureRequestWarning: Unverified HTTPS request is being made to host 'serviciosdigitales.movilidadavanzadabello.com.co'. Adding certificate verification is strongly advised. See: https://urllib3.readthedocs.io/en/latest/advanced-usage.html#tls-warnings
  warnings.warn(
/home/comparendos/venv/lib/python3.12/site-packages/urllib3/connectionpool.py:1097: InsecureRequestWarning: Unverified HTTPS request is being made to host 'serviciosdigitales.movilidadavanzadabello.com.co'. Adding certificate verification is strongly advised. See: https://urllib3.readthedocs.io/en/latest/advanced-usage.html#tls-warnings
  warnings.warn(
/home/comparendos/venv/lib/python3.12/site-packages/urllib3/connectionpool.py:1097: InsecureRequestWarning: Unverified HTTPS request is being made to host 'serviciosdigitales.movilidadavanzadabello.com.co'. Adding certificate verification is strongly advised. See: https://urllib3.readthedocs.io/en/latest/advanced-usage.html#tls-warnings
  warnings.warn(
/home/comparendos/venv/lib/python3.12/site-packages/urllib3/connectionpool.py:1097: InsecureRequestWarning: Unverified HTTPS request is being made to host 'serviciosdigitales.movilidadavanzadabello.com.co'. Adding certificate verification is strongly advised. See: https://urllib3.readthedocs.io/en/latest/advanced-usage.html#tls-warnings
  warnings.warn(
/home/comparendos/venv/lib/python3.12/site-packages/urllib3/connectionpool.py:1097: InsecureRequestWarning: Unverified HTTPS request is being made to host 'serviciosdigitales.movilidadavanzadabello.com.co'. Adding certificate verification is strongly advised. See: https://urllib3.readthedocs.io/en/latest/advanced-usage.html#tls-warnings
  warnings.warn(
/home/comparendos/venv/lib/python3.12/site-packages/urllib3/connectionpool.py:1097: InsecureRequestWarning: Unverified HTTPS request is being made to host 'serviciosdigitales.movilidadavanzadabello.com.co'. Adding certificate verification is strongly advised. See: https://urllib3.readthedocs.io/en/latest/advanced-usage.html#tls-warnings
  warnings.warn(
/home/comparendos/venv/lib/python3.12/site-packages/urllib3/connectionpool.py:1097: InsecureRequestWarning: Unverified HTTPS request is being made to host 'serviciosdigitales.movilidadavanzadabello.com.co'. Adding certificate verification is strongly advised. See: https://urllib3.readthedocs.io/en/latest/advanced-usage.html#tls-warnings
  warnings.warn(
/home/comparendos/venv/lib/python3.12/site-packages/urllib3/connectionpool.py:1097: InsecureRequestWarning: Unverified HTTPS request is being made to host 'serviciosdigitales.movilidadavanzadabello.com.co'. Adding certificate verification is strongly advised. See: https://urllib3.readthedocs.io/en/latest/advanced-usage.html#tls-warnings
  warnings.warn(
/home/comparendos/venv/lib/python3.12/site-packages/urllib3/connectionpool.py:1097: InsecureRequestWarning: Unverified HTTPS request is being made to host 'serviciosdigitales.movilidadavanzadabello.com.co'. Adding certificate verification is strongly advised. See: https://urllib3.readthedocs.io/en/latest/advanced-usage.html#tls-warnings
  warnings.warn(
/home/comparendos/venv/lib/python3.12/site-packages/urllib3/connectionpool.py:1097: InsecureRequestWarning: Unverified HTTPS request is being made to host 'serviciosdigitales.movilidadavanzadabello.com.co'. Adding certificate verification is strongly advised. See: https://urllib3.readthedocs.io/en/latest/advanced-usage.html#tls-warnings
  warnings.warn(
/home/comparendos/venv/lib/python3.12/site-packages/urllib3/connectionpool.py:1097: InsecureRequestWarning: Unverified HTTPS request is being made to host 'serviciosdigitales.movilidadavanzadabello.com.co'. Adding certificate verification is strongly advised. See: https://urllib3.readthedocs.io/en/latest/advanced-usage.html#tls-warnings
  warnings.warn(
/home/comparendos/venv/lib/python3.12/site-packages/urllib3/connectionpool.py:1097: InsecureRequestWarning: Unverified HTTPS request is being made to host 'serviciosdigitales.movilidadavanzadabello.com.co'. Adding certificate verification is strongly advised. See: https://urllib3.readthedocs.io/en/latest/advanced-usage.html#tls-warnings
  warnings.warn(
/home/comparendos/venv/lib/python3.12/site-packages/urllib3/connectionpool.py:1097: InsecureRequestWarning: Unverified HTTPS request is being made to host 'serviciosdigitales.movilidadavanzadabello.com.co'. Adding certificate verification is strongly advised. See: https://urllib3.readthedocs.io/en/latest/advanced-usage.html#tls-warnings
  warnings.warn(
/home/comparendos/venv/lib/python3.12/site-packages/urllib3/connectionpool.py:1097: InsecureRequestWarning: Unverified HTTPS request is being made to host 'serviciosdigitales.movilidadavanzadabello.com.co'. Adding certificate verification is strongly advised. See: https://urllib3.readthedocs.io/en/latest/advanced-usage.html#tls-warnings
  warnings.warn(
/home/comparendos/venv/lib/python3.12/site-packages/urllib3/connectionpool.py:1097: InsecureRequestWarning: Unverified HTTPS request is being made to host 'serviciosdigitales.movilidadavanzadabello.com.co'. Adding certificate verification is strongly advised. See: https://urllib3.readthedocs.io/en/latest/advanced-usage.html#tls-warnings
  warnings.warn(
/home/comparendos/venv/lib/python3.12/site-packages/urllib3/connectionpool.py:1097: InsecureRequestWarning: Unverified HTTPS request is being made to host 'serviciosdigitales.movilidadavanzadabello.com.co'. Adding certificate verification is strongly advised. See: https://urllib3.readthedocs.io/en/latest/advanced-usage.html#tls-warnings
  warnings.warn(
/home/comparendos/venv/lib/python3.12/site-packages/urllib3/connectionpool.py:1097: InsecureRequestWarning: Unverified HTTPS request is being made to host 'serviciosdigitales.movilidadavanzadabello.com.co'. Adding certificate verification is strongly advised. See: https://urllib3.readthedocs.io/en/latest/advanced-usage.html#tls-warnings
  warnings.warn(
/home/comparendos/venv/lib/python3.12/site-packages/urllib3/connectionpool.py:1097: InsecureRequestWarning: Unverified HTTPS request is being made to host 'serviciosdigitales.movilidadavanzadabello.com.co'. Adding certificate verification is strongly advised. See: https://urllib3.readthedocs.io/en/latest/advanced-usage.html#tls-warnings
  warnings.warn(
/home/comparendos/venv/lib/python3.12/site-packages/urllib3/connectionpool.py:1097: InsecureRequestWarning: Unverified HTTPS request is being made to host 'serviciosdigitales.movilidadavanzadabello.com.co'. Adding certificate verification is strongly advised. See: https://urllib3.readthedocs.io/en/latest/advanced-usage.html#tls-warnings
  warnings.warn(
/home/comparendos/venv/lib/python3.12/site-packages/urllib3/connectionpool.py:1097: InsecureRequestWarning: Unverified HTTPS request is being made to host 'serviciosdigitales.movilidadavanzadabello.com.co'. Adding certificate verification is strongly advised. See: https://urllib3.readthedocs.io/en/latest/advanced-usage.html#tls-warnings
  warnings.warn(
/home/comparendos/venv/lib/python3.12/site-packages/urllib3/connectionpool.py:1097: InsecureRequestWarning: Unverified HTTPS request is being made to host 'serviciosdigitales.movilidadavanzadabello.com.co'. Adding certificate verification is strongly advised. See: https://urllib3.readthedocs.io/en/latest/advanced-usage.html#tls-warnings
  warnings.warn(
/home/comparendos/venv/lib/python3.12/site-packages/urllib3/connectionpool.py:1097: InsecureRequestWarning: Unverified HTTPS request is being made to host 'serviciosdigitales.movilidadavanzadabello.com.co'. Adding certificate verification is strongly advised. See: https://urllib3.readthedocs.io/en/latest/advanced-usage.html#tls-warnings
  warnings.warn(
/home/comparendos/venv/lib/python3.12/site-packages/urllib3/connectionpool.py:1097: InsecureRequestWarning: Unverified HTTPS request is being made to host 'serviciosdigitales.movilidadavanzadabello.com.co'. Adding certificate verification is strongly advised. See: https://urllib3.readthedocs.io/en/latest/advanced-usage.html#tls-warnings
  warnings.warn(
/home/comparendos/venv/lib/python3.12/site-packages/urllib3/connectionpool.py:1097: InsecureRequestWarning: Unverified HTTPS request is being made to host 'serviciosdigitales.movilidadavanzadabello.com.co'. Adding certificate verification is strongly advised. See: https://urllib3.readthedocs.io/en/latest/advanced-usage.html#tls-warnings
  warnings.warn(
/home/comparendos/venv/lib/python3.12/site-packages/urllib3/connectionpool.py:1097: InsecureRequestWarning: Unverified HTTPS request is being made to host 'serviciosdigitales.movilidadavanzadabello.com.co'. Adding certificate verification is strongly advised. See: https://urllib3.readthedocs.io/en/latest/advanced-usage.html#tls-warnings
  warnings.warn(
/home/comparendos/venv/lib/python3.12/site-packages/urllib3/connectionpool.py:1097: InsecureRequestWarning: Unverified HTTPS request is being made to host 'serviciosdigitales.movilidadavanzadabello.com.co'. Adding certificate verification is strongly advised. See: https://urllib3.readthedocs.io/en/latest/advanced-usage.html#tls-warnings
  warnings.warn(
/home/comparendos/venv/lib/python3.12/site-packages/urllib3/connectionpool.py:1097: InsecureRequestWarning: Unverified HTTPS request is being made to host 'serviciosdigitales.movilidadavanzadabello.com.co'. Adding certificate verification is strongly advised. See: https://urllib3.readthedocs.io/en/latest/advanced-usage.html#tls-warnings
  warnings.warn(
/home/comparendos/venv/lib/python3.12/site-packages/urllib3/connectionpool.py:1097: InsecureRequestWarning: Unverified HTTPS request is being made to host 'serviciosdigitales.movilidadavanzadabello.com.co'. Adding certificate verification is strongly advised. See: https://urllib3.readthedocs.io/en/latest/advanced-usage.html#tls-warnings
  warnings.warn(
/home/comparendos/venv/lib/python3.12/site-packages/urllib3/connectionpool.py:1097: InsecureRequestWarning: Unverified HTTPS request is being made to host 'serviciosdigitales.movilidadavanzadabello.com.co'. Adding certificate verification is strongly advised. See: https://urllib3.readthedocs.io/en/latest/advanced-usage.html#tls-warnings
  warnings.warn(
/home/comparendos/venv/lib/python3.12/site-packages/urllib3/connectionpool.py:1097: InsecureRequestWarning: Unverified HTTPS request is being made to host 'serviciosdigitales.movilidadavanzadabello.com.co'. Adding certificate verification is strongly advised. See: https://urllib3.readthedocs.io/en/latest/advanced-usage.html#tls-warnings
  warnings.warn(
/home/comparendos/venv/lib/python3.12/site-packages/urllib3/connectionpool.py:1097: InsecureRequestWarning: Unverified HTTPS request is being made to host 'serviciosdigitales.movilidadavanzadabello.com.co'. Adding certificate verification is strongly advised. See: https://urllib3.readthedocs.io/en/latest/advanced-usage.html#tls-warnings
  warnings.warn(
/home/comparendos/venv/lib/python3.12/site-packages/urllib3/connectionpool.py:1097: InsecureRequestWarning: Unverified HTTPS request is being made to host 'serviciosdigitales.movilidadavanzadabello.com.co'. Adding certificate verification is strongly advised. See: https://urllib3.readthedocs.io/en/latest/advanced-usage.html#tls-warnings
  warnings.warn(
/home/comparendos/venv/lib/python3.12/site-packages/urllib3/connectionpool.py:1097: InsecureRequestWarning: Unverified HTTPS request is being made to host 'serviciosdigitales.movilidadavanzadabello.com.co'. Adding certificate verification is strongly advised. See: https://urllib3.readthedocs.io/en/latest/advanced-usage.html#tls-warnings
  warnings.warn(
/home/comparendos/venv/lib/python3.12/site-packages/urllib3/connectionpool.py:1097: InsecureRequestWarning: Unverified HTTPS request is being made to host 'serviciosdigitales.movilidadavanzadabello.com.co'. Adding certificate verification is strongly advised. See: https://urllib3.readthedocs.io/en/latest/advanced-usage.html#tls-warnings
  warnings.warn(
/home/comparendos/venv/lib/python3.12/site-packages/urllib3/connectionpool.py:1097: InsecureRequestWarning: Unverified HTTPS request is being made to host 'serviciosdigitales.movilidadavanzadabello.com.co'. Adding certificate verification is strongly advised. See: https://urllib3.readthedocs.io/en/latest/advanced-usage.html#tls-warnings
  warnings.warn(
/home/comparendos/venv/lib/python3.12/site-packages/urllib3/connectionpool.py:1097: InsecureRequestWarning: Unverified HTTPS request is being made to host 'serviciosdigitales.movilidadavanzadabello.com.co'. Adding certificate verification is strongly advised. See: https://urllib3.readthedocs.io/en/latest/advanced-usage.html#tls-warnings
  warnings.warn(
/home/comparendos/venv/lib/python3.12/site-packages/urllib3/connectionpool.py:1097: InsecureRequestWarning: Unverified HTTPS request is being made to host 'serviciosdigitales.movilidadavanzadabello.com.co'. Adding certificate verification is strongly advised. See: https://urllib3.readthedocs.io/en/latest/advanced-usage.html#tls-warnings
  warnings.warn(
/home/comparendos/venv/lib/python3.12/site-packages/urllib3/connectionpool.py:1097: InsecureRequestWarning: Unverified HTTPS request is being made to host 'serviciosdigitales.movilidadavanzadabello.com.co'. Adding certificate verification is strongly advised. See: https://urllib3.readthedocs.io/en/latest/advanced-usage.html#tls-warnings
  warnings.warn(
/home/comparendos/venv/lib/python3.12/site-packages/urllib3/connectionpool.py:1097: InsecureRequestWarning: Unverified HTTPS request is being made to host 'serviciosdigitales.movilidadavanzadabello.com.co'. Adding certificate verification is strongly advised. See: https://urllib3.readthedocs.io/en/latest/advanced-usage.html#tls-warnings
  warnings.warn(
/home/comparendos/venv/lib/python3.12/site-packages/urllib3/connectionpool.py:1097: InsecureRequestWarning: Unverified HTTPS request is being made to host 'serviciosdigitales.movilidadavanzadabello.com.co'. Adding certificate verification is strongly advised. See: https://urllib3.readthedocs.io/en/latest/advanced-usage.html#tls-warnings
  warnings.warn(
/home/comparendos/venv/lib/python3.12/site-packages/urllib3/connectionpool.py:1097: InsecureRequestWarning: Unverified HTTPS request is being made to host 'serviciosdigitales.movilidadavanzadabello.com.co'. Adding certificate verification is strongly advised. See: https://urllib3.readthedocs.io/en/latest/advanced-usage.html#tls-warnings
  warnings.warn(
/home/comparendos/venv/lib/python3.12/site-packages/urllib3/connectionpool.py:1097: InsecureRequestWarning: Unverified HTTPS request is being made to host 'serviciosdigitales.movilidadavanzadabello.com.co'. Adding certificate verification is strongly advised. See: https://urllib3.readthedocs.io/en/latest/advanced-usage.html#tls-warnings
  warnings.warn(
/home/comparendos/venv/lib/python3.12/site-packages/urllib3/connectionpool.py:1097: InsecureRequestWarning: Unverified HTTPS request is being made to host 'serviciosdigitales.movilidadavanzadabello.com.co'. Adding certificate verification is strongly advised. See: https://urllib3.readthedocs.io/en/latest/advanced-usage.html#tls-warnings
  warnings.warn(
/home/comparendos/venv/lib/python3.12/site-packages/urllib3/connectionpool.py:1097: InsecureRequestWarning: Unverified HTTPS request is being made to host 'serviciosdigitales.movilidadavanzadabello.com.co'. Adding certificate verification is strongly advised. See: https://urllib3.readthedocs.io/en/latest/advanced-usage.html#tls-warnings
  warnings.warn(
/home/comparendos/venv/lib/python3.12/site-packages/urllib3/connectionpool.py:1097: InsecureRequestWarning: Unverified HTTPS request is being made to host 'serviciosdigitales.movilidadavanzadabello.com.co'. Adding certificate verification is strongly advised. See: https://urllib3.readthedocs.io/en/latest/advanced-usage.html#tls-warnings
  warnings.warn(
/home/comparendos/venv/lib/python3.12/site-packages/urllib3/connectionpool.py:1097: InsecureRequestWarning: Unverified HTTPS request is being made to host 'serviciosdigitales.movilidadavanzadabello.com.co'. Adding certificate verification is strongly advised. See: https://urllib3.readthedocs.io/en/latest/advanced-usage.html#tls-warnings
  warnings.warn(
/home/comparendos/venv/lib/python3.12/site-packages/urllib3/connectionpool.py:1097: InsecureRequestWarning: Unverified HTTPS request is being made to host 'serviciosdigitales.movilidadavanzadabello.com.co'. Adding certificate verification is strongly advised. See: https://urllib3.readthedocs.io/en/latest/advanced-usage.html#tls-warnings
  warnings.warn(
/home/comparendos/venv/lib/python3.12/site-packages/urllib3/connectionpool.py:1097: InsecureRequestWarning: Unverified HTTPS request is being made to host 'serviciosdigitales.movilidadavanzadabello.com.co'. Adding certificate verification is strongly advised. See: https://urllib3.readthedocs.io/en/latest/advanced-usage.html#tls-warnings
  warnings.warn(
/home/comparendos/venv/lib/python3.12/site-packages/urllib3/connectionpool.py:1097: InsecureRequestWarning: Unverified HTTPS request is being made to host 'serviciosdigitales.movilidadavanzadabello.com.co'. Adding certificate verification is strongly advised. See: https://urllib3.readthedocs.io/en/latest/advanced-usage.html#tls-warnings
  warnings.warn(
/home/comparendos/venv/lib/python3.12/site-packages/urllib3/connectionpool.py:1097: InsecureRequestWarning: Unverified HTTPS request is being made to host 'serviciosdigitales.movilidadavanzadabello.com.co'. Adding certificate verification is strongly advised. See: https://urllib3.readthedocs.io/en/latest/advanced-usage.html#tls-warnings
  warnings.warn(
/home/comparendos/venv/lib/python3.12/site-packages/urllib3/connectionpool.py:1097: InsecureRequestWarning: Unverified HTTPS request is being made to host 'serviciosdigitales.movilidadavanzadabello.com.co'. Adding certificate verification is strongly advised. See: https://urllib3.readthedocs.io/en/latest/advanced-usage.html#tls-warnings
  warnings.warn(
/home/comparendos/venv/lib/python3.12/site-packages/urllib3/connectionpool.py:1097: InsecureRequestWarning: Unverified HTTPS request is being made to host 'serviciosdigitales.movilidadavanzadabello.com.co'. Adding certificate verification is strongly advised. See: https://urllib3.readthedocs.io/en/latest/advanced-usage.html#tls-warnings
  warnings.warn(
/home/comparendos/venv/lib/python3.12/site-packages/urllib3/connectionpool.py:1097: InsecureRequestWarning: Unverified HTTPS request is being made to host 'serviciosdigitales.movilidadavanzadabello.com.co'. Adding certificate verification is strongly advised. See: https://urllib3.readthedocs.io/en/latest/advanced-usage.html#tls-warnings
  warnings.warn(
/home/comparendos/venv/lib/python3.12/site-packages/urllib3/connectionpool.py:1097: InsecureRequestWarning: Unverified HTTPS request is being made to host 'serviciosdigitales.movilidadavanzadabello.com.co'. Adding certificate verification is strongly advised. See: https://urllib3.readthedocs.io/en/latest/advanced-usage.html#tls-warnings
  warnings.warn(
/home/comparendos/venv/lib/python3.12/site-packages/urllib3/connectionpool.py:1097: InsecureRequestWarning: Unverified HTTPS request is being made to host 'serviciosdigitales.movilidadavanzadabello.com.co'. Adding certificate verification is strongly advised. See: https://urllib3.readthedocs.io/en/latest/advanced-usage.html#tls-warnings
  warnings.warn(
/home/comparendos/venv/lib/python3.12/site-packages/urllib3/connectionpool.py:1097: InsecureRequestWarning: Unverified HTTPS request is being made to host 'serviciosdigitales.movilidadavanzadabello.com.co'. Adding certificate verification is strongly advised. See: https://urllib3.readthedocs.io/en/latest/advanced-usage.html#tls-warnings
  warnings.warn(
/home/comparendos/venv/lib/python3.12/site-packages/urllib3/connectionpool.py:1097: InsecureRequestWarning: Unverified HTTPS request is being made to host 'serviciosdigitales.movilidadavanzadabello.com.co'. Adding certificate verification is strongly advised. See: https://urllib3.readthedocs.io/en/latest/advanced-usage.html#tls-warnings
  warnings.warn(
/home/comparendos/venv/lib/python3.12/site-packages/urllib3/connectionpool.py:1097: InsecureRequestWarning: Unverified HTTPS request is being made to host 'serviciosdigitales.movilidadavanzadabello.com.co'. Adding certificate verification is strongly advised. See: https://urllib3.readthedocs.io/en/latest/advanced-usage.html#tls-warnings
  warnings.warn(
/home/comparendos/venv/lib/python3.12/site-packages/urllib3/connectionpool.py:1097: InsecureRequestWarning: Unverified HTTPS request is being made to host 'serviciosdigitales.movilidadavanzadabello.com.co'. Adding certificate verification is strongly advised. See: https://urllib3.readthedocs.io/en/latest/advanced-usage.html#tls-warnings
  warnings.warn(
/home/comparendos/venv/lib/python3.12/site-packages/urllib3/connectionpool.py:1097: InsecureRequestWarning: Unverified HTTPS request is being made to host 'serviciosdigitales.movilidadavanzadabello.com.co'. Adding certificate verification is strongly advised. See: https://urllib3.readthedocs.io/en/latest/advanced-usage.html#tls-warnings
  warnings.warn(
/home/comparendos/venv/lib/python3.12/site-packages/urllib3/connectionpool.py:1097: InsecureRequestWarning: Unverified HTTPS request is being made to host 'serviciosdigitales.movilidadavanzadabello.com.co'. Adding certificate verification is strongly advised. See: https://urllib3.readthedocs.io/en/latest/advanced-usage.html#tls-warnings
  warnings.warn(
/home/comparendos/venv/lib/python3.12/site-packages/urllib3/connectionpool.py:1097: InsecureRequestWarning: Unverified HTTPS request is being made to host 'serviciosdigitales.movilidadavanzadabello.com.co'. Adding certificate verification is strongly advised. See: https://urllib3.readthedocs.io/en/latest/advanced-usage.html#tls-warnings
  warnings.warn(
/home/comparendos/venv/lib/python3.12/site-packages/urllib3/connectionpool.py:1097: InsecureRequestWarning: Unverified HTTPS request is being made to host 'serviciosdigitales.movilidadavanzadabello.com.co'. Adding certificate verification is strongly advised. See: https://urllib3.readthedocs.io/en/latest/advanced-usage.html#tls-warnings
  warnings.warn(
/home/comparendos/venv/lib/python3.12/site-packages/urllib3/connectionpool.py:1097: InsecureRequestWarning: Unverified HTTPS request is being made to host 'serviciosdigitales.movilidadavanzadabello.com.co'. Adding certificate verification is strongly advised. See: https://urllib3.readthedocs.io/en/latest/advanced-usage.html#tls-warnings
  warnings.warn(
/home/comparendos/venv/lib/python3.12/site-packages/urllib3/connectionpool.py:1097: InsecureRequestWarning: Unverified HTTPS request is being made to host 'serviciosdigitales.movilidadavanzadabello.com.co'. Adding certificate verification is strongly advised. See: https://urllib3.readthedocs.io/en/latest/advanced-usage.html#tls-warnings
  warnings.warn(
/home/comparendos/venv/lib/python3.12/site-packages/urllib3/connectionpool.py:1097: InsecureRequestWarning: Unverified HTTPS request is being made to host 'serviciosdigitales.movilidadavanzadabello.com.co'. Adding certificate verification is strongly advised. See: https://urllib3.readthedocs.io/en/latest/advanced-usage.html#tls-warnings
  warnings.warn(
/home/comparendos/venv/lib/python3.12/site-packages/urllib3/connectionpool.py:1097: InsecureRequestWarning: Unverified HTTPS request is being made to host 'serviciosdigitales.movilidadavanzadabello.com.co'. Adding certificate verification is strongly advised. See: https://urllib3.readthedocs.io/en/latest/advanced-usage.html#tls-warnings
  warnings.warn(
/home/comparendos/venv/lib/python3.12/site-packages/urllib3/connectionpool.py:1097: InsecureRequestWarning: Unverified HTTPS request is being made to host 'serviciosdigitales.movilidadavanzadabello.com.co'. Adding certificate verification is strongly advised. See: https://urllib3.readthedocs.io/en/latest/advanced-usage.html#tls-warnings
  warnings.warn(
/home/comparendos/venv/lib/python3.12/site-packages/urllib3/connectionpool.py:1097: InsecureRequestWarning: Unverified HTTPS request is being made to host 'serviciosdigitales.movilidadavanzadabello.com.co'. Adding certificate verification is strongly advised. See: https://urllib3.readthedocs.io/en/latest/advanced-usage.html#tls-warnings
  warnings.warn(
/home/comparendos/venv/lib/python3.12/site-packages/urllib3/connectionpool.py:1097: InsecureRequestWarning: Unverified HTTPS request is being made to host 'serviciosdigitales.movilidadavanzadabello.com.co'. Adding certificate verification is strongly advised. See: https://urllib3.readthedocs.io/en/latest/advanced-usage.html#tls-warnings
  warnings.warn(
/home/comparendos/venv/lib/python3.12/site-packages/urllib3/connectionpool.py:1097: InsecureRequestWarning: Unverified HTTPS request is being made to host 'serviciosdigitales.movilidadavanzadabello.com.co'. Adding certificate verification is strongly advised. See: https://urllib3.readthedocs.io/en/latest/advanced-usage.html#tls-warnings
  warnings.warn(
/home/comparendos/venv/lib/python3.12/site-packages/urllib3/connectionpool.py:1097: InsecureRequestWarning: Unverified HTTPS request is being made to host 'serviciosdigitales.movilidadavanzadabello.com.co'. Adding certificate verification is strongly advised. See: https://urllib3.readthedocs.io/en/latest/advanced-usage.html#tls-warnings
  warnings.warn(
/home/comparendos/venv/lib/python3.12/site-packages/urllib3/connectionpool.py:1097: InsecureRequestWarning: Unverified HTTPS request is being made to host 'serviciosdigitales.movilidadavanzadabello.com.co'. Adding certificate verification is strongly advised. See: https://urllib3.readthedocs.io/en/latest/advanced-usage.html#tls-warnings
  warnings.warn(
/home/comparendos/venv/lib/python3.12/site-packages/urllib3/connectionpool.py:1097: InsecureRequestWarning: Unverified HTTPS request is being made to host 'serviciosdigitales.movilidadavanzadabello.com.co'. Adding certificate verification is strongly advised. See: https://urllib3.readthedocs.io/en/latest/advanced-usage.html#tls-warnings
  warnings.warn(
/home/comparendos/venv/lib/python3.12/site-packages/urllib3/connectionpool.py:1097: InsecureRequestWarning: Unverified HTTPS request is being made to host 'serviciosdigitales.movilidadavanzadabello.com.co'. Adding certificate verification is strongly advised. See: https://urllib3.readthedocs.io/en/latest/advanced-usage.html#tls-warnings
  warnings.warn(
/home/comparendos/venv/lib/python3.12/site-packages/urllib3/connectionpool.py:1097: InsecureRequestWarning: Unverified HTTPS request is being made to host 'serviciosdigitales.movilidadavanzadabello.com.co'. Adding certificate verification is strongly advised. See: https://urllib3.readthedocs.io/en/latest/advanced-usage.html#tls-warnings
  warnings.warn(
/home/comparendos/venv/lib/python3.12/site-packages/urllib3/connectionpool.py:1097: InsecureRequestWarning: Unverified HTTPS request is being made to host 'serviciosdigitales.movilidadavanzadabello.com.co'. Adding certificate verification is strongly advised. See: https://urllib3.readthedocs.io/en/latest/advanced-usage.html#tls-warnings
  warnings.warn(
/home/comparendos/venv/lib/python3.12/site-packages/urllib3/connectionpool.py:1097: InsecureRequestWarning: Unverified HTTPS request is being made to host 'serviciosdigitales.movilidadavanzadabello.com.co'. Adding certificate verification is strongly advised. See: https://urllib3.readthedocs.io/en/latest/advanced-usage.html#tls-warnings
  warnings.warn(
/home/comparendos/venv/lib/python3.12/site-packages/urllib3/connectionpool.py:1097: InsecureRequestWarning: Unverified HTTPS request is being made to host 'serviciosdigitales.movilidadavanzadabello.com.co'. Adding certificate verification is strongly advised. See: https://urllib3.readthedocs.io/en/latest/advanced-usage.html#tls-warnings
  warnings.warn(
/home/comparendos/venv/lib/python3.12/site-packages/urllib3/connectionpool.py:1097: InsecureRequestWarning: Unverified HTTPS request is being made to host 'serviciosdigitales.movilidadavanzadabello.com.co'. Adding certificate verification is strongly advised. See: https://urllib3.readthedocs.io/en/latest/advanced-usage.html#tls-warnings
  warnings.warn(
/home/comparendos/venv/lib/python3.12/site-packages/urllib3/connectionpool.py:1097: InsecureRequestWarning: Unverified HTTPS request is being made to host 'serviciosdigitales.movilidadavanzadabello.com.co'. Adding certificate verification is strongly advised. See: https://urllib3.readthedocs.io/en/latest/advanced-usage.html#tls-warnings
  warnings.warn(
/home/comparendos/venv/lib/python3.12/site-packages/urllib3/connectionpool.py:1097: InsecureRequestWarning: Unverified HTTPS request is being made to host 'serviciosdigitales.movilidadavanzadabello.com.co'. Adding certificate verification is strongly advised. See: https://urllib3.readthedocs.io/en/latest/advanced-usage.html#tls-warnings
  warnings.warn(
/home/comparendos/venv/lib/python3.12/site-packages/urllib3/connectionpool.py:1097: InsecureRequestWarning: Unverified HTTPS request is being made to host 'serviciosdigitales.movilidadavanzadabello.com.co'. Adding certificate verification is strongly advised. See: https://urllib3.readthedocs.io/en/latest/advanced-usage.html#tls-warnings
  warnings.warn(
/home/comparendos/venv/lib/python3.12/site-packages/urllib3/connectionpool.py:1097: InsecureRequestWarning: Unverified HTTPS request is being made to host 'serviciosdigitales.movilidadavanzadabello.com.co'. Adding certificate verification is strongly advised. See: https://urllib3.readthedocs.io/en/latest/advanced-usage.html#tls-warnings
  warnings.warn(
/home/comparendos/venv/lib/python3.12/site-packages/urllib3/connectionpool.py:1097: InsecureRequestWarning: Unverified HTTPS request is being made to host 'serviciosdigitales.movilidadavanzadabello.com.co'. Adding certificate verification is strongly advised. See: https://urllib3.readthedocs.io/en/latest/advanced-usage.html#tls-warnings
  warnings.warn(
/home/comparendos/venv/lib/python3.12/site-packages/urllib3/connectionpool.py:1097: InsecureRequestWarning: Unverified HTTPS request is being made to host 'serviciosdigitales.movilidadavanzadabello.com.co'. Adding certificate verification is strongly advised. See: https://urllib3.readthedocs.io/en/latest/advanced-usage.html#tls-warnings
  warnings.warn(
/home/comparendos/venv/lib/python3.12/site-packages/urllib3/connectionpool.py:1097: InsecureRequestWarning: Unverified HTTPS request is being made to host 'serviciosdigitales.movilidadavanzadabello.com.co'. Adding certificate verification is strongly advised. See: https://urllib3.readthedocs.io/en/latest/advanced-usage.html#tls-warnings
  warnings.warn(
/home/comparendos/venv/lib/python3.12/site-packages/urllib3/connectionpool.py:1097: InsecureRequestWarning: Unverified HTTPS request is being made to host 'serviciosdigitales.movilidadavanzadabello.com.co'. Adding certificate verification is strongly advised. See: https://urllib3.readthedocs.io/en/latest/advanced-usage.html#tls-warnings
  warnings.warn(
/home/comparendos/venv/lib/python3.12/site-packages/urllib3/connectionpool.py:1097: InsecureRequestWarning: Unverified HTTPS request is being made to host 'serviciosdigitales.movilidadavanzadabello.com.co'. Adding certificate verification is strongly advised. See: https://urllib3.readthedocs.io/en/latest/advanced-usage.html#tls-warnings
  warnings.warn(
/home/comparendos/venv/lib/python3.12/site-packages/urllib3/connectionpool.py:1097: InsecureRequestWarning: Unverified HTTPS request is being made to host 'serviciosdigitales.movilidadavanzadabello.com.co'. Adding certificate verification is strongly advised. See: https://urllib3.readthedocs.io/en/latest/advanced-usage.html#tls-warnings
  warnings.warn(
/home/comparendos/venv/lib/python3.12/site-packages/urllib3/connectionpool.py:1097: InsecureRequestWarning: Unverified HTTPS request is being made to host 'serviciosdigitales.movilidadavanzadabello.com.co'. Adding certificate verification is strongly advised. See: https://urllib3.readthedocs.io/en/latest/advanced-usage.html#tls-warnings
  warnings.warn(
/home/comparendos/venv/lib/python3.12/site-packages/urllib3/connectionpool.py:1097: InsecureRequestWarning: Unverified HTTPS request is being made to host 'serviciosdigitales.movilidadavanzadabello.com.co'. Adding certificate verification is strongly advised. See: https://urllib3.readthedocs.io/en/latest/advanced-usage.html#tls-warnings
  warnings.warn(
/home/comparendos/venv/lib/python3.12/site-packages/urllib3/connectionpool.py:1097: InsecureRequestWarning: Unverified HTTPS request is being made to host 'serviciosdigitales.movilidadavanzadabello.com.co'. Adding certificate verification is strongly advised. See: https://urllib3.readthedocs.io/en/latest/advanced-usage.html#tls-warnings
  warnings.warn(
/home/comparendos/venv/lib/python3.12/site-packages/urllib3/connectionpool.py:1097: InsecureRequestWarning: Unverified HTTPS request is being made to host 'serviciosdigitales.movilidadavanzadabello.com.co'. Adding certificate verification is strongly advised. See: https://urllib3.readthedocs.io/en/latest/advanced-usage.html#tls-warnings
  warnings.warn(
/home/comparendos/venv/lib/python3.12/site-packages/urllib3/connectionpool.py:1097: InsecureRequestWarning: Unverified HTTPS request is being made to host 'serviciosdigitales.movilidadavanzadabello.com.co'. Adding certificate verification is strongly advised. See: https://urllib3.readthedocs.io/en/latest/advanced-usage.html#tls-warnings
  warnings.warn(
/home/comparendos/venv/lib/python3.12/site-packages/urllib3/connectionpool.py:1097: InsecureRequestWarning: Unverified HTTPS request is being made to host 'serviciosdigitales.movilidadavanzadabello.com.co'. Adding certificate verification is strongly advised. See: https://urllib3.readthedocs.io/en/latest/advanced-usage.html#tls-warnings
  warnings.warn(
/home/comparendos/venv/lib/python3.12/site-packages/urllib3/connectionpool.py:1097: InsecureRequestWarning: Unverified HTTPS request is being made to host 'serviciosdigitales.movilidadavanzadabello.com.co'. Adding certificate verification is strongly advised. See: https://urllib3.readthedocs.io/en/latest/advanced-usage.html#tls-warnings
  warnings.warn(
/home/comparendos/venv/lib/python3.12/site-packages/urllib3/connectionpool.py:1097: InsecureRequestWarning: Unverified HTTPS request is being made to host 'serviciosdigitales.movilidadavanzadabello.com.co'. Adding certificate verification is strongly advised. See: https://urllib3.readthedocs.io/en/latest/advanced-usage.html#tls-warnings
  warnings.warn(
/home/comparendos/venv/lib/python3.12/site-packages/urllib3/connectionpool.py:1097: InsecureRequestWarning: Unverified HTTPS request is being made to host 'serviciosdigitales.movilidadavanzadabello.com.co'. Adding certificate verification is strongly advised. See: https://urllib3.readthedocs.io/en/latest/advanced-usage.html#tls-warnings
  warnings.warn(
/home/comparendos/venv/lib/python3.12/site-packages/urllib3/connectionpool.py:1097: InsecureRequestWarning: Unverified HTTPS request is being made to host 'serviciosdigitales.movilidadavanzadabello.com.co'. Adding certificate verification is strongly advised. See: https://urllib3.readthedocs.io/en/latest/advanced-usage.html#tls-warnings
  warnings.warn(
/home/comparendos/venv/lib/python3.12/site-packages/urllib3/connectionpool.py:1097: InsecureRequestWarning: Unverified HTTPS request is being made to host 'serviciosdigitales.movilidadavanzadabello.com.co'. Adding certificate verification is strongly advised. See: https://urllib3.readthedocs.io/en/latest/advanced-usage.html#tls-warnings
  warnings.warn(
/home/comparendos/venv/lib/python3.12/site-packages/urllib3/connectionpool.py:1097: InsecureRequestWarning: Unverified HTTPS request is being made to host 'serviciosdigitales.movilidadavanzadabello.com.co'. Adding certificate verification is strongly advised. See: https://urllib3.readthedocs.io/en/latest/advanced-usage.html#tls-warnings
  warnings.warn(
/home/comparendos/venv/lib/python3.12/site-packages/urllib3/connectionpool.py:1097: InsecureRequestWarning: Unverified HTTPS request is being made to host 'serviciosdigitales.movilidadavanzadabello.com.co'. Adding certificate verification is strongly advised. See: https://urllib3.readthedocs.io/en/latest/advanced-usage.html#tls-warnings
  warnings.warn(
/home/comparendos/venv/lib/python3.12/site-packages/urllib3/connectionpool.py:1097: InsecureRequestWarning: Unverified HTTPS request is being made to host 'serviciosdigitales.movilidadavanzadabello.com.co'. Adding certificate verification is strongly advised. See: https://urllib3.readthedocs.io/en/latest/advanced-usage.html#tls-warnings
  warnings.warn(
/home/comparendos/venv/lib/python3.12/site-packages/urllib3/connectionpool.py:1097: InsecureRequestWarning: Unverified HTTPS request is being made to host 'serviciosdigitales.movilidadavanzadabello.com.co'. Adding certificate verification is strongly advised. See: https://urllib3.readthedocs.io/en/latest/advanced-usage.html#tls-warnings
  warnings.warn(
/home/comparendos/venv/lib/python3.12/site-packages/urllib3/connectionpool.py:1097: InsecureRequestWarning: Unverified HTTPS request is being made to host 'serviciosdigitales.movilidadavanzadabello.com.co'. Adding certificate verification is strongly advised. See: https://urllib3.readthedocs.io/en/latest/advanced-usage.html#tls-warnings
  warnings.warn(
/home/comparendos/venv/lib/python3.12/site-packages/urllib3/connectionpool.py:1097: InsecureRequestWarning: Unverified HTTPS request is being made to host 'serviciosdigitales.movilidadavanzadabello.com.co'. Adding certificate verification is strongly advised. See: https://urllib3.readthedocs.io/en/latest/advanced-usage.html#tls-warnings
  warnings.warn(
/home/comparendos/venv/lib/python3.12/site-packages/urllib3/connectionpool.py:1097: InsecureRequestWarning: Unverified HTTPS request is being made to host 'serviciosdigitales.movilidadavanzadabello.com.co'. Adding certificate verification is strongly advised. See: https://urllib3.readthedocs.io/en/latest/advanced-usage.html#tls-warnings
  warnings.warn(
/home/comparendos/venv/lib/python3.12/site-packages/urllib3/connectionpool.py:1097: InsecureRequestWarning: Unverified HTTPS request is being made to host 'serviciosdigitales.movilidadavanzadabello.com.co'. Adding certificate verification is strongly advised. See: https://urllib3.readthedocs.io/en/latest/advanced-usage.html#tls-warnings
  warnings.warn(
/home/comparendos/venv/lib/python3.12/site-packages/urllib3/connectionpool.py:1097: InsecureRequestWarning: Unverified HTTPS request is being made to host 'serviciosdigitales.movilidadavanzadabello.com.co'. Adding certificate verification is strongly advised. See: https://urllib3.readthedocs.io/en/latest/advanced-usage.html#tls-warnings
  warnings.warn(
/home/comparendos/venv/lib/python3.12/site-packages/urllib3/connectionpool.py:1097: InsecureRequestWarning: Unverified HTTPS request is being made to host 'serviciosdigitales.movilidadavanzadabello.com.co'. Adding certificate verification is strongly advised. See: https://urllib3.readthedocs.io/en/latest/advanced-usage.html#tls-warnings
  warnings.warn(
/home/comparendos/venv/lib/python3.12/site-packages/urllib3/connectionpool.py:1097: InsecureRequestWarning: Unverified HTTPS request is being made to host 'serviciosdigitales.movilidadavanzadabello.com.co'. Adding certificate verification is strongly advised. See: https://urllib3.readthedocs.io/en/latest/advanced-usage.html#tls-warnings
  warnings.warn(
/home/comparendos/venv/lib/python3.12/site-packages/urllib3/connectionpool.py:1097: InsecureRequestWarning: Unverified HTTPS request is being made to host 'serviciosdigitales.movilidadavanzadabello.com.co'. Adding certificate verification is strongly advised. See: https://urllib3.readthedocs.io/en/latest/advanced-usage.html#tls-warnings
  warnings.warn(
/home/comparendos/venv/lib/python3.12/site-packages/urllib3/connectionpool.py:1097: InsecureRequestWarning: Unverified HTTPS request is being made to host 'serviciosdigitales.movilidadavanzadabello.com.co'. Adding certificate verification is strongly advised. See: https://urllib3.readthedocs.io/en/latest/advanced-usage.html#tls-warnings
  warnings.warn(
/home/comparendos/venv/lib/python3.12/site-packages/urllib3/connectionpool.py:1097: InsecureRequestWarning: Unverified HTTPS request is being made to host 'serviciosdigitales.movilidadavanzadabello.com.co'. Adding certificate verification is strongly advised. See: https://urllib3.readthedocs.io/en/latest/advanced-usage.html#tls-warnings
  warnings.warn(
/home/comparendos/venv/lib/python3.12/site-packages/urllib3/connectionpool.py:1097: InsecureRequestWarning: Unverified HTTPS request is being made to host 'serviciosdigitales.movilidadavanzadabello.com.co'. Adding certificate verification is strongly advised. See: https://urllib3.readthedocs.io/en/latest/advanced-usage.html#tls-warnings
  warnings.warn(
/home/comparendos/venv/lib/python3.12/site-packages/urllib3/connectionpool.py:1097: InsecureRequestWarning: Unverified HTTPS request is being made to host 'serviciosdigitales.movilidadavanzadabello.com.co'. Adding certificate verification is strongly advised. See: https://urllib3.readthedocs.io/en/latest/advanced-usage.html#tls-warnings
  warnings.warn(
/home/comparendos/venv/lib/python3.12/site-packages/urllib3/connectionpool.py:1097: InsecureRequestWarning: Unverified HTTPS request is being made to host 'serviciosdigitales.movilidadavanzadabello.com.co'. Adding certificate verification is strongly advised. See: https://urllib3.readthedocs.io/en/latest/advanced-usage.html#tls-warnings
  warnings.warn(
/home/comparendos/venv/lib/python3.12/site-packages/urllib3/connectionpool.py:1097: InsecureRequestWarning: Unverified HTTPS request is being made to host 'serviciosdigitales.movilidadavanzadabello.com.co'. Adding certificate verification is strongly advised. See: https://urllib3.readthedocs.io/en/latest/advanced-usage.html#tls-warnings
  warnings.warn(
/home/comparendos/venv/lib/python3.12/site-packages/urllib3/connectionpool.py:1097: InsecureRequestWarning: Unverified HTTPS request is being made to host 'serviciosdigitales.movilidadavanzadabello.com.co'. Adding certificate verification is strongly advised. See: https://urllib3.readthedocs.io/en/latest/advanced-usage.html#tls-warnings
  warnings.warn(
/home/comparendos/venv/lib/python3.12/site-packages/urllib3/connectionpool.py:1097: InsecureRequestWarning: Unverified HTTPS request is being made to host 'serviciosdigitales.movilidadavanzadabello.com.co'. Adding certificate verification is strongly advised. See: https://urllib3.readthedocs.io/en/latest/advanced-usage.html#tls-warnings
  warnings.warn(
/home/comparendos/venv/lib/python3.12/site-packages/urllib3/connectionpool.py:1097: InsecureRequestWarning: Unverified HTTPS request is being made to host 'serviciosdigitales.movilidadavanzadabello.com.co'. Adding certificate verification is strongly advised. See: https://urllib3.readthedocs.io/en/latest/advanced-usage.html#tls-warnings
  warnings.warn(
/home/comparendos/venv/lib/python3.12/site-packages/urllib3/connectionpool.py:1097: InsecureRequestWarning: Unverified HTTPS request is being made to host 'serviciosdigitales.movilidadavanzadabello.com.co'. Adding certificate verification is strongly advised. See: https://urllib3.readthedocs.io/en/latest/advanced-usage.html#tls-warnings
  warnings.warn(
/home/comparendos/venv/lib/python3.12/site-packages/urllib3/connectionpool.py:1097: InsecureRequestWarning: Unverified HTTPS request is being made to host 'serviciosdigitales.movilidadavanzadabello.com.co'. Adding certificate verification is strongly advised. See: https://urllib3.readthedocs.io/en/latest/advanced-usage.html#tls-warnings
  warnings.warn(
/home/comparendos/venv/lib/python3.12/site-packages/urllib3/connectionpool.py:1097: InsecureRequestWarning: Unverified HTTPS request is being made to host 'serviciosdigitales.movilidadavanzadabello.com.co'. Adding certificate verification is strongly advised. See: https://urllib3.readthedocs.io/en/latest/advanced-usage.html#tls-warnings
  warnings.warn(
/home/comparendos/venv/lib/python3.12/site-packages/urllib3/connectionpool.py:1097: InsecureRequestWarning: Unverified HTTPS request is being made to host 'serviciosdigitales.movilidadavanzadabello.com.co'. Adding certificate verification is strongly advised. See: https://urllib3.readthedocs.io/en/latest/advanced-usage.html#tls-warnings
  warnings.warn(
/home/comparendos/venv/lib/python3.12/site-packages/urllib3/connectionpool.py:1097: InsecureRequestWarning: Unverified HTTPS request is being made to host 'serviciosdigitales.movilidadavanzadabello.com.co'. Adding certificate verification is strongly advised. See: https://urllib3.readthedocs.io/en/latest/advanced-usage.html#tls-warnings
  warnings.warn(
/home/comparendos/venv/lib/python3.12/site-packages/urllib3/connectionpool.py:1097: InsecureRequestWarning: Unverified HTTPS request is being made to host 'serviciosdigitales.movilidadavanzadabello.com.co'. Adding certificate verification is strongly advised. See: https://urllib3.readthedocs.io/en/latest/advanced-usage.html#tls-warnings
  warnings.warn(
/home/comparendos/venv/lib/python3.12/site-packages/urllib3/connectionpool.py:1097: InsecureRequestWarning: Unverified HTTPS request is being made to host 'serviciosdigitales.movilidadavanzadabello.com.co'. Adding certificate verification is strongly advised. See: https://urllib3.readthedocs.io/en/latest/advanced-usage.html#tls-warnings
  warnings.warn(
/home/comparendos/venv/lib/python3.12/site-packages/urllib3/connectionpool.py:1097: InsecureRequestWarning: Unverified HTTPS request is being made to host 'serviciosdigitales.movilidadavanzadabello.com.co'. Adding certificate verification is strongly advised. See: https://urllib3.readthedocs.io/en/latest/advanced-usage.html#tls-warnings
  warnings.warn(
/home/comparendos/venv/lib/python3.12/site-packages/urllib3/connectionpool.py:1097: InsecureRequestWarning: Unverified HTTPS request is being made to host 'serviciosdigitales.movilidadavanzadabello.com.co'. Adding certificate verification is strongly advised. See: https://urllib3.readthedocs.io/en/latest/advanced-usage.html#tls-warnings
  warnings.warn(
/home/comparendos/venv/lib/python3.12/site-packages/urllib3/connectionpool.py:1097: InsecureRequestWarning: Unverified HTTPS request is being made to host 'serviciosdigitales.movilidadavanzadabello.com.co'. Adding certificate verification is strongly advised. See: https://urllib3.readthedocs.io/en/latest/advanced-usage.html#tls-warnings
  warnings.warn(
/home/comparendos/venv/lib/python3.12/site-packages/urllib3/connectionpool.py:1097: InsecureRequestWarning: Unverified HTTPS request is being made to host 'serviciosdigitales.movilidadavanzadabello.com.co'. Adding certificate verification is strongly advised. See: https://urllib3.readthedocs.io/en/latest/advanced-usage.html#tls-warnings
  warnings.warn(
/home/comparendos/venv/lib/python3.12/site-packages/urllib3/connectionpool.py:1097: InsecureRequestWarning: Unverified HTTPS request is being made to host 'serviciosdigitales.movilidadavanzadabello.com.co'. Adding certificate verification is strongly advised. See: https://urllib3.readthedocs.io/en/latest/advanced-usage.html#tls-warnings
  warnings.warn(
/home/comparendos/venv/lib/python3.12/site-packages/urllib3/connectionpool.py:1097: InsecureRequestWarning: Unverified HTTPS request is being made to host 'serviciosdigitales.movilidadavanzadabello.com.co'. Adding certificate verification is strongly advised. See: https://urllib3.readthedocs.io/en/latest/advanced-usage.html#tls-warnings
  warnings.warn(
/home/comparendos/venv/lib/python3.12/site-packages/urllib3/connectionpool.py:1097: InsecureRequestWarning: Unverified HTTPS request is being made to host 'serviciosdigitales.movilidadavanzadabello.com.co'. Adding certificate verification is strongly advised. See: https://urllib3.readthedocs.io/en/latest/advanced-usage.html#tls-warnings
  warnings.warn(
/home/comparendos/venv/lib/python3.12/site-packages/urllib3/connectionpool.py:1097: InsecureRequestWarning: Unverified HTTPS request is being made to host 'serviciosdigitales.movilidadavanzadabello.com.co'. Adding certificate verification is strongly advised. See: https://urllib3.readthedocs.io/en/latest/advanced-usage.html#tls-warnings
  warnings.warn(
/home/comparendos/venv/lib/python3.12/site-packages/urllib3/connectionpool.py:1097: InsecureRequestWarning: Unverified HTTPS request is being made to host 'serviciosdigitales.movilidadavanzadabello.com.co'. Adding certificate verification is strongly advised. See: https://urllib3.readthedocs.io/en/latest/advanced-usage.html#tls-warnings
  warnings.warn(
/home/comparendos/venv/lib/python3.12/site-packages/urllib3/connectionpool.py:1097: InsecureRequestWarning: Unverified HTTPS request is being made to host 'serviciosdigitales.movilidadavanzadabello.com.co'. Adding certificate verification is strongly advised. See: https://urllib3.readthedocs.io/en/latest/advanced-usage.html#tls-warnings
  warnings.warn(
/home/comparendos/venv/lib/python3.12/site-packages/urllib3/connectionpool.py:1097: InsecureRequestWarning: Unverified HTTPS request is being made to host 'serviciosdigitales.movilidadavanzadabello.com.co'. Adding certificate verification is strongly advised. See: https://urllib3.readthedocs.io/en/latest/advanced-usage.html#tls-warnings
  warnings.warn(
/home/comparendos/venv/lib/python3.12/site-packages/urllib3/connectionpool.py:1097: InsecureRequestWarning: Unverified HTTPS request is being made to host 'serviciosdigitales.movilidadavanzadabello.com.co'. Adding certificate verification is strongly advised. See: https://urllib3.readthedocs.io/en/latest/advanced-usage.html#tls-warnings
  warnings.warn(
/home/comparendos/venv/lib/python3.12/site-packages/urllib3/connectionpool.py:1097: InsecureRequestWarning: Unverified HTTPS request is being made to host 'serviciosdigitales.movilidadavanzadabello.com.co'. Adding certificate verification is strongly advised. See: https://urllib3.readthedocs.io/en/latest/advanced-usage.html#tls-warnings
  warnings.warn(
/home/comparendos/venv/lib/python3.12/site-packages/urllib3/connectionpool.py:1097: InsecureRequestWarning: Unverified HTTPS request is being made to host 'serviciosdigitales.movilidadavanzadabello.com.co'. Adding certificate verification is strongly advised. See: https://urllib3.readthedocs.io/en/latest/advanced-usage.html#tls-warnings
  warnings.warn(
/home/comparendos/venv/lib/python3.12/site-packages/urllib3/connectionpool.py:1097: InsecureRequestWarning: Unverified HTTPS request is being made to host 'serviciosdigitales.movilidadavanzadabello.com.co'. Adding certificate verification is strongly advised. See: https://urllib3.readthedocs.io/en/latest/advanced-usage.html#tls-warnings
  warnings.warn(
/home/comparendos/venv/lib/python3.12/site-packages/urllib3/connectionpool.py:1097: InsecureRequestWarning: Unverified HTTPS request is being made to host 'serviciosdigitales.movilidadavanzadabello.com.co'. Adding certificate verification is strongly advised. See: https://urllib3.readthedocs.io/en/latest/advanced-usage.html#tls-warnings
  warnings.warn(
/home/comparendos/venv/lib/python3.12/site-packages/urllib3/connectionpool.py:1097: InsecureRequestWarning: Unverified HTTPS request is being made to host 'serviciosdigitales.movilidadavanzadabello.com.co'. Adding certificate verification is strongly advised. See: https://urllib3.readthedocs.io/en/latest/advanced-usage.html#tls-warnings
  warnings.warn(
/home/comparendos/venv/lib/python3.12/site-packages/urllib3/connectionpool.py:1097: InsecureRequestWarning: Unverified HTTPS request is being made to host 'serviciosdigitales.movilidadavanzadabello.com.co'. Adding certificate verification is strongly advised. See: https://urllib3.readthedocs.io/en/latest/advanced-usage.html#tls-warnings
  warnings.warn(
/home/comparendos/venv/lib/python3.12/site-packages/urllib3/connectionpool.py:1097: InsecureRequestWarning: Unverified HTTPS request is being made to host 'serviciosdigitales.movilidadavanzadabello.com.co'. Adding certificate verification is strongly advised. See: https://urllib3.readthedocs.io/en/latest/advanced-usage.html#tls-warnings
  warnings.warn(
/home/comparendos/venv/lib/python3.12/site-packages/urllib3/connectionpool.py:1097: InsecureRequestWarning: Unverified HTTPS request is being made to host 'serviciosdigitales.movilidadavanzadabello.com.co'. Adding certificate verification is strongly advised. See: https://urllib3.readthedocs.io/en/latest/advanced-usage.html#tls-warnings
  warnings.warn(
/home/comparendos/venv/lib/python3.12/site-packages/urllib3/connectionpool.py:1097: InsecureRequestWarning: Unverified HTTPS request is being made to host 'serviciosdigitales.movilidadavanzadabello.com.co'. Adding certificate verification is strongly advised. See: https://urllib3.readthedocs.io/en/latest/advanced-usage.html#tls-warnings
  warnings.warn(
/home/comparendos/venv/lib/python3.12/site-packages/urllib3/connectionpool.py:1097: InsecureRequestWarning: Unverified HTTPS request is being made to host 'serviciosdigitales.movilidadavanzadabello.com.co'. Adding certificate verification is strongly advised. See: https://urllib3.readthedocs.io/en/latest/advanced-usage.html#tls-warnings
  warnings.warn(
/home/comparendos/venv/lib/python3.12/site-packages/urllib3/connectionpool.py:1097: InsecureRequestWarning: Unverified HTTPS request is being made to host 'serviciosdigitales.movilidadavanzadabello.com.co'. Adding certificate verification is strongly advised. See: https://urllib3.readthedocs.io/en/latest/advanced-usage.html#tls-warnings
  warnings.warn(

El comparendo ya fue notificado previamente Documento: 1036625852 Comparendo: D05001000000054335874
El comparendo ya fue notificado previamente Documento: 1037655375 Comparendo: D05001000000054707586
El comparendo ya fue notificado previamente Documento: 71791254 Comparendo: 05001000000054595439
[2026-07-17 13:19:57] Enviando 10 templates para el bloque (process_template_id: E4LFqewiN7CX)
Payload para el envío E4LFqewiN7CX:
{
  "users": [
    {
      "phone": "+573206376259",
      "parameters": [
        {
          "order": 0,
          "parameter": "MEDELLIN"
        },
        {
          "order": 1,
          "parameter": "2026-07-16"
        },
        {
          "order": 2,
          "parameter": "USS09E"
        },
        {
          "order": 3,
          "parameter": "C02"
        },
        {
          "order": 4,
          "parameter": "Estacionar un vehículo en sitios prohibidos"
        }
      ]
    },
    {
      "phone": "+573116352877",
      "parameters": [
        {
          "order": 0,
          "parameter": "MEDELLIN"
        },
        {
          "order": 1,
          "parameter": "2026-04-25"
        },
        {
          "order": 2,
          "parameter": "HGT606"
        },
        {
          "order": 3,
          "parameter": "C29"
        },
        {
          "order": 4,
          "parameter": "Conducir un vehículo a velocidad superior a la máxima permitida"
        }
      ]
    },
    {
      "phone": "+573116352877",
      "parameters": [
        {
          "order": 0,
          "parameter": "MEDELLIN"
        },
        {
          "order": 1,
          "parameter": "2026-05-24"
        },
        {
          "order": 2,
          "parameter": "HGT606"
        },
        {
          "order": 3,
          "parameter": "C29"
        },
        {
          "order": 4,
          "parameter": "Conducir un vehículo a velocidad superior a la máxima permitida"
        }
      ]
    },
    {
      "phone": "+573116352877",
      "parameters": [
        {
          "order": 0,
          "parameter": "MEDELLIN"
        },
        {
          "order": 1,
          "parameter": "2026-06-28"
        },
        {
          "order": 2,
          "parameter": "WCH19C"
        },
        {
          "order": 3,
          "parameter": "D02"
        },
        {
          "order": 4,
          "parameter": "Conducir sin portar los seguros ordenados por la ley. Además, el vehículo será inmovilizado"
        }
      ]
    },
    {
      "phone": "+573116352877",
      "parameters": [
        {
          "order": 0,
          "parameter": "MEDELLIN"
        },
        {
          "order": 1,
          "parameter": "2026-07-01"
        },
        {
          "order": 2,
          "parameter": "WCH19C"
        },
        {
          "order": 3,
          "parameter": "C35"
        },
        {
          "order": 4,
          "parameter": "No realizar la revisión técnico-mecánica en el plazo legal establecido o cuando el vehículo no se encuentre en adecuadas condiciones técnico-mecánicas o de emisiones contaminantes, aun cuando porte los certificados correspondientes, además el vehículo será inmovilizado."
        }
      ]
    },
    {
      "phone": "+573116352877",
      "parameters": [
        {
          "order": 0,
          "parameter": "MEDELLIN"
        },
        {
          "order": 1,
          "parameter": "2026-05-15"
        },
        {
          "order": 2,
          "parameter": "WCH19C"
        },
        {
          "order": 3,
          "parameter": "D02"
        },
        {
          "order": 4,
          "parameter": "Conducir sin portar los seguros ordenados por la ley. Además, el vehículo será inmovilizado"
        }
      ]
    },
    {
      "phone": "+573116352877",
      "parameters": [
        {
          "order": 0,
          "parameter": "MEDELLIN"
        },
        {
          "order": 1,
          "parameter": "2026-05-15"
        },
        {
          "order": 2,
          "parameter": "WCH19C"
        },
        {
          "order": 3,
          "parameter": "C35"
        },
        {
          "order": 4,
          "parameter": "No realizar la revisión técnico-mecánica en el plazo legal establecido o cuando el vehículo no se encuentre en adecuadas condiciones técnico-mecánicas o de emisiones contaminantes, aun cuando porte los certificados correspondientes, además el vehículo será inmovilizado."
        }
      ]
    },
    {
      "phone": "+573116352877",
      "parameters": [
        {
          "order": 0,
          "parameter": "MEDELLIN"
        },
        {
          "order": 1,
          "parameter": "2026-05-04"
        },
        {
          "order": 2,
          "parameter": "HGT606"
        },
        {
          "order": 3,
          "parameter": "C29"
        },
        {
          "order": 4,
          "parameter": "Conducir un vehículo a velocidad superior a la máxima permitida"
        }
      ]
    },
    {
      "phone": "+573116352877",
      "parameters": [
        {
          "order": 0,
          "parameter": "MEDELLIN"
        },
        {
          "order": 1,
          "parameter": "2026-02-24"
        },
        {
          "order": 2,
          "parameter": "HGT606"
        },
        {
          "order": 3,
          "parameter": "C29"
        },
        {
          "order": 4,
          "parameter": "Conducir un vehículo a velocidad superior a la máxima permitida"
        }
      ]
    },
    {
      "phone": "+573147392300",
      "parameters": [
        {
          "order": 0,
          "parameter": "BELLO"
        },
        {
          "order": 1,
          "parameter": "2025-11-30"
        },
        {
          "order": 2,
          "parameter": "HXV413"
        },
        {
          "order": 3,
          "parameter": "C29"
        },
        {
          "order": 4,
          "parameter": "Conducir un vehículo a velocidad superior a la máxima permitida, la cual deberá estar señalizada en forma sectorizada, la cual no podrá ser superior"
        }
      ]
    }
  ],
  "SaveInfo": false,
  "origin": "API",
  "templateName": "notificacion_comparendos",
  "language": "ES",
  "sender": "School Center",
  "ParametersName": []
}
[2026-07-17 13:20:02] Enviando 10 templates.
[2026-07-17 13:20:02] Respuesta del envío: True - 
El comparendo ya fue notificado previamente Documento: 43628169 Comparendo: D05001000000054698425
El comparendo ya fue notificado previamente Documento: 1409927 Comparendo: D05001000000051375151
El comparendo ya fue notificado previamente Documento: 1040735377 Comparendo: D05001000000054625107
El comparendo ya fue notificado previamente Documento: 1040735377 Comparendo: D05631000000055818872
El comparendo ya fue notificado previamente Documento: 71765331 Comparendo: D05001000000054383860
El comparendo ya fue notificado previamente Documento: 1017187825 Comparendo: D05001000000054678803
El comparendo ya fue notificado previamente Documento: 1140830957 Comparendo: D05088000000054828723
[2026-07-17 13:29:59] Enviando 9 templates para el bloque (process_template_id: PhILnZdW7x9c)
Payload para el envío PhILnZdW7x9c:
{
  "users": [
    {
      "phone": "+573107145565",
      "parameters": [
        {
          "order": 0,
          "parameter": "MEDELLIN"
        },
        {
          "order": 1,
          "parameter": "2026-01-28"
        },
        {
          "order": 2,
          "parameter": "MLM16B"
        },
        {
          "order": 3,
          "parameter": "C14"
        },
        {
          "order": 4,
          "parameter": "Transitar por sitios restringidos o en horas prohibidas por la autoridad competente. Además, el vehículo será inmovilizado"
        }
      ]
    },
    {
      "phone": "+573106443311",
      "parameters": [
        {
          "order": 0,
          "parameter": "MEDELLIN"
        },
        {
          "order": 1,
          "parameter": "2026-06-02"
        },
        {
          "order": 2,
          "parameter": "TPW214"
        },
        {
          "order": 3,
          "parameter": "B02"
        },
        {
          "order": 4,
          "parameter": "Conducir un vehículo con la licencia de conducción vencida"
        }
      ]
    },
    {
      "phone": "+573106443311",
      "parameters": [
        {
          "order": 0,
          "parameter": "MEDELLIN"
        },
        {
          "order": 1,
          "parameter": "2026-02-26"
        },
        {
          "order": 2,
          "parameter": "EQW254"
        },
        {
          "order": 3,
          "parameter": "B02"
        },
        {
          "order": 4,
          "parameter": "Conducir un vehículo con la licencia de conducción vencida"
        }
      ]
    },
    {
      "phone": "+573106443311",
      "parameters": [
        {
          "order": 0,
          "parameter": "MEDELLIN"
        },
        {
          "order": 1,
          "parameter": "2026-02-26"
        },
        {
          "order": 2,
          "parameter": "EQW254"
        },
        {
          "order": 3,
          "parameter": "D03"
        },
        {
          "order": 4,
          "parameter": "Transitar en sentido contrario al estipulado para la vía, calzada ocarril."
        }
      ]
    },
    {
      "phone": "+573106443311",
      "parameters": [
        {
          "order": 0,
          "parameter": "MEDELLIN"
        },
        {
          "order": 1,
          "parameter": "2026-06-01"
        },
        {
          "order": 2,
          "parameter": "TPW214"
        },
        {
          "order": 3,
          "parameter": "B15"
        },
        {
          "order": 4,
          "parameter": "Conducir un vehículo de servicio público que no lleve el aviso de tarifas oficiales en condiciones de fácil lectura para los pasajeros o poseer este aviso deteriorado o adulterado"
        }
      ]
    },
    {
      "phone": "+573106443311",
      "parameters": [
        {
          "order": 0,
          "parameter": "MEDELLIN"
        },
        {
          "order": 1,
          "parameter": "2026-06-01"
        },
        {
          "order": 2,
          "parameter": "TPW214"
        },
        {
          "order": 3,
          "parameter": "B02"
        },
        {
          "order": 4,
          "parameter": "Conducir un vehículo con la licencia de conducción vencida"
        }
      ]
    },
    {
      "phone": "+573104597668",
      "parameters": [
        {
          "order": 0,
          "parameter": "MEDELLIN"
        },
        {
          "order": 1,
          "parameter": "2025-11-05"
        },
        {
          "order": 2,
          "parameter": "ADF88C"
        },
        {
          "order": 3,
          "parameter": "C14"
        },
        {
          "order": 4,
          "parameter": "Transitar por sitios restringidos o en horas prohibidas por la autoridad competente. Además, el vehículo será inmovilizado"
        }
      ]
    },
    {
      "phone": "+573104597668",
      "parameters": [
        {
          "order": 0,
          "parameter": "MEDELLIN"
        },
        {
          "order": 1,
          "parameter": "2025-10-29"
        },
        {
          "order": 2,
          "parameter": "ADF88C"
        },
        {
          "order": 3,
          "parameter": "C14"
        },
        {
          "order": 4,
          "parameter": "Transitar por sitios restringidos o en horas prohibidas por la autoridad competente. Además, el vehículo será inmovilizado"
        }
      ]
    },
    {
      "phone": "+573158890654",
      "parameters": [
        {
          "order": 0,
          "parameter": "MEDELLIN"
        },
        {
          "order": 1,
          "parameter": "2026-06-26"
        },
        {
          "order": 2,
          "parameter": "JZP155"
        },
        {
          "order": 3,
          "parameter": "D02"
        },
        {
          "order": 4,
          "parameter": "Conducir sin portar los seguros ordenados por la ley. Además, el vehículo será inmovilizado"
        }
      ]
    }
  ],
  "SaveInfo": false,
  "origin": "API",
  "templateName": "notificacion_comparendos",
  "language": "ES",
  "sender": "School Center",
  "ParametersName": []
}/home/comparendos/venv/lib/python3.12/site-packages/urllib3/connectionpool.py:1097: InsecureRequestWarning: Unverified HTTPS request is being made to host 'serviciosdigitales.movilidadavanzadabello.com.co'. Adding certificate verification is strongly advised. See: https://urllib3.readthedocs.io/en/latest/advanced-usage.html#tls-warnings
  warnings.warn(
/home/comparendos/venv/lib/python3.12/site-packages/urllib3/connectionpool.py:1097: InsecureRequestWarning: Unverified HTTPS request is being made to host 'serviciosdigitales.movilidadavanzadabello.com.co'. Adding certificate verification is strongly advised. See: https://urllib3.readthedocs.io/en/latest/advanced-usage.html#tls-warnings
  warnings.warn(
/home/comparendos/venv/lib/python3.12/site-packages/urllib3/connectionpool.py:1097: InsecureRequestWarning: Unverified HTTPS request is being made to host 'serviciosdigitales.movilidadavanzadabello.com.co'. Adding certificate verification is strongly advised. See: https://urllib3.readthedocs.io/en/latest/advanced-usage.html#tls-warnings
  warnings.warn(
/home/comparendos/venv/lib/python3.12/site-packages/urllib3/connectionpool.py:1097: InsecureRequestWarning: Unverified HTTPS request is being made to host 'serviciosdigitales.movilidadavanzadabello.com.co'. Adding certificate verification is strongly advised. See: https://urllib3.readthedocs.io/en/latest/advanced-usage.html#tls-warnings
  warnings.warn(
/home/comparendos/venv/lib/python3.12/site-packages/urllib3/connectionpool.py:1097: InsecureRequestWarning: Unverified HTTPS request is being made to host 'serviciosdigitales.movilidadavanzadabello.com.co'. Adding certificate verification is strongly advised. See: https://urllib3.readthedocs.io/en/latest/advanced-usage.html#tls-warnings
  warnings.warn(
/home/comparendos/venv/lib/python3.12/site-packages/urllib3/connectionpool.py:1097: InsecureRequestWarning: Unverified HTTPS request is being made to host 'serviciosdigitales.movilidadavanzadabello.com.co'. Adding certificate verification is strongly advised. See: https://urllib3.readthedocs.io/en/latest/advanced-usage.html#tls-warnings
  warnings.warn(
/home/comparendos/venv/lib/python3.12/site-packages/urllib3/connectionpool.py:1097: InsecureRequestWarning: Unverified HTTPS request is being made to host 'serviciosdigitales.movilidadavanzadabello.com.co'. Adding certificate verification is strongly advised. See: https://urllib3.readthedocs.io/en/latest/advanced-usage.html#tls-warnings
  warnings.warn(
/home/comparendos/venv/lib/python3.12/site-packages/urllib3/connectionpool.py:1097: InsecureRequestWarning: Unverified HTTPS request is being made to host 'serviciosdigitales.movilidadavanzadabello.com.co'. Adding certificate verification is strongly advised. See: https://urllib3.readthedocs.io/en/latest/advanced-usage.html#tls-warnings
  warnings.warn(
/home/comparendos/venv/lib/python3.12/site-packages/urllib3/connectionpool.py:1097: InsecureRequestWarning: Unverified HTTPS request is being made to host 'serviciosdigitales.movilidadavanzadabello.com.co'. Adding certificate verification is strongly advised. See: https://urllib3.readthedocs.io/en/latest/advanced-usage.html#tls-warnings
  warnings.warn(
/home/comparendos/venv/lib/python3.12/site-packages/urllib3/connectionpool.py:1097: InsecureRequestWarning: Unverified HTTPS request is being made to host 'serviciosdigitales.movilidadavanzadabello.com.co'. Adding certificate verification is strongly advised. See: https://urllib3.readthedocs.io/en/latest/advanced-usage.html#tls-warnings
  warnings.warn(
/home/comparendos/venv/lib/python3.12/site-packages/urllib3/connectionpool.py:1097: InsecureRequestWarning: Unverified HTTPS request is being made to host 'serviciosdigitales.movilidadavanzadabello.com.co'. Adding certificate verification is strongly advised. See: https://urllib3.readthedocs.io/en/latest/advanced-usage.html#tls-warnings
  warnings.warn(
/home/comparendos/venv/lib/python3.12/site-packages/urllib3/connectionpool.py:1097: InsecureRequestWarning: Unverified HTTPS request is being made to host 'serviciosdigitales.movilidadavanzadabello.com.co'. Adding certificate verification is strongly advised. See: https://urllib3.readthedocs.io/en/latest/advanced-usage.html#tls-warnings
  warnings.warn(
/home/comparendos/venv/lib/python3.12/site-packages/urllib3/connectionpool.py:1097: InsecureRequestWarning: Unverified HTTPS request is being made to host 'serviciosdigitales.movilidadavanzadabello.com.co'. Adding certificate verification is strongly advised. See: https://urllib3.readthedocs.io/en/latest/advanced-usage.html#tls-warnings
  warnings.warn(
/home/comparendos/venv/lib/python3.12/site-packages/urllib3/connectionpool.py:1097: InsecureRequestWarning: Unverified HTTPS request is being made to host 'serviciosdigitales.movilidadavanzadabello.com.co'. Adding certificate verification is strongly advised. See: https://urllib3.readthedocs.io/en/latest/advanced-usage.html#tls-warnings
  warnings.warn(
/home/comparendos/venv/lib/python3.12/site-packages/urllib3/connectionpool.py:1097: InsecureRequestWarning: Unverified HTTPS request is being made to host 'serviciosdigitales.movilidadavanzadabello.com.co'. Adding certificate verification is strongly advised. See: https://urllib3.readthedocs.io/en/latest/advanced-usage.html#tls-warnings
  warnings.warn(
/home/comparendos/venv/lib/python3.12/site-packages/urllib3/connectionpool.py:1097: InsecureRequestWarning: Unverified HTTPS request is being made to host 'serviciosdigitales.movilidadavanzadabello.com.co'. Adding certificate verification is strongly advised. See: https://urllib3.readthedocs.io/en/latest/advanced-usage.html#tls-warnings
  warnings.warn(

[2026-07-17 13:30:06] Enviando 9 templates.
[2026-07-17 13:30:06] Respuesta del envío: True - 
[2026-07-17 13:32:04] Enviando 1 templates para el bloque (process_template_id: nyVeMH6LV621)
Payload para el envío nyVeMH6LV621:
{
  "users": [
    {
      "phone": "+573113342844",
      "parameters": [
        {
          "order": 0,
          "parameter": "MEDELLIN"
        },
        {
          "order": 1,
          "parameter": "2026-02-28"
        },
        {
          "order": 2,
          "parameter": "GVM394"
        },
        {
          "order": 3,
          "parameter": "C29"
        },
        {
          "order": 4,
          "parameter": "Conducir un vehículo a velocidad superior a la máxima permitida"
        }
      ]
    }
  ],
  "SaveInfo": false,
  "origin": "API",
  "templateName": "notificacion_comparendos",
  "language": "ES",
  "sender": "School Center",
  "ParametersName": []
}
[2026-07-17 13:32:11] Enviando 1 templates.
[2026-07-17 13:32:11] Respuesta del envío: True - 
Fin del proceso mensual: [2026-07-17 13:32:11]
