/home/comparendos/venv/lib/python3.12/site-packages/urllib3/connectionpool.py:1097: InsecureRequestWarning: Unverified HTTPS request is being made to host 'serviciosdigitales.movilidadavanzadabello.com.co'. Adding certificate verification is strongly advised. See: https://urllib3.readthedocs.io/en/latest/advanced-usage.html#tls-warnings
  warnings.warn(
/home/comparendos/venv/lib/python3.12/site-packages/urllib3/connectionpool.py:1097: InsecureRequestWarning: Unverified HTTPS request is being made to host 'serviciosdigitales.movilidadavanzadabello.com.co'. Adding certificate verification is strongly advised. See: https://urllib3.readthedocs.io/en/latest/advanced-usage.html#tls-warnings
  warnings.warn(
/home/comparendos/venv/lib/python3.12/site-packages/urllib3/connectionpool.py:1097: InsecureRequestWarning: Unverified HTTPS request is being made to host 'serviciosdigitales.movilidadavanzadabello.com.co'. Adding certificate verification is strongly advised. See: https://urllib3.readthedocs.io/en/latest/advanced-usage.html#tls-warnings
  warnings.warn(
/home/comparendos/venv/lib/python3.12/site-packages/urllib3/connectionpool.py:1097: InsecureRequestWarning: Unverified HTTPS request is being made to host 'serviciosdigitales.movilidadavanzadabello.com.co'. Adding certificate verification is strongly advised. See: https://urllib3.readthedocs.io/en/latest/advanced-usage.html#tls-warnings
  warnings.warn(
/home/comparendos/venv/lib/python3.12/site-packages/urllib3/connectionpool.py:1097: InsecureRequestWarning: Unverified HTTPS request is being made to host 'serviciosdigitales.movilidadavanzadabello.com.co'. Adding certificate verification is strongly advised. See: https://urllib3.readthedocs.io/en/latest/advanced-usage.html#tls-warnings
  warnings.warn(
/home/comparendos/venv/lib/python3.12/site-packages/urllib3/connectionpool.py:1097: InsecureRequestWarning: Unverified HTTPS request is being made to host 'serviciosdigitales.movilidadavanzadabello.com.co'. Adding certificate verification is strongly advised. See: https://urllib3.readthedocs.io/en/latest/advanced-usage.html#tls-warnings
  warnings.warn(
/home/comparendos/venv/lib/python3.12/site-packages/urllib3/connectionpool.py:1097: InsecureRequestWarning: Unverified HTTPS request is being made to host 'serviciosdigitales.movilidadavanzadabello.com.co'. Adding certificate verification is strongly advised. See: https://urllib3.readthedocs.io/en/latest/advanced-usage.html#tls-warnings
  warnings.warn(
/home/comparendos/venv/lib/python3.12/site-packages/urllib3/connectionpool.py:1097: InsecureRequestWarning: Unverified HTTPS request is being made to host 'serviciosdigitales.movilidadavanzadabello.com.co'. Adding certificate verification is strongly advised. See: https://urllib3.readthedocs.io/en/latest/advanced-usage.html#tls-warnings
  warnings.warn(
/home/comparendos/venv/lib/python3.12/site-packages/urllib3/connectionpool.py:1097: InsecureRequestWarning: Unverified HTTPS request is being made to host 'serviciosdigitales.movilidadavanzadabello.com.co'. Adding certificate verification is strongly advised. See: https://urllib3.readthedocs.io/en/latest/advanced-usage.html#tls-warnings
  warnings.warn(
/home/comparendos/venv/lib/python3.12/site-packages/urllib3/connectionpool.py:1097: InsecureRequestWarning: Unverified HTTPS request is being made to host 'serviciosdigitales.movilidadavanzadabello.com.co'. Adding certificate verification is strongly advised. See: https://urllib3.readthedocs.io/en/latest/advanced-usage.html#tls-warnings
  warnings.warn(
/home/comparendos/venv/lib/python3.12/site-packages/urllib3/connectionpool.py:1097: InsecureRequestWarning: Unverified HTTPS request is being made to host 'serviciosdigitales.movilidadavanzadabello.com.co'. Adding certificate verification is strongly advised. See: https://urllib3.readthedocs.io/en/latest/advanced-usage.html#tls-warnings
  warnings.warn(
/home/comparendos/venv/lib/python3.12/site-packages/urllib3/connectionpool.py:1097: InsecureRequestWarning: Unverified HTTPS request is being made to host 'serviciosdigitales.movilidadavanzadabello.com.co'. Adding certificate verification is strongly advised. See: https://urllib3.readthedocs.io/en/latest/advanced-usage.html#tls-warnings
  warnings.warn(
/home/comparendos/venv/lib/python3.12/site-packages/urllib3/connectionpool.py:1097: InsecureRequestWarning: Unverified HTTPS request is being made to host 'serviciosdigitales.movilidadavanzadabello.com.co'. Adding certificate verification is strongly advised. See: https://urllib3.readthedocs.io/en/latest/advanced-usage.html#tls-warnings
  warnings.warn(
/home/comparendos/venv/lib/python3.12/site-packages/urllib3/connectionpool.py:1097: InsecureRequestWarning: Unverified HTTPS request is being made to host 'serviciosdigitales.movilidadavanzadabello.com.co'. Adding certificate verification is strongly advised. See: https://urllib3.readthedocs.io/en/latest/advanced-usage.html#tls-warnings
  warnings.warn(
/home/comparendos/venv/lib/python3.12/site-packages/urllib3/connectionpool.py:1097: InsecureRequestWarning: Unverified HTTPS request is being made to host 'serviciosdigitales.movilidadavanzadabello.com.co'. Adding certificate verification is strongly advised. See: https://urllib3.readthedocs.io/en/latest/advanced-usage.html#tls-warnings
  warnings.warn(
/home/comparendos/venv/lib/python3.12/site-packages/urllib3/connectionpool.py:1097: InsecureRequestWarning: Unverified HTTPS request is being made to host 'serviciosdigitales.movilidadavanzadabello.com.co'. Adding certificate verification is strongly advised. See: https://urllib3.readthedocs.io/en/latest/advanced-usage.html#tls-warnings
  warnings.warn(
/home/comparendos/venv/lib/python3.12/site-packages/urllib3/connectionpool.py:1097: InsecureRequestWarning: Unverified HTTPS request is being made to host 'serviciosdigitales.movilidadavanzadabello.com.co'. Adding certificate verification is strongly advised. See: https://urllib3.readthedocs.io/en/latest/advanced-usage.html#tls-warnings
  warnings.warn(
/home/comparendos/venv/lib/python3.12/site-packages/urllib3/connectionpool.py:1097: InsecureRequestWarning: Unverified HTTPS request is being made to host 'serviciosdigitales.movilidadavanzadabello.com.co'. Adding certificate verification is strongly advised. See: https://urllib3.readthedocs.io/en/latest/advanced-usage.html#tls-warnings
  warnings.warn(
/home/comparendos/venv/lib/python3.12/site-packages/urllib3/connectionpool.py:1097: InsecureRequestWarning: Unverified HTTPS request is being made to host 'serviciosdigitales.movilidadavanzadabello.com.co'. Adding certificate verification is strongly advised. See: https://urllib3.readthedocs.io/en/latest/advanced-usage.html#tls-warnings
  warnings.warn(
/home/comparendos/venv/lib/python3.12/site-packages/urllib3/connectionpool.py:1097: InsecureRequestWarning: Unverified HTTPS request is being made to host 'serviciosdigitales.movilidadavanzadabello.com.co'. Adding certificate verification is strongly advised. See: https://urllib3.readthedocs.io/en/latest/advanced-usage.html#tls-warnings
  warnings.warn(
/home/comparendos/venv/lib/python3.12/site-packages/urllib3/connectionpool.py:1097: InsecureRequestWarning: Unverified HTTPS request is being made to host 'serviciosdigitales.movilidadavanzadabello.com.co'. Adding certificate verification is strongly advised. See: https://urllib3.readthedocs.io/en/latest/advanced-usage.html#tls-warnings
  warnings.warn(
/home/comparendos/venv/lib/python3.12/site-packages/urllib3/connectionpool.py:1097: InsecureRequestWarning: Unverified HTTPS request is being made to host 'serviciosdigitales.movilidadavanzadabello.com.co'. Adding certificate verification is strongly advised. See: https://urllib3.readthedocs.io/en/latest/advanced-usage.html#tls-warnings
  warnings.warn(
/home/comparendos/venv/lib/python3.12/site-packages/urllib3/connectionpool.py:1097: InsecureRequestWarning: Unverified HTTPS request is being made to host 'serviciosdigitales.movilidadavanzadabello.com.co'. Adding certificate verification is strongly advised. See: https://urllib3.readthedocs.io/en/latest/advanced-usage.html#tls-warnings
  warnings.warn(
/home/comparendos/venv/lib/python3.12/site-packages/urllib3/connectionpool.py:1097: InsecureRequestWarning: Unverified HTTPS request is being made to host 'serviciosdigitales.movilidadavanzadabello.com.co'. Adding certificate verification is strongly advised. See: https://urllib3.readthedocs.io/en/latest/advanced-usage.html#tls-warnings
  warnings.warn(
/home/comparendos/venv/lib/python3.12/site-packages/urllib3/connectionpool.py:1097: InsecureRequestWarning: Unverified HTTPS request is being made to host 'serviciosdigitales.movilidadavanzadabello.com.co'. Adding certificate verification is strongly advised. See: https://urllib3.readthedocs.io/en/latest/advanced-usage.html#tls-warnings
  warnings.warn(
/home/comparendos/venv/lib/python3.12/site-packages/urllib3/connectionpool.py:1097: InsecureRequestWarning: Unverified HTTPS request is being made to host 'serviciosdigitales.movilidadavanzadabello.com.co'. Adding certificate verification is strongly advised. See: https://urllib3.readthedocs.io/en/latest/advanced-usage.html#tls-warnings
  warnings.warn(
/home/comparendos/venv/lib/python3.12/site-packages/urllib3/connectionpool.py:1097: InsecureRequestWarning: Unverified HTTPS request is being made to host 'serviciosdigitales.movilidadavanzadabello.com.co'. Adding certificate verification is strongly advised. See: https://urllib3.readthedocs.io/en/latest/advanced-usage.html#tls-warnings
  warnings.warn(
/home/comparendos/venv/lib/python3.12/site-packages/urllib3/connectionpool.py:1097: InsecureRequestWarning: Unverified HTTPS request is being made to host 'serviciosdigitales.movilidadavanzadabello.com.co'. Adding certificate verification is strongly advised. See: https://urllib3.readthedocs.io/en/latest/advanced-usage.html#tls-warnings
  warnings.warn(
/home/comparendos/venv/lib/python3.12/site-packages/urllib3/connectionpool.py:1097: InsecureRequestWarning: Unverified HTTPS request is being made to host 'serviciosdigitales.movilidadavanzadabello.com.co'. Adding certificate verification is strongly advised. See: https://urllib3.readthedocs.io/en/latest/advanced-usage.html#tls-warnings
  warnings.warn(
/home/comparendos/venv/lib/python3.12/site-packages/urllib3/connectionpool.py:1097: InsecureRequestWarning: Unverified HTTPS request is being made to host 'serviciosdigitales.movilidadavanzadabello.com.co'. Adding certificate verification is strongly advised. See: https://urllib3.readthedocs.io/en/latest/advanced-usage.html#tls-warnings
  warnings.warn(
/home/comparendos/venv/lib/python3.12/site-packages/urllib3/connectionpool.py:1097: InsecureRequestWarning: Unverified HTTPS request is being made to host 'serviciosdigitales.movilidadavanzadabello.com.co'. Adding certificate verification is strongly advised. See: https://urllib3.readthedocs.io/en/latest/advanced-usage.html#tls-warnings
  warnings.warn(
/home/comparendos/venv/lib/python3.12/site-packages/urllib3/connectionpool.py:1097: InsecureRequestWarning: Unverified HTTPS request is being made to host 'serviciosdigitales.movilidadavanzadabello.com.co'. Adding certificate verification is strongly advised. See: https://urllib3.readthedocs.io/en/latest/advanced-usage.html#tls-warnings
  warnings.warn(
/home/comparendos/venv/lib/python3.12/site-packages/urllib3/connectionpool.py:1097: InsecureRequestWarning: Unverified HTTPS request is being made to host 'serviciosdigitales.movilidadavanzadabello.com.co'. Adding certificate verification is strongly advised. See: https://urllib3.readthedocs.io/en/latest/advanced-usage.html#tls-warnings
  warnings.warn(
/home/comparendos/venv/lib/python3.12/site-packages/urllib3/connectionpool.py:1097: InsecureRequestWarning: Unverified HTTPS request is being made to host 'serviciosdigitales.movilidadavanzadabello.com.co'. Adding certificate verification is strongly advised. See: https://urllib3.readthedocs.io/en/latest/advanced-usage.html#tls-warnings
  warnings.warn(
/home/comparendos/venv/lib/python3.12/site-packages/urllib3/connectionpool.py:1097: InsecureRequestWarning: Unverified HTTPS request is being made to host 'serviciosdigitales.movilidadavanzadabello.com.co'. Adding certificate verification is strongly advised. See: https://urllib3.readthedocs.io/en/latest/advanced-usage.html#tls-warnings
  warnings.warn(
/home/comparendos/venv/lib/python3.12/site-packages/urllib3/connectionpool.py:1097: InsecureRequestWarning: Unverified HTTPS request is being made to host 'serviciosdigitales.movilidadavanzadabello.com.co'. Adding certificate verification is strongly advised. See: https://urllib3.readthedocs.io/en/latest/advanced-usage.html#tls-warnings
  warnings.warn(
/home/comparendos/venv/lib/python3.12/site-packages/urllib3/connectionpool.py:1097: InsecureRequestWarning: Unverified HTTPS request is being made to host 'serviciosdigitales.movilidadavanzadabello.com.co'. Adding certificate verification is strongly advised. See: https://urllib3.readthedocs.io/en/latest/advanced-usage.html#tls-warnings
  warnings.warn(
/home/comparendos/venv/lib/python3.12/site-packages/urllib3/connectionpool.py:1097: InsecureRequestWarning: Unverified HTTPS request is being made to host 'serviciosdigitales.movilidadavanzadabello.com.co'. Adding certificate verification is strongly advised. See: https://urllib3.readthedocs.io/en/latest/advanced-usage.html#tls-warnings
  warnings.warn(
/home/comparendos/venv/lib/python3.12/site-packages/urllib3/connectionpool.py:1097: InsecureRequestWarning: Unverified HTTPS request is being made to host 'serviciosdigitales.movilidadavanzadabello.com.co'. Adding certificate verification is strongly advised. See: https://urllib3.readthedocs.io/en/latest/advanced-usage.html#tls-warnings
  warnings.warn(
/home/comparendos/venv/lib/python3.12/site-packages/urllib3/connectionpool.py:1097: InsecureRequestWarning: Unverified HTTPS request is being made to host 'serviciosdigitales.movilidadavanzadabello.com.co'. Adding certificate verification is strongly advised. See: https://urllib3.readthedocs.io/en/latest/advanced-usage.html#tls-warnings
  warnings.warn(
/home/comparendos/venv/lib/python3.12/site-packages/urllib3/connectionpool.py:1097: InsecureRequestWarning: Unverified HTTPS request is being made to host 'serviciosdigitales.movilidadavanzadabello.com.co'. Adding certificate verification is strongly advised. See: https://urllib3.readthedocs.io/en/latest/advanced-usage.html#tls-warnings
  warnings.warn(
/home/comparendos/venv/lib/python3.12/site-packages/urllib3/connectionpool.py:1097: InsecureRequestWarning: Unverified HTTPS request is being made to host 'serviciosdigitales.movilidadavanzadabello.com.co'. Adding certificate verification is strongly advised. See: https://urllib3.readthedocs.io/en/latest/advanced-usage.html#tls-warnings
  warnings.warn(
/home/comparendos/venv/lib/python3.12/site-packages/urllib3/connectionpool.py:1097: InsecureRequestWarning: Unverified HTTPS request is being made to host 'serviciosdigitales.movilidadavanzadabello.com.co'. Adding certificate verification is strongly advised. See: https://urllib3.readthedocs.io/en/latest/advanced-usage.html#tls-warnings
  warnings.warn(
/home/comparendos/venv/lib/python3.12/site-packages/urllib3/connectionpool.py:1097: InsecureRequestWarning: Unverified HTTPS request is being made to host 'serviciosdigitales.movilidadavanzadabello.com.co'. Adding certificate verification is strongly advised. See: https://urllib3.readthedocs.io/en/latest/advanced-usage.html#tls-warnings
  warnings.warn(
/home/comparendos/venv/lib/python3.12/site-packages/urllib3/connectionpool.py:1097: InsecureRequestWarning: Unverified HTTPS request is being made to host 'serviciosdigitales.movilidadavanzadabello.com.co'. Adding certificate verification is strongly advised. See: https://urllib3.readthedocs.io/en/latest/advanced-usage.html#tls-warnings
  warnings.warn(
/home/comparendos/venv/lib/python3.12/site-packages/urllib3/connectionpool.py:1097: InsecureRequestWarning: Unverified HTTPS request is being made to host 'serviciosdigitales.movilidadavanzadabello.com.co'. Adding certificate verification is strongly advised. See: https://urllib3.readthedocs.io/en/latest/advanced-usage.html#tls-warnings
  warnings.warn(
/home/comparendos/venv/lib/python3.12/site-packages/urllib3/connectionpool.py:1097: InsecureRequestWarning: Unverified HTTPS request is being made to host 'serviciosdigitales.movilidadavanzadabello.com.co'. Adding certificate verification is strongly advised. See: https://urllib3.readthedocs.io/en/latest/advanced-usage.html#tls-warnings
  warnings.warn(
/home/comparendos/venv/lib/python3.12/site-packages/urllib3/connectionpool.py:1097: InsecureRequestWarning: Unverified HTTPS request is being made to host 'serviciosdigitales.movilidadavanzadabello.com.co'. Adding certificate verification is strongly advised. See: https://urllib3.readthedocs.io/en/latest/advanced-usage.html#tls-warnings
  warnings.warn(
/home/comparendos/venv/lib/python3.12/site-packages/urllib3/connectionpool.py:1097: InsecureRequestWarning: Unverified HTTPS request is being made to host 'serviciosdigitales.movilidadavanzadabello.com.co'. Adding certificate verification is strongly advised. See: https://urllib3.readthedocs.io/en/latest/advanced-usage.html#tls-warnings
  warnings.warn(
/home/comparendos/venv/lib/python3.12/site-packages/urllib3/connectionpool.py:1097: InsecureRequestWarning: Unverified HTTPS request is being made to host 'serviciosdigitales.movilidadavanzadabello.com.co'. Adding certificate verification is strongly advised. See: https://urllib3.readthedocs.io/en/latest/advanced-usage.html#tls-warnings
  warnings.warn(
/home/comparendos/venv/lib/python3.12/site-packages/urllib3/connectionpool.py:1097: InsecureRequestWarning: Unverified HTTPS request is being made to host 'serviciosdigitales.movilidadavanzadabello.com.co'. Adding certificate verification is strongly advised. See: https://urllib3.readthedocs.io/en/latest/advanced-usage.html#tls-warnings
  warnings.warn(
/home/comparendos/venv/lib/python3.12/site-packages/urllib3/connectionpool.py:1097: InsecureRequestWarning: Unverified HTTPS request is being made to host 'serviciosdigitales.movilidadavanzadabello.com.co'. Adding certificate verification is strongly advised. See: https://urllib3.readthedocs.io/en/latest/advanced-usage.html#tls-warnings
  warnings.warn(
/home/comparendos/venv/lib/python3.12/site-packages/urllib3/connectionpool.py:1097: InsecureRequestWarning: Unverified HTTPS request is being made to host 'serviciosdigitales.movilidadavanzadabello.com.co'. Adding certificate verification is strongly advised. See: https://urllib3.readthedocs.io/en/latest/advanced-usage.html#tls-warnings
  warnings.warn(
/home/comparendos/venv/lib/python3.12/site-packages/urllib3/connectionpool.py:1097: InsecureRequestWarning: Unverified HTTPS request is being made to host 'serviciosdigitales.movilidadavanzadabello.com.co'. Adding certificate verification is strongly advised. See: https://urllib3.readthedocs.io/en/latest/advanced-usage.html#tls-warnings
  warnings.warn(
/home/comparendos/venv/lib/python3.12/site-packages/urllib3/connectionpool.py:1097: InsecureRequestWarning: Unverified HTTPS request is being made to host 'serviciosdigitales.movilidadavanzadabello.com.co'. Adding certificate verification is strongly advised. See: https://urllib3.readthedocs.io/en/latest/advanced-usage.html#tls-warnings
  warnings.warn(
/home/comparendos/venv/lib/python3.12/site-packages/urllib3/connectionpool.py:1097: InsecureRequestWarning: Unverified HTTPS request is being made to host 'serviciosdigitales.movilidadavanzadabello.com.co'. Adding certificate verification is strongly advised. See: https://urllib3.readthedocs.io/en/latest/advanced-usage.html#tls-warnings
  warnings.warn(
/home/comparendos/venv/lib/python3.12/site-packages/urllib3/connectionpool.py:1097: InsecureRequestWarning: Unverified HTTPS request is being made to host 'serviciosdigitales.movilidadavanzadabello.com.co'. Adding certificate verification is strongly advised. See: https://urllib3.readthedocs.io/en/latest/advanced-usage.html#tls-warnings
  warnings.warn(
/home/comparendos/venv/lib/python3.12/site-packages/urllib3/connectionpool.py:1097: InsecureRequestWarning: Unverified HTTPS request is being made to host 'serviciosdigitales.movilidadavanzadabello.com.co'. Adding certificate verification is strongly advised. See: https://urllib3.readthedocs.io/en/latest/advanced-usage.html#tls-warnings
  warnings.warn(
/home/comparendos/venv/lib/python3.12/site-packages/urllib3/connectionpool.py:1097: InsecureRequestWarning: Unverified HTTPS request is being made to host 'serviciosdigitales.movilidadavanzadabello.com.co'. Adding certificate verification is strongly advised. See: https://urllib3.readthedocs.io/en/latest/advanced-usage.html#tls-warnings
  warnings.warn(
/home/comparendos/venv/lib/python3.12/site-packages/urllib3/connectionpool.py:1097: InsecureRequestWarning: Unverified HTTPS request is being made to host 'serviciosdigitales.movilidadavanzadabello.com.co'. Adding certificate verification is strongly advised. See: https://urllib3.readthedocs.io/en/latest/advanced-usage.html#tls-warnings
  warnings.warn(
/home/comparendos/venv/lib/python3.12/site-packages/urllib3/connectionpool.py:1097: InsecureRequestWarning: Unverified HTTPS request is being made to host 'serviciosdigitales.movilidadavanzadabello.com.co'. Adding certificate verification is strongly advised. See: https://urllib3.readthedocs.io/en/latest/advanced-usage.html#tls-warnings
  warnings.warn(
/home/comparendos/venv/lib/python3.12/site-packages/urllib3/connectionpool.py:1097: InsecureRequestWarning: Unverified HTTPS request is being made to host 'serviciosdigitales.movilidadavanzadabello.com.co'. Adding certificate verification is strongly advised. See: https://urllib3.readthedocs.io/en/latest/advanced-usage.html#tls-warnings
  warnings.warn(
/home/comparendos/venv/lib/python3.12/site-packages/urllib3/connectionpool.py:1097: InsecureRequestWarning: Unverified HTTPS request is being made to host 'serviciosdigitales.movilidadavanzadabello.com.co'. Adding certificate verification is strongly advised. See: https://urllib3.readthedocs.io/en/latest/advanced-usage.html#tls-warnings
  warnings.warn(
/home/comparendos/venv/lib/python3.12/site-packages/urllib3/connectionpool.py:1097: InsecureRequestWarning: Unverified HTTPS request is being made to host 'serviciosdigitales.movilidadavanzadabello.com.co'. Adding certificate verification is strongly advised. See: https://urllib3.readthedocs.io/en/latest/advanced-usage.html#tls-warnings
  warnings.warn(
/home/comparendos/venv/lib/python3.12/site-packages/urllib3/connectionpool.py:1097: InsecureRequestWarning: Unverified HTTPS request is being made to host 'serviciosdigitales.movilidadavanzadabello.com.co'. Adding certificate verification is strongly advised. See: https://urllib3.readthedocs.io/en/latest/advanced-usage.html#tls-warnings
  warnings.warn(
/home/comparendos/venv/lib/python3.12/site-packages/urllib3/connectionpool.py:1097: InsecureRequestWarning: Unverified HTTPS request is being made to host 'serviciosdigitales.movilidadavanzadabello.com.co'. Adding certificate verification is strongly advised. See: https://urllib3.readthedocs.io/en/latest/advanced-usage.html#tls-warnings
  warnings.warn(
/home/comparendos/venv/lib/python3.12/site-packages/urllib3/connectionpool.py:1097: InsecureRequestWarning: Unverified HTTPS request is being made to host 'serviciosdigitales.movilidadavanzadabello.com.co'. Adding certificate verification is strongly advised. See: https://urllib3.readthedocs.io/en/latest/advanced-usage.html#tls-warnings
  warnings.warn(
/home/comparendos/venv/lib/python3.12/site-packages/urllib3/connectionpool.py:1097: InsecureRequestWarning: Unverified HTTPS request is being made to host 'serviciosdigitales.movilidadavanzadabello.com.co'. Adding certificate verification is strongly advised. See: https://urllib3.readthedocs.io/en/latest/advanced-usage.html#tls-warnings
  warnings.warn(
/home/comparendos/venv/lib/python3.12/site-packages/urllib3/connectionpool.py:1097: InsecureRequestWarning: Unverified HTTPS request is being made to host 'serviciosdigitales.movilidadavanzadabello.com.co'. Adding certificate verification is strongly advised. See: https://urllib3.readthedocs.io/en/latest/advanced-usage.html#tls-warnings
  warnings.warn(
/home/comparendos/venv/lib/python3.12/site-packages/urllib3/connectionpool.py:1097: InsecureRequestWarning: Unverified HTTPS request is being made to host 'serviciosdigitales.movilidadavanzadabello.com.co'. Adding certificate verification is strongly advised. See: https://urllib3.readthedocs.io/en/latest/advanced-usage.html#tls-warnings
  warnings.warn(
/home/comparendos/venv/lib/python3.12/site-packages/urllib3/connectionpool.py:1097: InsecureRequestWarning: Unverified HTTPS request is being made to host 'serviciosdigitales.movilidadavanzadabello.com.co'. Adding certificate verification is strongly advised. See: https://urllib3.readthedocs.io/en/latest/advanced-usage.html#tls-warnings
  warnings.warn(
/home/comparendos/venv/lib/python3.12/site-packages/urllib3/connectionpool.py:1097: InsecureRequestWarning: Unverified HTTPS request is being made to host 'serviciosdigitales.movilidadavanzadabello.com.co'. Adding certificate verification is strongly advised. See: https://urllib3.readthedocs.io/en/latest/advanced-usage.html#tls-warnings
  warnings.warn(
/home/comparendos/venv/lib/python3.12/site-packages/urllib3/connectionpool.py:1097: InsecureRequestWarning: Unverified HTTPS request is being made to host 'serviciosdigitales.movilidadavanzadabello.com.co'. Adding certificate verification is strongly advised. See: https://urllib3.readthedocs.io/en/latest/advanced-usage.html#tls-warnings
  warnings.warn(
/home/comparendos/venv/lib/python3.12/site-packages/urllib3/connectionpool.py:1097: InsecureRequestWarning: Unverified HTTPS request is being made to host 'serviciosdigitales.movilidadavanzadabello.com.co'. Adding certificate verification is strongly advised. See: https://urllib3.readthedocs.io/en/latest/advanced-usage.html#tls-warnings
  warnings.warn(
/home/comparendos/venv/lib/python3.12/site-packages/urllib3/connectionpool.py:1097: InsecureRequestWarning: Unverified HTTPS request is being made to host 'serviciosdigitales.movilidadavanzadabello.com.co'. Adding certificate verification is strongly advised. See: https://urllib3.readthedocs.io/en/latest/advanced-usage.html#tls-warnings
  warnings.warn(
/home/comparendos/venv/lib/python3.12/site-packages/urllib3/connectionpool.py:1097: InsecureRequestWarning: Unverified HTTPS request is being made to host 'serviciosdigitales.movilidadavanzadabello.com.co'. Adding certificate verification is strongly advised. See: https://urllib3.readthedocs.io/en/latest/advanced-usage.html#tls-warnings
  warnings.warn(
/home/comparendos/venv/lib/python3.12/site-packages/urllib3/connectionpool.py:1097: InsecureRequestWarning: Unverified HTTPS request is being made to host 'serviciosdigitales.movilidadavanzadabello.com.co'. Adding certificate verification is strongly advised. See: https://urllib3.readthedocs.io/en/latest/advanced-usage.html#tls-warnings
  warnings.warn(
/home/comparendos/venv/lib/python3.12/site-packages/urllib3/connectionpool.py:1097: InsecureRequestWarning: Unverified HTTPS request is being made to host 'serviciosdigitales.movilidadavanzadabello.com.co'. Adding certificate verification is strongly advised. See: https://urllib3.readthedocs.io/en/latest/advanced-usage.html#tls-warnings
  warnings.warn(
/home/comparendos/venv/lib/python3.12/site-packages/urllib3/connectionpool.py:1097: InsecureRequestWarning: Unverified HTTPS request is being made to host 'serviciosdigitales.movilidadavanzadabello.com.co'. Adding certificate verification is strongly advised. See: https://urllib3.readthedocs.io/en/latest/advanced-usage.html#tls-warnings
  warnings.warn(
/home/comparendos/venv/lib/python3.12/site-packages/urllib3/connectionpool.py:1097: InsecureRequestWarning: Unverified HTTPS request is being made to host 'serviciosdigitales.movilidadavanzadabello.com.co'. Adding certificate verification is strongly advised. See: https://urllib3.readthedocs.io/en/latest/advanced-usage.html#tls-warnings
  warnings.warn(
/home/comparendos/venv/lib/python3.12/site-packages/urllib3/connectionpool.py:1097: InsecureRequestWarning: Unverified HTTPS request is being made to host 'serviciosdigitales.movilidadavanzadabello.com.co'. Adding certificate verification is strongly advised. See: https://urllib3.readthedocs.io/en/latest/advanced-usage.html#tls-warnings
  warnings.warn(
/home/comparendos/venv/lib/python3.12/site-packages/urllib3/connectionpool.py:1097: InsecureRequestWarning: Unverified HTTPS request is being made to host 'serviciosdigitales.movilidadavanzadabello.com.co'. Adding certificate verification is strongly advised. See: https://urllib3.readthedocs.io/en/latest/advanced-usage.html#tls-warnings
  warnings.warn(
/home/comparendos/venv/lib/python3.12/site-packages/urllib3/connectionpool.py:1097: InsecureRequestWarning: Unverified HTTPS request is being made to host 'serviciosdigitales.movilidadavanzadabello.com.co'. Adding certificate verification is strongly advised. See: https://urllib3.readthedocs.io/en/latest/advanced-usage.html#tls-warnings
  warnings.warn(
/home/comparendos/venv/lib/python3.12/site-packages/urllib3/connectionpool.py:1097: InsecureRequestWarning: Unverified HTTPS request is being made to host 'serviciosdigitales.movilidadavanzadabello.com.co'. Adding certificate verification is strongly advised. See: https://urllib3.readthedocs.io/en/latest/advanced-usage.html#tls-warnings
  warnings.warn(
/home/comparendos/venv/lib/python3.12/site-packages/urllib3/connectionpool.py:1097: InsecureRequestWarning: Unverified HTTPS request is being made to host 'serviciosdigitales.movilidadavanzadabello.com.co'. Adding certificate verification is strongly advised. See: https://urllib3.readthedocs.io/en/latest/advanced-usage.html#tls-warnings
  warnings.warn(
/home/comparendos/venv/lib/python3.12/site-packages/urllib3/connectionpool.py:1097: InsecureRequestWarning: Unverified HTTPS request is being made to host 'serviciosdigitales.movilidadavanzadabello.com.co'. Adding certificate verification is strongly advised. See: https://urllib3.readthedocs.io/en/latest/advanced-usage.html#tls-warnings
  warnings.warn(
/home/comparendos/venv/lib/python3.12/site-packages/urllib3/connectionpool.py:1097: InsecureRequestWarning: Unverified HTTPS request is being made to host 'serviciosdigitales.movilidadavanzadabello.com.co'. Adding certificate verification is strongly advised. See: https://urllib3.readthedocs.io/en/latest/advanced-usage.html#tls-warnings
  warnings.warn(
/home/comparendos/venv/lib/python3.12/site-packages/urllib3/connectionpool.py:1097: InsecureRequestWarning: Unverified HTTPS request is being made to host 'serviciosdigitales.movilidadavanzadabello.com.co'. Adding certificate verification is strongly advised. See: https://urllib3.readthedocs.io/en/latest/advanced-usage.html#tls-warnings
  warnings.warn(
/home/comparendos/venv/lib/python3.12/site-packages/urllib3/connectionpool.py:1097: InsecureRequestWarning: Unverified HTTPS request is being made to host 'serviciosdigitales.movilidadavanzadabello.com.co'. Adding certificate verification is strongly advised. See: https://urllib3.readthedocs.io/en/latest/advanced-usage.html#tls-warnings
  warnings.warn(
/home/comparendos/venv/lib/python3.12/site-packages/urllib3/connectionpool.py:1097: InsecureRequestWarning: Unverified HTTPS request is being made to host 'serviciosdigitales.movilidadavanzadabello.com.co'. Adding certificate verification is strongly advised. See: https://urllib3.readthedocs.io/en/latest/advanced-usage.html#tls-warnings
  warnings.warn(
/home/comparendos/venv/lib/python3.12/site-packages/urllib3/connectionpool.py:1097: InsecureRequestWarning: Unverified HTTPS request is being made to host 'serviciosdigitales.movilidadavanzadabello.com.co'. Adding certificate verification is strongly advised. See: https://urllib3.readthedocs.io/en/latest/advanced-usage.html#tls-warnings
  warnings.warn(
/home/comparendos/venv/lib/python3.12/site-packages/urllib3/connectionpool.py:1097: InsecureRequestWarning: Unverified HTTPS request is being made to host 'serviciosdigitales.movilidadavanzadabello.com.co'. Adding certificate verification is strongly advised. See: https://urllib3.readthedocs.io/en/latest/advanced-usage.html#tls-warnings
  warnings.warn(
/home/comparendos/venv/lib/python3.12/site-packages/urllib3/connectionpool.py:1097: InsecureRequestWarning: Unverified HTTPS request is being made to host 'serviciosdigitales.movilidadavanzadabello.com.co'. Adding certificate verification is strongly advised. See: https://urllib3.readthedocs.io/en/latest/advanced-usage.html#tls-warnings
  warnings.warn(
/home/comparendos/venv/lib/python3.12/site-packages/urllib3/connectionpool.py:1097: InsecureRequestWarning: Unverified HTTPS request is being made to host 'serviciosdigitales.movilidadavanzadabello.com.co'. Adding certificate verification is strongly advised. See: https://urllib3.readthedocs.io/en/latest/advanced-usage.html#tls-warnings
  warnings.warn(
/home/comparendos/venv/lib/python3.12/site-packages/urllib3/connectionpool.py:1097: InsecureRequestWarning: Unverified HTTPS request is being made to host 'serviciosdigitales.movilidadavanzadabello.com.co'. Adding certificate verification is strongly advised. See: https://urllib3.readthedocs.io/en/latest/advanced-usage.html#tls-warnings
  warnings.warn(
/home/comparendos/venv/lib/python3.12/site-packages/urllib3/connectionpool.py:1097: InsecureRequestWarning: Unverified HTTPS request is being made to host 'serviciosdigitales.movilidadavanzadabello.com.co'. Adding certificate verification is strongly advised. See: https://urllib3.readthedocs.io/en/latest/advanced-usage.html#tls-warnings
  warnings.warn(
/home/comparendos/venv/lib/python3.12/site-packages/urllib3/connectionpool.py:1097: InsecureRequestWarning: Unverified HTTPS request is being made to host 'serviciosdigitales.movilidadavanzadabello.com.co'. Adding certificate verification is strongly advised. See: https://urllib3.readthedocs.io/en/latest/advanced-usage.html#tls-warnings
  warnings.warn(
/home/comparendos/venv/lib/python3.12/site-packages/urllib3/connectionpool.py:1097: InsecureRequestWarning: Unverified HTTPS request is being made to host 'serviciosdigitales.movilidadavanzadabello.com.co'. Adding certificate verification is strongly advised. See: https://urllib3.readthedocs.io/en/latest/advanced-usage.html#tls-warnings
  warnings.warn(
/home/comparendos/venv/lib/python3.12/site-packages/urllib3/connectionpool.py:1097: InsecureRequestWarning: Unverified HTTPS request is being made to host 'serviciosdigitales.movilidadavanzadabello.com.co'. Adding certificate verification is strongly advised. See: https://urllib3.readthedocs.io/en/latest/advanced-usage.html#tls-warnings
  warnings.warn(
/home/comparendos/venv/lib/python3.12/site-packages/urllib3/connectionpool.py:1097: InsecureRequestWarning: Unverified HTTPS request is being made to host 'serviciosdigitales.movilidadavanzadabello.com.co'. Adding certificate verification is strongly advised. See: https://urllib3.readthedocs.io/en/latest/advanced-usage.html#tls-warnings
  warnings.warn(
/home/comparendos/venv/lib/python3.12/site-packages/urllib3/connectionpool.py:1097: InsecureRequestWarning: Unverified HTTPS request is being made to host 'serviciosdigitales.movilidadavanzadabello.com.co'. Adding certificate verification is strongly advised. See: https://urllib3.readthedocs.io/en/latest/advanced-usage.html#tls-warnings
  warnings.warn(
Inicio del proceso diario: [2026-07-10 08:00:01]
Fechas a procesar: ['2026-07-10']
Fecha 2026-07-10: 1289 registros
Total a procesar: 1289 registros
Error en consulta_info_home_public para MEDELLIN: ('Connection aborted.', RemoteDisconnected('Remote end closed connection without response'))
Error en MEDELLIN: 'NoneType' object has no attribute 'json'
El comparendo ya fue notificado previamente Documento: 10271163 Comparendo: 05088000000039699605
[2026-07-10 08:15:43] Enviando 27 templates para el bloque (process_template_id: 5DWglDacWEMY)
Payload para el envío 5DWglDacWEMY:
{
  "users": [
    {
      "phone": "+573206941733",
      "parameters": [
        {
          "order": 0,
          "parameter": "BELLO"
        },
        {
          "order": 1,
          "parameter": "2026-04-23"
        },
        {
          "order": 2,
          "parameter": "EHZ820"
        },
        {
          "order": 3,
          "parameter": "C29"
        },
        {
          "order": 4,
          "parameter": "Conducir un vehículo a velocidad superior a la máxima permitida, la cual deberá estar señalizada en forma sectorizada, la cual no podrá ser superior"
        }
      ]
    },
    {
      "phone": "+573166195951",
      "parameters": [
        {
          "order": 0,
          "parameter": "BELLO"
        },
        {
          "order": 1,
          "parameter": "2026-06-12"
        },
        {
          "order": 2,
          "parameter": "JYX950"
        },
        {
          "order": 3,
          "parameter": "C29"
        },
        {
          "order": 4,
          "parameter": "Conducir un vehículo a velocidad superior a la máxima permitida, la cual deberá estar señalizada en forma sectorizada, la cual no podrá ser superior"
        }
      ]
    },
    {
      "phone": "+573155878387",
      "parameters": [
        {
          "order": 0,
          "parameter": "MEDELLIN"
        },
        {
          "order": 1,
          "parameter": "2026-02-27"
        },
        {
          "order": 2,
          "parameter": "SIN27C"
        },
        {
          "order": 3,
          "parameter": "C14"
        },
        {
          "order": 4,
          "parameter": "Transitar por sitios restringidos o en horas prohibidas por la autoridad competente. Además, el vehículo será inmovilizado"
        }
      ]
    },
    {
      "phone": "+573155878387",
      "parameters": [
        {
          "order": 0,
          "parameter": "MEDELLIN"
        },
        {
          "order": 1,
          "parameter": "2026-07-01"
        },
        {
          "order": 2,
          "parameter": "SIN27C"
        },
        {
          "order": 3,
          "parameter": "D02"
        },
        {
          "order": 4,
          "parameter": "Conducir sin portar los seguros ordenados por la ley. Además, el vehículo será inmovilizado"
        }
      ]
    },
    {
      "phone": "+573137869565",
      "parameters": [
        {
          "order": 0,
          "parameter": "MEDELLIN"
        },
        {
          "order": 1,
          "parameter": "2026-01-20"
        },
        {
          "order": 2,
          "parameter": "JWQ76E"
        },
        {
          "order": 3,
          "parameter": "C14"
        },
        {
          "order": 4,
          "parameter": "Transitar por sitios restringidos o en horas prohibidas por la autoridad competente. Además, el vehículo será inmovilizado"
        }
      ]
    },
    {
      "phone": "+573137869565",
      "parameters": [
        {
          "order": 0,
          "parameter": "MEDELLIN"
        },
        {
          "order": 1,
          "parameter": "2025-11-09"
        },
        {
          "order": 2,
          "parameter": "JWQ76E"
        },
        {
          "order": 3,
          "parameter": "C29"
        },
        {
          "order": 4,
          "parameter": "Conducir un vehículo a velocidad superior a la máxima permitida"
        }
      ]
    },
    {
      "phone": "+573127874669",
      "parameters": [
        {
          "order": 0,
          "parameter": "BELLO"
        },
        {
          "order": 1,
          "parameter": "2026-05-20"
        },
        {
          "order": 2,
          "parameter": "EDG61G"
        },
        {
          "order": 3,
          "parameter": "C14"
        },
        {
          "order": 4,
          "parameter": "Transitar por los siguientes sitios restringidos o en horas prohibidas por la autoridad competente.  Además, el vehículo será inmovilizado"
        }
      ]
    },
    {
      "phone": "+573222313779",
      "parameters": [
        {
          "order": 0,
          "parameter": "ITAGUI"
        },
        {
          "order": 1,
          "parameter": "2026-04-22"
        },
        {
          "order": 2,
          "parameter": "LRR512"
        },
        {
          "order": 3,
          "parameter": "D02"
        },
        {
          "order": 4,
          "parameter": "Conducir sin portar el Seguro Obligatorio de Accidentes de tránsito ordenado por la ley. Además, el vehículo será inmovilizado"
        }
      ]
    },
    {
      "phone": "+573222313779",
      "parameters": [
        {
          "order": 0,
          "parameter": "ITAGUI"
        },
        {
          "order": 1,
          "parameter": "2026-05-09"
        },
        {
          "order": 2,
          "parameter": "LRR512"
        },
        {
          "order": 3,
          "parameter": "D02"
        },
        {
          "order": 4,
          "parameter": "Conducir sin portar el Seguro Obligatorio de Accidentes de tránsito ordenado por la ley. Además, el vehículo será inmovilizado"
        }
      ]
    },
    {
      "phone": "+573222313779",
      "parameters": [
        {
          "order": 0,
          "parameter": "MEDELLIN"
        },
        {
          "order": 1,
          "parameter": "2025-11-16"
        },
        {
          "order": 2,
          "parameter": "LRR512"
        },
        {
          "order": 3,
          "parameter": "C29"
        },
        {
          "order": 4,
          "parameter": "Conducir un vehículo a velocidad superior a la máxima permitida"
        }
      ]
    },
    {
      "phone": "+573222313779",
      "parameters": [
        {
          "order": 0,
          "parameter": "MEDELLIN"
        },
        {
          "order": 1,
          "parameter": "2026-05-30"
        },
        {
          "order": 2,
          "parameter": "LRR512"
        },
        {
          "order": 3,
          "parameter": "D02"
        },
        {
          "order": 4,
          "parameter": "Conducir sin portar los seguros ordenados por la ley. Además, el vehículo será inmovilizado"
        }
      ]
    },
    {
      "phone": "+573222313779",
      "parameters": [
        {
          "order": 0,
          "parameter": "MEDELLIN"
        },
        {
          "order": 1,
          "parameter": "2026-03-04"
        },
        {
          "order": 2,
          "parameter": "LRR512"
        },
        {
          "order": 3,
          "parameter": "D02"
        },
        {
          "order": 4,
          "parameter": "Conducir sin portar los seguros ordenados por la ley. Además, el vehículo será inmovilizado"
        }
      ]
    },
    {
      "phone": "+573222313779",
      "parameters": [
        {
          "order": 0,
          "parameter": "MEDELLIN"
        },
        {
          "order": 1,
          "parameter": "2026-05-30"
        },
        {
          "order": 2,
          "parameter": "LRR512"
        },
        {
          "order": 3,
          "parameter": "C29"
        },
        {
          "order": 4,
          "parameter": "Conducir un vehículo a velocidad superior a la máxima permitida"
        }
      ]
    },
    {
      "phone": "+573222313779",
      "parameters": [
        {
          "order": 0,
          "parameter": "MEDELLIN"
        },
        {
          "order": 1,
          "parameter": "2026-06-13"
        },
        {
          "order": 2,
          "parameter": "LRR512"
        },
        {
          "order": 3,
          "parameter": "D02"
        },
        {
          "order": 4,
          "parameter": "Conducir sin portar los seguros ordenados por la ley. Además, el vehículo será inmovilizado"
        }
      ]
    },
    {
      "phone": "+573222313779",
      "parameters": [
        {
          "order": 0,
          "parameter": "MEDELLIN"
        },
        {
          "order": 1,
          "parameter": "2026-05-14"
        },
        {
          "order": 2,
          "parameter": "LRR512"
        },
        {
          "order": 3,
          "parameter": "D02"
        },
        {
          "order": 4,
          "parameter": "Conducir sin portar los seguros ordenados por la ley. Además, el vehículo será inmovilizado"
        }
      ]
    },
    {
      "phone": "+573222313779",
      "parameters": [
        {
          "order": 0,
          "parameter": "MEDELLIN"
        },
        {
          "order": 1,
          "parameter": "2026-03-20"
        },
        {
          "order": 2,
          "parameter": "LRR512"
        },
        {
          "order": 3,
          "parameter": "D02"
        },
        {
          "order": 4,
          "parameter": "Conducir sin portar los seguros ordenados por la ley. Además, el vehículo será inmovilizado"
        }
      ]
    },
    {
      "phone": "+573222313779",
      "parameters": [
        {
          "order": 0,
          "parameter": "MEDELLIN"
        },
        {
          "order": 1,
          "parameter": "2026-02-04"
        },
        {
          "order": 2,
          "parameter": "LRR512"
        },
        {
          "order": 3,
          "parameter": "D02"
        },
        {
          "order": 4,
          "parameter": "Conducir sin portar los seguros ordenados por la ley. Además, el vehículo será inmovilizado"
        }
      ]
    },
    {
      "phone": "+573222313779",
      "parameters": [
        {
          "order": 0,
          "parameter": "MEDELLIN"
        },
        {
          "order": 1,
          "parameter": "2026-04-11"
        },
        {
          "order": 2,
          "parameter": "LRR512"
        },
        {
          "order": 3,
          "parameter": "D02"
        },
        {
          "order": 4,
          "parameter": "Conducir sin portar los seguros ordenados por la ley. Además, el vehículo será inmovilizado"
        }
      ]
    },
    {
      "phone": "+573222313779",
      "parameters": [
        {
          "order": 0,
          "parameter": "MEDELLIN"
        },
        {
          "order": 1,
          "parameter": "2026-02-17"
        },
        {
          "order": 2,
          "parameter": "LRR512"
        },
        {
          "order": 3,
          "parameter": "D02"
        },
        {
          "order": 4,
          "parameter": "Conducir sin portar los seguros ordenados por la ley. Además, el vehículo será inmovilizado"
        }
      ]
    },
    {
      "phone": "+573222313779",
      "parameters": [
        {
          "order": 0,
          "parameter": "MEDELLIN"
        },
        {
          "order": 1,
          "parameter": "2026-07-04"
        },
        {
          "order": 2,
          "parameter": "LRR512"
        },
        {
          "order": 3,
          "parameter": "D02"
        },
        {
          "order": 4,
          "parameter": "Conducir sin portar los seguros ordenados por la ley. Además, el vehículo será inmovilizado"
        }
      ]
    },
    {
      "phone": "+573222313779",
      "parameters": [
        {
          "order": 0,
          "parameter": "MEDELLIN"
        },
        {
          "order": 1,
          "parameter": "2026-05-03"
        },
        {
          "order": 2,
          "parameter": "LRR512"
        },
        {
          "order": 3,
          "parameter": "D02"
        },
        {
          "order": 4,
          "parameter": "Conducir sin portar los seguros ordenados por la ley. Además, el vehículo será inmovilizado"
        }
      ]
    },
    {
      "phone": "+573222313779",
      "parameters": [
        {
          "order": 0,
          "parameter": "MEDELLIN"
        },
        {
          "order": 1,
          "parameter": "2026-03-27"
        },
        {
          "order": 2,
          "parameter": "LRR512"
        },
        {
          "order": 3,
          "parameter": "C14"
        },
        {
          "order": 4,
          "parameter": "Transitar por sitios restringidos o en horas prohibidas por la autoridad competente. Además, el vehículo será inmovilizado"
        }
      ]
    },
    {
      "phone": "+573222313779",
      "parameters": [
        {
          "order": 0,
          "parameter": "SABANETA"
        },
        {
          "order": 1,
          "parameter": "2026-05-01"
        },
        {
          "order": 2,
          "parameter": "LRR512"
        },
        {
          "order": 3,
          "parameter": "D02"
        },
        {
          "order": 4,
          "parameter": "Conducir sin portar el Seguro Obligatorio de Accidentes de tránsito ordenado por la ley. Además, el vehículo será inmovilizado"
        }
      ]
    },
    {
      "phone": "+573013265402",
      "parameters": [
        {
          "order": 0,
          "parameter": "MEDELLIN"
        },
        {
          "order": 1,
          "parameter": "2026-04-30"
        },
        {
          "order": 2,
          "parameter": "GHV871"
        },
        {
          "order": 3,
          "parameter": "C35"
        },
        {
          "order": 4,
          "parameter": "No realizar la revisión técnico-mecánica en el plazo legal establecido o cuando el vehículo no se encuentre en adecuadas condiciones técnico-mecánicas o de emisiones contaminantes, aun cuando porte los certificados correspondientes, además el vehículo será inmovilizado."
        }
      ]
    },
    {
      "phone": "+573206975780",
      "parameters": [
        {
          "order": 0,
          "parameter": "MEDELLIN"
        },
        {
          "order": 1,
          "parameter": "2026-03-06"
        },
        {
          "order": 2,
          "parameter": "NGT266"
        },
        {
          "order": 3,
          "parameter": "C29"
        },
        {
          "order": 4,
          "parameter": "Conducir un vehículo a velocidad superior a la máxima permitida"
        }
      ]
    },
    {
      "phone": "+573137168517",
      "parameters": [
        {
          "order": 0,
          "parameter": "MEDELLIN"
        },
        {
          "order": 1,
          "parameter": "2026-06-05"
        },
        {
          "order": 2,
          "parameter": "JON280"
        },
        {
          "order": 3,
          "parameter": "C35"
        },
        {
          "order": 4,
          "parameter": "No realizar la revisión técnico-mecánica en el plazo legal establecido o cuando el vehículo no se encuentre en adecuadas condiciones técnico-mecánicas o de emisiones contaminantes, aun cuando porte los certificados correspondientes, además el vehículo será inmovilizado."
        }
      ]
    },
    {
      "phone": "+573017385855",
      "parameters": [
        {
          "order": 0,
          "parameter": "MEDELLIN"
        },
        {
          "order": 1,
          "parameter": "2026-02-05"
        },
        {
          "order": 2,
          "parameter": "JYQ266"
        },
        {
          "order": 3,
          "parameter": "C35"
        },
        {
          "order": 4,
          "parameter": "No realizar la revisión técnico-mecánica en el plazo legal establecido o cuando el vehículo no se encuentre en adecuadas condiciones técnico-mecánicas o de emisiones contaminantes, aun cuando porte los certificados correspondientes, además el vehículo será inmovilizado."
        }
      ]
    }
  ],
  "SaveInfo": false,
  "origin": "API",
  "templateName": "notificacion_comparendos",
  "language": "ES",
  "sender": "School Center",
  "ParametersName": []
}/home/comparendos/venv/lib/python3.12/site-packages/urllib3/connectionpool.py:1097: InsecureRequestWarning: Unverified HTTPS request is being made to host 'serviciosdigitales.movilidadavanzadabello.com.co'. Adding certificate verification is strongly advised. See: https://urllib3.readthedocs.io/en/latest/advanced-usage.html#tls-warnings
  warnings.warn(
/home/comparendos/venv/lib/python3.12/site-packages/urllib3/connectionpool.py:1097: InsecureRequestWarning: Unverified HTTPS request is being made to host 'serviciosdigitales.movilidadavanzadabello.com.co'. Adding certificate verification is strongly advised. See: https://urllib3.readthedocs.io/en/latest/advanced-usage.html#tls-warnings
  warnings.warn(
/home/comparendos/venv/lib/python3.12/site-packages/urllib3/connectionpool.py:1097: InsecureRequestWarning: Unverified HTTPS request is being made to host 'serviciosdigitales.movilidadavanzadabello.com.co'. Adding certificate verification is strongly advised. See: https://urllib3.readthedocs.io/en/latest/advanced-usage.html#tls-warnings
  warnings.warn(
/home/comparendos/venv/lib/python3.12/site-packages/urllib3/connectionpool.py:1097: InsecureRequestWarning: Unverified HTTPS request is being made to host 'serviciosdigitales.movilidadavanzadabello.com.co'. Adding certificate verification is strongly advised. See: https://urllib3.readthedocs.io/en/latest/advanced-usage.html#tls-warnings
  warnings.warn(
/home/comparendos/venv/lib/python3.12/site-packages/urllib3/connectionpool.py:1097: InsecureRequestWarning: Unverified HTTPS request is being made to host 'serviciosdigitales.movilidadavanzadabello.com.co'. Adding certificate verification is strongly advised. See: https://urllib3.readthedocs.io/en/latest/advanced-usage.html#tls-warnings
  warnings.warn(
/home/comparendos/venv/lib/python3.12/site-packages/urllib3/connectionpool.py:1097: InsecureRequestWarning: Unverified HTTPS request is being made to host 'serviciosdigitales.movilidadavanzadabello.com.co'. Adding certificate verification is strongly advised. See: https://urllib3.readthedocs.io/en/latest/advanced-usage.html#tls-warnings
  warnings.warn(
/home/comparendos/venv/lib/python3.12/site-packages/urllib3/connectionpool.py:1097: InsecureRequestWarning: Unverified HTTPS request is being made to host 'serviciosdigitales.movilidadavanzadabello.com.co'. Adding certificate verification is strongly advised. See: https://urllib3.readthedocs.io/en/latest/advanced-usage.html#tls-warnings
  warnings.warn(
/home/comparendos/venv/lib/python3.12/site-packages/urllib3/connectionpool.py:1097: InsecureRequestWarning: Unverified HTTPS request is being made to host 'serviciosdigitales.movilidadavanzadabello.com.co'. Adding certificate verification is strongly advised. See: https://urllib3.readthedocs.io/en/latest/advanced-usage.html#tls-warnings
  warnings.warn(
/home/comparendos/venv/lib/python3.12/site-packages/urllib3/connectionpool.py:1097: InsecureRequestWarning: Unverified HTTPS request is being made to host 'serviciosdigitales.movilidadavanzadabello.com.co'. Adding certificate verification is strongly advised. See: https://urllib3.readthedocs.io/en/latest/advanced-usage.html#tls-warnings
  warnings.warn(
/home/comparendos/venv/lib/python3.12/site-packages/urllib3/connectionpool.py:1097: InsecureRequestWarning: Unverified HTTPS request is being made to host 'serviciosdigitales.movilidadavanzadabello.com.co'. Adding certificate verification is strongly advised. See: https://urllib3.readthedocs.io/en/latest/advanced-usage.html#tls-warnings
  warnings.warn(
/home/comparendos/venv/lib/python3.12/site-packages/urllib3/connectionpool.py:1097: InsecureRequestWarning: Unverified HTTPS request is being made to host 'serviciosdigitales.movilidadavanzadabello.com.co'. Adding certificate verification is strongly advised. See: https://urllib3.readthedocs.io/en/latest/advanced-usage.html#tls-warnings
  warnings.warn(
/home/comparendos/venv/lib/python3.12/site-packages/urllib3/connectionpool.py:1097: InsecureRequestWarning: Unverified HTTPS request is being made to host 'serviciosdigitales.movilidadavanzadabello.com.co'. Adding certificate verification is strongly advised. See: https://urllib3.readthedocs.io/en/latest/advanced-usage.html#tls-warnings
  warnings.warn(
/home/comparendos/venv/lib/python3.12/site-packages/urllib3/connectionpool.py:1097: InsecureRequestWarning: Unverified HTTPS request is being made to host 'serviciosdigitales.movilidadavanzadabello.com.co'. Adding certificate verification is strongly advised. See: https://urllib3.readthedocs.io/en/latest/advanced-usage.html#tls-warnings
  warnings.warn(
/home/comparendos/venv/lib/python3.12/site-packages/urllib3/connectionpool.py:1097: InsecureRequestWarning: Unverified HTTPS request is being made to host 'serviciosdigitales.movilidadavanzadabello.com.co'. Adding certificate verification is strongly advised. See: https://urllib3.readthedocs.io/en/latest/advanced-usage.html#tls-warnings
  warnings.warn(
/home/comparendos/venv/lib/python3.12/site-packages/urllib3/connectionpool.py:1097: InsecureRequestWarning: Unverified HTTPS request is being made to host 'serviciosdigitales.movilidadavanzadabello.com.co'. Adding certificate verification is strongly advised. See: https://urllib3.readthedocs.io/en/latest/advanced-usage.html#tls-warnings
  warnings.warn(
/home/comparendos/venv/lib/python3.12/site-packages/urllib3/connectionpool.py:1097: InsecureRequestWarning: Unverified HTTPS request is being made to host 'serviciosdigitales.movilidadavanzadabello.com.co'. Adding certificate verification is strongly advised. See: https://urllib3.readthedocs.io/en/latest/advanced-usage.html#tls-warnings
  warnings.warn(
/home/comparendos/venv/lib/python3.12/site-packages/urllib3/connectionpool.py:1097: InsecureRequestWarning: Unverified HTTPS request is being made to host 'serviciosdigitales.movilidadavanzadabello.com.co'. Adding certificate verification is strongly advised. See: https://urllib3.readthedocs.io/en/latest/advanced-usage.html#tls-warnings
  warnings.warn(
/home/comparendos/venv/lib/python3.12/site-packages/urllib3/connectionpool.py:1097: InsecureRequestWarning: Unverified HTTPS request is being made to host 'serviciosdigitales.movilidadavanzadabello.com.co'. Adding certificate verification is strongly advised. See: https://urllib3.readthedocs.io/en/latest/advanced-usage.html#tls-warnings
  warnings.warn(
/home/comparendos/venv/lib/python3.12/site-packages/urllib3/connectionpool.py:1097: InsecureRequestWarning: Unverified HTTPS request is being made to host 'serviciosdigitales.movilidadavanzadabello.com.co'. Adding certificate verification is strongly advised. See: https://urllib3.readthedocs.io/en/latest/advanced-usage.html#tls-warnings
  warnings.warn(
/home/comparendos/venv/lib/python3.12/site-packages/urllib3/connectionpool.py:1097: InsecureRequestWarning: Unverified HTTPS request is being made to host 'serviciosdigitales.movilidadavanzadabello.com.co'. Adding certificate verification is strongly advised. See: https://urllib3.readthedocs.io/en/latest/advanced-usage.html#tls-warnings
  warnings.warn(
/home/comparendos/venv/lib/python3.12/site-packages/urllib3/connectionpool.py:1097: InsecureRequestWarning: Unverified HTTPS request is being made to host 'serviciosdigitales.movilidadavanzadabello.com.co'. Adding certificate verification is strongly advised. See: https://urllib3.readthedocs.io/en/latest/advanced-usage.html#tls-warnings
  warnings.warn(
/home/comparendos/venv/lib/python3.12/site-packages/urllib3/connectionpool.py:1097: InsecureRequestWarning: Unverified HTTPS request is being made to host 'serviciosdigitales.movilidadavanzadabello.com.co'. Adding certificate verification is strongly advised. See: https://urllib3.readthedocs.io/en/latest/advanced-usage.html#tls-warnings
  warnings.warn(
/home/comparendos/venv/lib/python3.12/site-packages/urllib3/connectionpool.py:1097: InsecureRequestWarning: Unverified HTTPS request is being made to host 'serviciosdigitales.movilidadavanzadabello.com.co'. Adding certificate verification is strongly advised. See: https://urllib3.readthedocs.io/en/latest/advanced-usage.html#tls-warnings
  warnings.warn(
/home/comparendos/venv/lib/python3.12/site-packages/urllib3/connectionpool.py:1097: InsecureRequestWarning: Unverified HTTPS request is being made to host 'serviciosdigitales.movilidadavanzadabello.com.co'. Adding certificate verification is strongly advised. See: https://urllib3.readthedocs.io/en/latest/advanced-usage.html#tls-warnings
  warnings.warn(
/home/comparendos/venv/lib/python3.12/site-packages/urllib3/connectionpool.py:1097: InsecureRequestWarning: Unverified HTTPS request is being made to host 'serviciosdigitales.movilidadavanzadabello.com.co'. Adding certificate verification is strongly advised. See: https://urllib3.readthedocs.io/en/latest/advanced-usage.html#tls-warnings
  warnings.warn(
/home/comparendos/venv/lib/python3.12/site-packages/urllib3/connectionpool.py:1097: InsecureRequestWarning: Unverified HTTPS request is being made to host 'serviciosdigitales.movilidadavanzadabello.com.co'. Adding certificate verification is strongly advised. See: https://urllib3.readthedocs.io/en/latest/advanced-usage.html#tls-warnings
  warnings.warn(
/home/comparendos/venv/lib/python3.12/site-packages/urllib3/connectionpool.py:1097: InsecureRequestWarning: Unverified HTTPS request is being made to host 'serviciosdigitales.movilidadavanzadabello.com.co'. Adding certificate verification is strongly advised. See: https://urllib3.readthedocs.io/en/latest/advanced-usage.html#tls-warnings
  warnings.warn(
/home/comparendos/venv/lib/python3.12/site-packages/urllib3/connectionpool.py:1097: InsecureRequestWarning: Unverified HTTPS request is being made to host 'serviciosdigitales.movilidadavanzadabello.com.co'. Adding certificate verification is strongly advised. See: https://urllib3.readthedocs.io/en/latest/advanced-usage.html#tls-warnings
  warnings.warn(
/home/comparendos/venv/lib/python3.12/site-packages/urllib3/connectionpool.py:1097: InsecureRequestWarning: Unverified HTTPS request is being made to host 'serviciosdigitales.movilidadavanzadabello.com.co'. Adding certificate verification is strongly advised. See: https://urllib3.readthedocs.io/en/latest/advanced-usage.html#tls-warnings
  warnings.warn(
/home/comparendos/venv/lib/python3.12/site-packages/urllib3/connectionpool.py:1097: InsecureRequestWarning: Unverified HTTPS request is being made to host 'serviciosdigitales.movilidadavanzadabello.com.co'. Adding certificate verification is strongly advised. See: https://urllib3.readthedocs.io/en/latest/advanced-usage.html#tls-warnings
  warnings.warn(
/home/comparendos/venv/lib/python3.12/site-packages/urllib3/connectionpool.py:1097: InsecureRequestWarning: Unverified HTTPS request is being made to host 'serviciosdigitales.movilidadavanzadabello.com.co'. Adding certificate verification is strongly advised. See: https://urllib3.readthedocs.io/en/latest/advanced-usage.html#tls-warnings
  warnings.warn(
/home/comparendos/venv/lib/python3.12/site-packages/urllib3/connectionpool.py:1097: InsecureRequestWarning: Unverified HTTPS request is being made to host 'serviciosdigitales.movilidadavanzadabello.com.co'. Adding certificate verification is strongly advised. See: https://urllib3.readthedocs.io/en/latest/advanced-usage.html#tls-warnings
  warnings.warn(
/home/comparendos/venv/lib/python3.12/site-packages/urllib3/connectionpool.py:1097: InsecureRequestWarning: Unverified HTTPS request is being made to host 'serviciosdigitales.movilidadavanzadabello.com.co'. Adding certificate verification is strongly advised. See: https://urllib3.readthedocs.io/en/latest/advanced-usage.html#tls-warnings
  warnings.warn(
/home/comparendos/venv/lib/python3.12/site-packages/urllib3/connectionpool.py:1097: InsecureRequestWarning: Unverified HTTPS request is being made to host 'serviciosdigitales.movilidadavanzadabello.com.co'. Adding certificate verification is strongly advised. See: https://urllib3.readthedocs.io/en/latest/advanced-usage.html#tls-warnings
  warnings.warn(
/home/comparendos/venv/lib/python3.12/site-packages/urllib3/connectionpool.py:1097: InsecureRequestWarning: Unverified HTTPS request is being made to host 'serviciosdigitales.movilidadavanzadabello.com.co'. Adding certificate verification is strongly advised. See: https://urllib3.readthedocs.io/en/latest/advanced-usage.html#tls-warnings
  warnings.warn(
/home/comparendos/venv/lib/python3.12/site-packages/urllib3/connectionpool.py:1097: InsecureRequestWarning: Unverified HTTPS request is being made to host 'serviciosdigitales.movilidadavanzadabello.com.co'. Adding certificate verification is strongly advised. See: https://urllib3.readthedocs.io/en/latest/advanced-usage.html#tls-warnings
  warnings.warn(
/home/comparendos/venv/lib/python3.12/site-packages/urllib3/connectionpool.py:1097: InsecureRequestWarning: Unverified HTTPS request is being made to host 'serviciosdigitales.movilidadavanzadabello.com.co'. Adding certificate verification is strongly advised. See: https://urllib3.readthedocs.io/en/latest/advanced-usage.html#tls-warnings
  warnings.warn(
/home/comparendos/venv/lib/python3.12/site-packages/urllib3/connectionpool.py:1097: InsecureRequestWarning: Unverified HTTPS request is being made to host 'serviciosdigitales.movilidadavanzadabello.com.co'. Adding certificate verification is strongly advised. See: https://urllib3.readthedocs.io/en/latest/advanced-usage.html#tls-warnings
  warnings.warn(
/home/comparendos/venv/lib/python3.12/site-packages/urllib3/connectionpool.py:1097: InsecureRequestWarning: Unverified HTTPS request is being made to host 'serviciosdigitales.movilidadavanzadabello.com.co'. Adding certificate verification is strongly advised. See: https://urllib3.readthedocs.io/en/latest/advanced-usage.html#tls-warnings
  warnings.warn(
/home/comparendos/venv/lib/python3.12/site-packages/urllib3/connectionpool.py:1097: InsecureRequestWarning: Unverified HTTPS request is being made to host 'serviciosdigitales.movilidadavanzadabello.com.co'. Adding certificate verification is strongly advised. See: https://urllib3.readthedocs.io/en/latest/advanced-usage.html#tls-warnings
  warnings.warn(
/home/comparendos/venv/lib/python3.12/site-packages/urllib3/connectionpool.py:1097: InsecureRequestWarning: Unverified HTTPS request is being made to host 'serviciosdigitales.movilidadavanzadabello.com.co'. Adding certificate verification is strongly advised. See: https://urllib3.readthedocs.io/en/latest/advanced-usage.html#tls-warnings
  warnings.warn(
/home/comparendos/venv/lib/python3.12/site-packages/urllib3/connectionpool.py:1097: InsecureRequestWarning: Unverified HTTPS request is being made to host 'serviciosdigitales.movilidadavanzadabello.com.co'. Adding certificate verification is strongly advised. See: https://urllib3.readthedocs.io/en/latest/advanced-usage.html#tls-warnings
  warnings.warn(
/home/comparendos/venv/lib/python3.12/site-packages/urllib3/connectionpool.py:1097: InsecureRequestWarning: Unverified HTTPS request is being made to host 'serviciosdigitales.movilidadavanzadabello.com.co'. Adding certificate verification is strongly advised. See: https://urllib3.readthedocs.io/en/latest/advanced-usage.html#tls-warnings
  warnings.warn(
/home/comparendos/venv/lib/python3.12/site-packages/urllib3/connectionpool.py:1097: InsecureRequestWarning: Unverified HTTPS request is being made to host 'serviciosdigitales.movilidadavanzadabello.com.co'. Adding certificate verification is strongly advised. See: https://urllib3.readthedocs.io/en/latest/advanced-usage.html#tls-warnings
  warnings.warn(
/home/comparendos/venv/lib/python3.12/site-packages/urllib3/connectionpool.py:1097: InsecureRequestWarning: Unverified HTTPS request is being made to host 'serviciosdigitales.movilidadavanzadabello.com.co'. Adding certificate verification is strongly advised. See: https://urllib3.readthedocs.io/en/latest/advanced-usage.html#tls-warnings
  warnings.warn(
/home/comparendos/venv/lib/python3.12/site-packages/urllib3/connectionpool.py:1097: InsecureRequestWarning: Unverified HTTPS request is being made to host 'serviciosdigitales.movilidadavanzadabello.com.co'. Adding certificate verification is strongly advised. See: https://urllib3.readthedocs.io/en/latest/advanced-usage.html#tls-warnings
  warnings.warn(
/home/comparendos/venv/lib/python3.12/site-packages/urllib3/connectionpool.py:1097: InsecureRequestWarning: Unverified HTTPS request is being made to host 'serviciosdigitales.movilidadavanzadabello.com.co'. Adding certificate verification is strongly advised. See: https://urllib3.readthedocs.io/en/latest/advanced-usage.html#tls-warnings
  warnings.warn(
/home/comparendos/venv/lib/python3.12/site-packages/urllib3/connectionpool.py:1097: InsecureRequestWarning: Unverified HTTPS request is being made to host 'serviciosdigitales.movilidadavanzadabello.com.co'. Adding certificate verification is strongly advised. See: https://urllib3.readthedocs.io/en/latest/advanced-usage.html#tls-warnings
  warnings.warn(
/home/comparendos/venv/lib/python3.12/site-packages/urllib3/connectionpool.py:1097: InsecureRequestWarning: Unverified HTTPS request is being made to host 'serviciosdigitales.movilidadavanzadabello.com.co'. Adding certificate verification is strongly advised. See: https://urllib3.readthedocs.io/en/latest/advanced-usage.html#tls-warnings
  warnings.warn(
/home/comparendos/venv/lib/python3.12/site-packages/urllib3/connectionpool.py:1097: InsecureRequestWarning: Unverified HTTPS request is being made to host 'serviciosdigitales.movilidadavanzadabello.com.co'. Adding certificate verification is strongly advised. See: https://urllib3.readthedocs.io/en/latest/advanced-usage.html#tls-warnings
  warnings.warn(
/home/comparendos/venv/lib/python3.12/site-packages/urllib3/connectionpool.py:1097: InsecureRequestWarning: Unverified HTTPS request is being made to host 'serviciosdigitales.movilidadavanzadabello.com.co'. Adding certificate verification is strongly advised. See: https://urllib3.readthedocs.io/en/latest/advanced-usage.html#tls-warnings
  warnings.warn(
/home/comparendos/venv/lib/python3.12/site-packages/urllib3/connectionpool.py:1097: InsecureRequestWarning: Unverified HTTPS request is being made to host 'serviciosdigitales.movilidadavanzadabello.com.co'. Adding certificate verification is strongly advised. See: https://urllib3.readthedocs.io/en/latest/advanced-usage.html#tls-warnings
  warnings.warn(
/home/comparendos/venv/lib/python3.12/site-packages/urllib3/connectionpool.py:1097: InsecureRequestWarning: Unverified HTTPS request is being made to host 'serviciosdigitales.movilidadavanzadabello.com.co'. Adding certificate verification is strongly advised. See: https://urllib3.readthedocs.io/en/latest/advanced-usage.html#tls-warnings
  warnings.warn(
/home/comparendos/venv/lib/python3.12/site-packages/urllib3/connectionpool.py:1097: InsecureRequestWarning: Unverified HTTPS request is being made to host 'serviciosdigitales.movilidadavanzadabello.com.co'. Adding certificate verification is strongly advised. See: https://urllib3.readthedocs.io/en/latest/advanced-usage.html#tls-warnings
  warnings.warn(
/home/comparendos/venv/lib/python3.12/site-packages/urllib3/connectionpool.py:1097: InsecureRequestWarning: Unverified HTTPS request is being made to host 'serviciosdigitales.movilidadavanzadabello.com.co'. Adding certificate verification is strongly advised. See: https://urllib3.readthedocs.io/en/latest/advanced-usage.html#tls-warnings
  warnings.warn(
/home/comparendos/venv/lib/python3.12/site-packages/urllib3/connectionpool.py:1097: InsecureRequestWarning: Unverified HTTPS request is being made to host 'serviciosdigitales.movilidadavanzadabello.com.co'. Adding certificate verification is strongly advised. See: https://urllib3.readthedocs.io/en/latest/advanced-usage.html#tls-warnings
  warnings.warn(
/home/comparendos/venv/lib/python3.12/site-packages/urllib3/connectionpool.py:1097: InsecureRequestWarning: Unverified HTTPS request is being made to host 'serviciosdigitales.movilidadavanzadabello.com.co'. Adding certificate verification is strongly advised. See: https://urllib3.readthedocs.io/en/latest/advanced-usage.html#tls-warnings
  warnings.warn(
/home/comparendos/venv/lib/python3.12/site-packages/urllib3/connectionpool.py:1097: InsecureRequestWarning: Unverified HTTPS request is being made to host 'serviciosdigitales.movilidadavanzadabello.com.co'. Adding certificate verification is strongly advised. See: https://urllib3.readthedocs.io/en/latest/advanced-usage.html#tls-warnings
  warnings.warn(
/home/comparendos/venv/lib/python3.12/site-packages/urllib3/connectionpool.py:1097: InsecureRequestWarning: Unverified HTTPS request is being made to host 'serviciosdigitales.movilidadavanzadabello.com.co'. Adding certificate verification is strongly advised. See: https://urllib3.readthedocs.io/en/latest/advanced-usage.html#tls-warnings
  warnings.warn(
/home/comparendos/venv/lib/python3.12/site-packages/urllib3/connectionpool.py:1097: InsecureRequestWarning: Unverified HTTPS request is being made to host 'serviciosdigitales.movilidadavanzadabello.com.co'. Adding certificate verification is strongly advised. See: https://urllib3.readthedocs.io/en/latest/advanced-usage.html#tls-warnings
  warnings.warn(
/home/comparendos/venv/lib/python3.12/site-packages/urllib3/connectionpool.py:1097: InsecureRequestWarning: Unverified HTTPS request is being made to host 'serviciosdigitales.movilidadavanzadabello.com.co'. Adding certificate verification is strongly advised. See: https://urllib3.readthedocs.io/en/latest/advanced-usage.html#tls-warnings
  warnings.warn(
/home/comparendos/venv/lib/python3.12/site-packages/urllib3/connectionpool.py:1097: InsecureRequestWarning: Unverified HTTPS request is being made to host 'serviciosdigitales.movilidadavanzadabello.com.co'. Adding certificate verification is strongly advised. See: https://urllib3.readthedocs.io/en/latest/advanced-usage.html#tls-warnings
  warnings.warn(
/home/comparendos/venv/lib/python3.12/site-packages/urllib3/connectionpool.py:1097: InsecureRequestWarning: Unverified HTTPS request is being made to host 'serviciosdigitales.movilidadavanzadabello.com.co'. Adding certificate verification is strongly advised. See: https://urllib3.readthedocs.io/en/latest/advanced-usage.html#tls-warnings
  warnings.warn(
/home/comparendos/venv/lib/python3.12/site-packages/urllib3/connectionpool.py:1097: InsecureRequestWarning: Unverified HTTPS request is being made to host 'serviciosdigitales.movilidadavanzadabello.com.co'. Adding certificate verification is strongly advised. See: https://urllib3.readthedocs.io/en/latest/advanced-usage.html#tls-warnings
  warnings.warn(
/home/comparendos/venv/lib/python3.12/site-packages/urllib3/connectionpool.py:1097: InsecureRequestWarning: Unverified HTTPS request is being made to host 'serviciosdigitales.movilidadavanzadabello.com.co'. Adding certificate verification is strongly advised. See: https://urllib3.readthedocs.io/en/latest/advanced-usage.html#tls-warnings
  warnings.warn(
/home/comparendos/venv/lib/python3.12/site-packages/urllib3/connectionpool.py:1097: InsecureRequestWarning: Unverified HTTPS request is being made to host 'serviciosdigitales.movilidadavanzadabello.com.co'. Adding certificate verification is strongly advised. See: https://urllib3.readthedocs.io/en/latest/advanced-usage.html#tls-warnings
  warnings.warn(
/home/comparendos/venv/lib/python3.12/site-packages/urllib3/connectionpool.py:1097: InsecureRequestWarning: Unverified HTTPS request is being made to host 'serviciosdigitales.movilidadavanzadabello.com.co'. Adding certificate verification is strongly advised. See: https://urllib3.readthedocs.io/en/latest/advanced-usage.html#tls-warnings
  warnings.warn(
/home/comparendos/venv/lib/python3.12/site-packages/urllib3/connectionpool.py:1097: InsecureRequestWarning: Unverified HTTPS request is being made to host 'serviciosdigitales.movilidadavanzadabello.com.co'. Adding certificate verification is strongly advised. See: https://urllib3.readthedocs.io/en/latest/advanced-usage.html#tls-warnings
  warnings.warn(
/home/comparendos/venv/lib/python3.12/site-packages/urllib3/connectionpool.py:1097: InsecureRequestWarning: Unverified HTTPS request is being made to host 'serviciosdigitales.movilidadavanzadabello.com.co'. Adding certificate verification is strongly advised. See: https://urllib3.readthedocs.io/en/latest/advanced-usage.html#tls-warnings
  warnings.warn(
/home/comparendos/venv/lib/python3.12/site-packages/urllib3/connectionpool.py:1097: InsecureRequestWarning: Unverified HTTPS request is being made to host 'serviciosdigitales.movilidadavanzadabello.com.co'. Adding certificate verification is strongly advised. See: https://urllib3.readthedocs.io/en/latest/advanced-usage.html#tls-warnings
  warnings.warn(
/home/comparendos/venv/lib/python3.12/site-packages/urllib3/connectionpool.py:1097: InsecureRequestWarning: Unverified HTTPS request is being made to host 'serviciosdigitales.movilidadavanzadabello.com.co'. Adding certificate verification is strongly advised. See: https://urllib3.readthedocs.io/en/latest/advanced-usage.html#tls-warnings
  warnings.warn(
/home/comparendos/venv/lib/python3.12/site-packages/urllib3/connectionpool.py:1097: InsecureRequestWarning: Unverified HTTPS request is being made to host 'serviciosdigitales.movilidadavanzadabello.com.co'. Adding certificate verification is strongly advised. See: https://urllib3.readthedocs.io/en/latest/advanced-usage.html#tls-warnings
  warnings.warn(
/home/comparendos/venv/lib/python3.12/site-packages/urllib3/connectionpool.py:1097: InsecureRequestWarning: Unverified HTTPS request is being made to host 'serviciosdigitales.movilidadavanzadabello.com.co'. Adding certificate verification is strongly advised. See: https://urllib3.readthedocs.io/en/latest/advanced-usage.html#tls-warnings
  warnings.warn(
/home/comparendos/venv/lib/python3.12/site-packages/urllib3/connectionpool.py:1097: InsecureRequestWarning: Unverified HTTPS request is being made to host 'serviciosdigitales.movilidadavanzadabello.com.co'. Adding certificate verification is strongly advised. See: https://urllib3.readthedocs.io/en/latest/advanced-usage.html#tls-warnings
  warnings.warn(
/home/comparendos/venv/lib/python3.12/site-packages/urllib3/connectionpool.py:1097: InsecureRequestWarning: Unverified HTTPS request is being made to host 'serviciosdigitales.movilidadavanzadabello.com.co'. Adding certificate verification is strongly advised. See: https://urllib3.readthedocs.io/en/latest/advanced-usage.html#tls-warnings
  warnings.warn(
/home/comparendos/venv/lib/python3.12/site-packages/urllib3/connectionpool.py:1097: InsecureRequestWarning: Unverified HTTPS request is being made to host 'serviciosdigitales.movilidadavanzadabello.com.co'. Adding certificate verification is strongly advised. See: https://urllib3.readthedocs.io/en/latest/advanced-usage.html#tls-warnings
  warnings.warn(
/home/comparendos/venv/lib/python3.12/site-packages/urllib3/connectionpool.py:1097: InsecureRequestWarning: Unverified HTTPS request is being made to host 'serviciosdigitales.movilidadavanzadabello.com.co'. Adding certificate verification is strongly advised. See: https://urllib3.readthedocs.io/en/latest/advanced-usage.html#tls-warnings
  warnings.warn(
/home/comparendos/venv/lib/python3.12/site-packages/urllib3/connectionpool.py:1097: InsecureRequestWarning: Unverified HTTPS request is being made to host 'serviciosdigitales.movilidadavanzadabello.com.co'. Adding certificate verification is strongly advised. See: https://urllib3.readthedocs.io/en/latest/advanced-usage.html#tls-warnings
  warnings.warn(
/home/comparendos/venv/lib/python3.12/site-packages/urllib3/connectionpool.py:1097: InsecureRequestWarning: Unverified HTTPS request is being made to host 'serviciosdigitales.movilidadavanzadabello.com.co'. Adding certificate verification is strongly advised. See: https://urllib3.readthedocs.io/en/latest/advanced-usage.html#tls-warnings
  warnings.warn(
/home/comparendos/venv/lib/python3.12/site-packages/urllib3/connectionpool.py:1097: InsecureRequestWarning: Unverified HTTPS request is being made to host 'serviciosdigitales.movilidadavanzadabello.com.co'. Adding certificate verification is strongly advised. See: https://urllib3.readthedocs.io/en/latest/advanced-usage.html#tls-warnings
  warnings.warn(
/home/comparendos/venv/lib/python3.12/site-packages/urllib3/connectionpool.py:1097: InsecureRequestWarning: Unverified HTTPS request is being made to host 'serviciosdigitales.movilidadavanzadabello.com.co'. Adding certificate verification is strongly advised. See: https://urllib3.readthedocs.io/en/latest/advanced-usage.html#tls-warnings
  warnings.warn(
/home/comparendos/venv/lib/python3.12/site-packages/urllib3/connectionpool.py:1097: InsecureRequestWarning: Unverified HTTPS request is being made to host 'serviciosdigitales.movilidadavanzadabello.com.co'. Adding certificate verification is strongly advised. See: https://urllib3.readthedocs.io/en/latest/advanced-usage.html#tls-warnings
  warnings.warn(
/home/comparendos/venv/lib/python3.12/site-packages/urllib3/connectionpool.py:1097: InsecureRequestWarning: Unverified HTTPS request is being made to host 'serviciosdigitales.movilidadavanzadabello.com.co'. Adding certificate verification is strongly advised. See: https://urllib3.readthedocs.io/en/latest/advanced-usage.html#tls-warnings
  warnings.warn(
/home/comparendos/venv/lib/python3.12/site-packages/urllib3/connectionpool.py:1097: InsecureRequestWarning: Unverified HTTPS request is being made to host 'serviciosdigitales.movilidadavanzadabello.com.co'. Adding certificate verification is strongly advised. See: https://urllib3.readthedocs.io/en/latest/advanced-usage.html#tls-warnings
  warnings.warn(
/home/comparendos/venv/lib/python3.12/site-packages/urllib3/connectionpool.py:1097: InsecureRequestWarning: Unverified HTTPS request is being made to host 'serviciosdigitales.movilidadavanzadabello.com.co'. Adding certificate verification is strongly advised. See: https://urllib3.readthedocs.io/en/latest/advanced-usage.html#tls-warnings
  warnings.warn(
/home/comparendos/venv/lib/python3.12/site-packages/urllib3/connectionpool.py:1097: InsecureRequestWarning: Unverified HTTPS request is being made to host 'serviciosdigitales.movilidadavanzadabello.com.co'. Adding certificate verification is strongly advised. See: https://urllib3.readthedocs.io/en/latest/advanced-usage.html#tls-warnings
  warnings.warn(
/home/comparendos/venv/lib/python3.12/site-packages/urllib3/connectionpool.py:1097: InsecureRequestWarning: Unverified HTTPS request is being made to host 'serviciosdigitales.movilidadavanzadabello.com.co'. Adding certificate verification is strongly advised. See: https://urllib3.readthedocs.io/en/latest/advanced-usage.html#tls-warnings
  warnings.warn(
/home/comparendos/venv/lib/python3.12/site-packages/urllib3/connectionpool.py:1097: InsecureRequestWarning: Unverified HTTPS request is being made to host 'serviciosdigitales.movilidadavanzadabello.com.co'. Adding certificate verification is strongly advised. See: https://urllib3.readthedocs.io/en/latest/advanced-usage.html#tls-warnings
  warnings.warn(
/home/comparendos/venv/lib/python3.12/site-packages/urllib3/connectionpool.py:1097: InsecureRequestWarning: Unverified HTTPS request is being made to host 'serviciosdigitales.movilidadavanzadabello.com.co'. Adding certificate verification is strongly advised. See: https://urllib3.readthedocs.io/en/latest/advanced-usage.html#tls-warnings
  warnings.warn(
/home/comparendos/venv/lib/python3.12/site-packages/urllib3/connectionpool.py:1097: InsecureRequestWarning: Unverified HTTPS request is being made to host 'serviciosdigitales.movilidadavanzadabello.com.co'. Adding certificate verification is strongly advised. See: https://urllib3.readthedocs.io/en/latest/advanced-usage.html#tls-warnings
  warnings.warn(
/home/comparendos/venv/lib/python3.12/site-packages/urllib3/connectionpool.py:1097: InsecureRequestWarning: Unverified HTTPS request is being made to host 'serviciosdigitales.movilidadavanzadabello.com.co'. Adding certificate verification is strongly advised. See: https://urllib3.readthedocs.io/en/latest/advanced-usage.html#tls-warnings
  warnings.warn(
/home/comparendos/venv/lib/python3.12/site-packages/urllib3/connectionpool.py:1097: InsecureRequestWarning: Unverified HTTPS request is being made to host 'serviciosdigitales.movilidadavanzadabello.com.co'. Adding certificate verification is strongly advised. See: https://urllib3.readthedocs.io/en/latest/advanced-usage.html#tls-warnings
  warnings.warn(
/home/comparendos/venv/lib/python3.12/site-packages/urllib3/connectionpool.py:1097: InsecureRequestWarning: Unverified HTTPS request is being made to host 'serviciosdigitales.movilidadavanzadabello.com.co'. Adding certificate verification is strongly advised. See: https://urllib3.readthedocs.io/en/latest/advanced-usage.html#tls-warnings
  warnings.warn(
/home/comparendos/venv/lib/python3.12/site-packages/urllib3/connectionpool.py:1097: InsecureRequestWarning: Unverified HTTPS request is being made to host 'serviciosdigitales.movilidadavanzadabello.com.co'. Adding certificate verification is strongly advised. See: https://urllib3.readthedocs.io/en/latest/advanced-usage.html#tls-warnings
  warnings.warn(
/home/comparendos/venv/lib/python3.12/site-packages/urllib3/connectionpool.py:1097: InsecureRequestWarning: Unverified HTTPS request is being made to host 'serviciosdigitales.movilidadavanzadabello.com.co'. Adding certificate verification is strongly advised. See: https://urllib3.readthedocs.io/en/latest/advanced-usage.html#tls-warnings
  warnings.warn(
/home/comparendos/venv/lib/python3.12/site-packages/urllib3/connectionpool.py:1097: InsecureRequestWarning: Unverified HTTPS request is being made to host 'serviciosdigitales.movilidadavanzadabello.com.co'. Adding certificate verification is strongly advised. See: https://urllib3.readthedocs.io/en/latest/advanced-usage.html#tls-warnings
  warnings.warn(
/home/comparendos/venv/lib/python3.12/site-packages/urllib3/connectionpool.py:1097: InsecureRequestWarning: Unverified HTTPS request is being made to host 'serviciosdigitales.movilidadavanzadabello.com.co'. Adding certificate verification is strongly advised. See: https://urllib3.readthedocs.io/en/latest/advanced-usage.html#tls-warnings
  warnings.warn(
/home/comparendos/venv/lib/python3.12/site-packages/urllib3/connectionpool.py:1097: InsecureRequestWarning: Unverified HTTPS request is being made to host 'serviciosdigitales.movilidadavanzadabello.com.co'. Adding certificate verification is strongly advised. See: https://urllib3.readthedocs.io/en/latest/advanced-usage.html#tls-warnings
  warnings.warn(
/home/comparendos/venv/lib/python3.12/site-packages/urllib3/connectionpool.py:1097: InsecureRequestWarning: Unverified HTTPS request is being made to host 'serviciosdigitales.movilidadavanzadabello.com.co'. Adding certificate verification is strongly advised. See: https://urllib3.readthedocs.io/en/latest/advanced-usage.html#tls-warnings
  warnings.warn(
/home/comparendos/venv/lib/python3.12/site-packages/urllib3/connectionpool.py:1097: InsecureRequestWarning: Unverified HTTPS request is being made to host 'serviciosdigitales.movilidadavanzadabello.com.co'. Adding certificate verification is strongly advised. See: https://urllib3.readthedocs.io/en/latest/advanced-usage.html#tls-warnings
  warnings.warn(
/home/comparendos/venv/lib/python3.12/site-packages/urllib3/connectionpool.py:1097: InsecureRequestWarning: Unverified HTTPS request is being made to host 'serviciosdigitales.movilidadavanzadabello.com.co'. Adding certificate verification is strongly advised. See: https://urllib3.readthedocs.io/en/latest/advanced-usage.html#tls-warnings
  warnings.warn(
/home/comparendos/venv/lib/python3.12/site-packages/urllib3/connectionpool.py:1097: InsecureRequestWarning: Unverified HTTPS request is being made to host 'serviciosdigitales.movilidadavanzadabello.com.co'. Adding certificate verification is strongly advised. See: https://urllib3.readthedocs.io/en/latest/advanced-usage.html#tls-warnings
  warnings.warn(
/home/comparendos/venv/lib/python3.12/site-packages/urllib3/connectionpool.py:1097: InsecureRequestWarning: Unverified HTTPS request is being made to host 'serviciosdigitales.movilidadavanzadabello.com.co'. Adding certificate verification is strongly advised. See: https://urllib3.readthedocs.io/en/latest/advanced-usage.html#tls-warnings
  warnings.warn(
/home/comparendos/venv/lib/python3.12/site-packages/urllib3/connectionpool.py:1097: InsecureRequestWarning: Unverified HTTPS request is being made to host 'serviciosdigitales.movilidadavanzadabello.com.co'. Adding certificate verification is strongly advised. See: https://urllib3.readthedocs.io/en/latest/advanced-usage.html#tls-warnings
  warnings.warn(
/home/comparendos/venv/lib/python3.12/site-packages/urllib3/connectionpool.py:1097: InsecureRequestWarning: Unverified HTTPS request is being made to host 'serviciosdigitales.movilidadavanzadabello.com.co'. Adding certificate verification is strongly advised. See: https://urllib3.readthedocs.io/en/latest/advanced-usage.html#tls-warnings
  warnings.warn(
/home/comparendos/venv/lib/python3.12/site-packages/urllib3/connectionpool.py:1097: InsecureRequestWarning: Unverified HTTPS request is being made to host 'serviciosdigitales.movilidadavanzadabello.com.co'. Adding certificate verification is strongly advised. See: https://urllib3.readthedocs.io/en/latest/advanced-usage.html#tls-warnings
  warnings.warn(
/home/comparendos/venv/lib/python3.12/site-packages/urllib3/connectionpool.py:1097: InsecureRequestWarning: Unverified HTTPS request is being made to host 'serviciosdigitales.movilidadavanzadabello.com.co'. Adding certificate verification is strongly advised. See: https://urllib3.readthedocs.io/en/latest/advanced-usage.html#tls-warnings
  warnings.warn(
/home/comparendos/venv/lib/python3.12/site-packages/urllib3/connectionpool.py:1097: InsecureRequestWarning: Unverified HTTPS request is being made to host 'serviciosdigitales.movilidadavanzadabello.com.co'. Adding certificate verification is strongly advised. See: https://urllib3.readthedocs.io/en/latest/advanced-usage.html#tls-warnings
  warnings.warn(
/home/comparendos/venv/lib/python3.12/site-packages/urllib3/connectionpool.py:1097: InsecureRequestWarning: Unverified HTTPS request is being made to host 'serviciosdigitales.movilidadavanzadabello.com.co'. Adding certificate verification is strongly advised. See: https://urllib3.readthedocs.io/en/latest/advanced-usage.html#tls-warnings
  warnings.warn(
/home/comparendos/venv/lib/python3.12/site-packages/urllib3/connectionpool.py:1097: InsecureRequestWarning: Unverified HTTPS request is being made to host 'serviciosdigitales.movilidadavanzadabello.com.co'. Adding certificate verification is strongly advised. See: https://urllib3.readthedocs.io/en/latest/advanced-usage.html#tls-warnings
  warnings.warn(
/home/comparendos/venv/lib/python3.12/site-packages/urllib3/connectionpool.py:1097: InsecureRequestWarning: Unverified HTTPS request is being made to host 'serviciosdigitales.movilidadavanzadabello.com.co'. Adding certificate verification is strongly advised. See: https://urllib3.readthedocs.io/en/latest/advanced-usage.html#tls-warnings
  warnings.warn(
/home/comparendos/venv/lib/python3.12/site-packages/urllib3/connectionpool.py:1097: InsecureRequestWarning: Unverified HTTPS request is being made to host 'serviciosdigitales.movilidadavanzadabello.com.co'. Adding certificate verification is strongly advised. See: https://urllib3.readthedocs.io/en/latest/advanced-usage.html#tls-warnings
  warnings.warn(
/home/comparendos/venv/lib/python3.12/site-packages/urllib3/connectionpool.py:1097: InsecureRequestWarning: Unverified HTTPS request is being made to host 'serviciosdigitales.movilidadavanzadabello.com.co'. Adding certificate verification is strongly advised. See: https://urllib3.readthedocs.io/en/latest/advanced-usage.html#tls-warnings
  warnings.warn(
/home/comparendos/venv/lib/python3.12/site-packages/urllib3/connectionpool.py:1097: InsecureRequestWarning: Unverified HTTPS request is being made to host 'serviciosdigitales.movilidadavanzadabello.com.co'. Adding certificate verification is strongly advised. See: https://urllib3.readthedocs.io/en/latest/advanced-usage.html#tls-warnings
  warnings.warn(
/home/comparendos/venv/lib/python3.12/site-packages/urllib3/connectionpool.py:1097: InsecureRequestWarning: Unverified HTTPS request is being made to host 'serviciosdigitales.movilidadavanzadabello.com.co'. Adding certificate verification is strongly advised. See: https://urllib3.readthedocs.io/en/latest/advanced-usage.html#tls-warnings
  warnings.warn(
/home/comparendos/venv/lib/python3.12/site-packages/urllib3/connectionpool.py:1097: InsecureRequestWarning: Unverified HTTPS request is being made to host 'serviciosdigitales.movilidadavanzadabello.com.co'. Adding certificate verification is strongly advised. See: https://urllib3.readthedocs.io/en/latest/advanced-usage.html#tls-warnings
  warnings.warn(
/home/comparendos/venv/lib/python3.12/site-packages/urllib3/connectionpool.py:1097: InsecureRequestWarning: Unverified HTTPS request is being made to host 'serviciosdigitales.movilidadavanzadabello.com.co'. Adding certificate verification is strongly advised. See: https://urllib3.readthedocs.io/en/latest/advanced-usage.html#tls-warnings
  warnings.warn(
/home/comparendos/venv/lib/python3.12/site-packages/urllib3/connectionpool.py:1097: InsecureRequestWarning: Unverified HTTPS request is being made to host 'serviciosdigitales.movilidadavanzadabello.com.co'. Adding certificate verification is strongly advised. See: https://urllib3.readthedocs.io/en/latest/advanced-usage.html#tls-warnings
  warnings.warn(
/home/comparendos/venv/lib/python3.12/site-packages/urllib3/connectionpool.py:1097: InsecureRequestWarning: Unverified HTTPS request is being made to host 'serviciosdigitales.movilidadavanzadabello.com.co'. Adding certificate verification is strongly advised. See: https://urllib3.readthedocs.io/en/latest/advanced-usage.html#tls-warnings
  warnings.warn(
/home/comparendos/venv/lib/python3.12/site-packages/urllib3/connectionpool.py:1097: InsecureRequestWarning: Unverified HTTPS request is being made to host 'serviciosdigitales.movilidadavanzadabello.com.co'. Adding certificate verification is strongly advised. See: https://urllib3.readthedocs.io/en/latest/advanced-usage.html#tls-warnings
  warnings.warn(
/home/comparendos/venv/lib/python3.12/site-packages/urllib3/connectionpool.py:1097: InsecureRequestWarning: Unverified HTTPS request is being made to host 'serviciosdigitales.movilidadavanzadabello.com.co'. Adding certificate verification is strongly advised. See: https://urllib3.readthedocs.io/en/latest/advanced-usage.html#tls-warnings
  warnings.warn(
/home/comparendos/venv/lib/python3.12/site-packages/urllib3/connectionpool.py:1097: InsecureRequestWarning: Unverified HTTPS request is being made to host 'serviciosdigitales.movilidadavanzadabello.com.co'. Adding certificate verification is strongly advised. See: https://urllib3.readthedocs.io/en/latest/advanced-usage.html#tls-warnings
  warnings.warn(
/home/comparendos/venv/lib/python3.12/site-packages/urllib3/connectionpool.py:1097: InsecureRequestWarning: Unverified HTTPS request is being made to host 'serviciosdigitales.movilidadavanzadabello.com.co'. Adding certificate verification is strongly advised. See: https://urllib3.readthedocs.io/en/latest/advanced-usage.html#tls-warnings
  warnings.warn(
/home/comparendos/venv/lib/python3.12/site-packages/urllib3/connectionpool.py:1097: InsecureRequestWarning: Unverified HTTPS request is being made to host 'serviciosdigitales.movilidadavanzadabello.com.co'. Adding certificate verification is strongly advised. See: https://urllib3.readthedocs.io/en/latest/advanced-usage.html#tls-warnings
  warnings.warn(
/home/comparendos/venv/lib/python3.12/site-packages/urllib3/connectionpool.py:1097: InsecureRequestWarning: Unverified HTTPS request is being made to host 'serviciosdigitales.movilidadavanzadabello.com.co'. Adding certificate verification is strongly advised. See: https://urllib3.readthedocs.io/en/latest/advanced-usage.html#tls-warnings
  warnings.warn(
/home/comparendos/venv/lib/python3.12/site-packages/urllib3/connectionpool.py:1097: InsecureRequestWarning: Unverified HTTPS request is being made to host 'serviciosdigitales.movilidadavanzadabello.com.co'. Adding certificate verification is strongly advised. See: https://urllib3.readthedocs.io/en/latest/advanced-usage.html#tls-warnings
  warnings.warn(
/home/comparendos/venv/lib/python3.12/site-packages/urllib3/connectionpool.py:1097: InsecureRequestWarning: Unverified HTTPS request is being made to host 'serviciosdigitales.movilidadavanzadabello.com.co'. Adding certificate verification is strongly advised. See: https://urllib3.readthedocs.io/en/latest/advanced-usage.html#tls-warnings
  warnings.warn(
/home/comparendos/venv/lib/python3.12/site-packages/urllib3/connectionpool.py:1097: InsecureRequestWarning: Unverified HTTPS request is being made to host 'serviciosdigitales.movilidadavanzadabello.com.co'. Adding certificate verification is strongly advised. See: https://urllib3.readthedocs.io/en/latest/advanced-usage.html#tls-warnings
  warnings.warn(
/home/comparendos/venv/lib/python3.12/site-packages/urllib3/connectionpool.py:1097: InsecureRequestWarning: Unverified HTTPS request is being made to host 'serviciosdigitales.movilidadavanzadabello.com.co'. Adding certificate verification is strongly advised. See: https://urllib3.readthedocs.io/en/latest/advanced-usage.html#tls-warnings
  warnings.warn(
/home/comparendos/venv/lib/python3.12/site-packages/urllib3/connectionpool.py:1097: InsecureRequestWarning: Unverified HTTPS request is being made to host 'serviciosdigitales.movilidadavanzadabello.com.co'. Adding certificate verification is strongly advised. See: https://urllib3.readthedocs.io/en/latest/advanced-usage.html#tls-warnings
  warnings.warn(
/home/comparendos/venv/lib/python3.12/site-packages/urllib3/connectionpool.py:1097: InsecureRequestWarning: Unverified HTTPS request is being made to host 'serviciosdigitales.movilidadavanzadabello.com.co'. Adding certificate verification is strongly advised. See: https://urllib3.readthedocs.io/en/latest/advanced-usage.html#tls-warnings
  warnings.warn(
/home/comparendos/venv/lib/python3.12/site-packages/urllib3/connectionpool.py:1097: InsecureRequestWarning: Unverified HTTPS request is being made to host 'serviciosdigitales.movilidadavanzadabello.com.co'. Adding certificate verification is strongly advised. See: https://urllib3.readthedocs.io/en/latest/advanced-usage.html#tls-warnings
  warnings.warn(
/home/comparendos/venv/lib/python3.12/site-packages/urllib3/connectionpool.py:1097: InsecureRequestWarning: Unverified HTTPS request is being made to host 'serviciosdigitales.movilidadavanzadabello.com.co'. Adding certificate verification is strongly advised. See: https://urllib3.readthedocs.io/en/latest/advanced-usage.html#tls-warnings
  warnings.warn(
/home/comparendos/venv/lib/python3.12/site-packages/urllib3/connectionpool.py:1097: InsecureRequestWarning: Unverified HTTPS request is being made to host 'serviciosdigitales.movilidadavanzadabello.com.co'. Adding certificate verification is strongly advised. See: https://urllib3.readthedocs.io/en/latest/advanced-usage.html#tls-warnings
  warnings.warn(
/home/comparendos/venv/lib/python3.12/site-packages/urllib3/connectionpool.py:1097: InsecureRequestWarning: Unverified HTTPS request is being made to host 'serviciosdigitales.movilidadavanzadabello.com.co'. Adding certificate verification is strongly advised. See: https://urllib3.readthedocs.io/en/latest/advanced-usage.html#tls-warnings
  warnings.warn(
/home/comparendos/venv/lib/python3.12/site-packages/urllib3/connectionpool.py:1097: InsecureRequestWarning: Unverified HTTPS request is being made to host 'serviciosdigitales.movilidadavanzadabello.com.co'. Adding certificate verification is strongly advised. See: https://urllib3.readthedocs.io/en/latest/advanced-usage.html#tls-warnings
  warnings.warn(
/home/comparendos/venv/lib/python3.12/site-packages/urllib3/connectionpool.py:1097: InsecureRequestWarning: Unverified HTTPS request is being made to host 'serviciosdigitales.movilidadavanzadabello.com.co'. Adding certificate verification is strongly advised. See: https://urllib3.readthedocs.io/en/latest/advanced-usage.html#tls-warnings
  warnings.warn(
/home/comparendos/venv/lib/python3.12/site-packages/urllib3/connectionpool.py:1097: InsecureRequestWarning: Unverified HTTPS request is being made to host 'serviciosdigitales.movilidadavanzadabello.com.co'. Adding certificate verification is strongly advised. See: https://urllib3.readthedocs.io/en/latest/advanced-usage.html#tls-warnings
  warnings.warn(
/home/comparendos/venv/lib/python3.12/site-packages/urllib3/connectionpool.py:1097: InsecureRequestWarning: Unverified HTTPS request is being made to host 'serviciosdigitales.movilidadavanzadabello.com.co'. Adding certificate verification is strongly advised. See: https://urllib3.readthedocs.io/en/latest/advanced-usage.html#tls-warnings
  warnings.warn(
/home/comparendos/venv/lib/python3.12/site-packages/urllib3/connectionpool.py:1097: InsecureRequestWarning: Unverified HTTPS request is being made to host 'serviciosdigitales.movilidadavanzadabello.com.co'. Adding certificate verification is strongly advised. See: https://urllib3.readthedocs.io/en/latest/advanced-usage.html#tls-warnings
  warnings.warn(
/home/comparendos/venv/lib/python3.12/site-packages/urllib3/connectionpool.py:1097: InsecureRequestWarning: Unverified HTTPS request is being made to host 'serviciosdigitales.movilidadavanzadabello.com.co'. Adding certificate verification is strongly advised. See: https://urllib3.readthedocs.io/en/latest/advanced-usage.html#tls-warnings
  warnings.warn(
/home/comparendos/venv/lib/python3.12/site-packages/urllib3/connectionpool.py:1097: InsecureRequestWarning: Unverified HTTPS request is being made to host 'serviciosdigitales.movilidadavanzadabello.com.co'. Adding certificate verification is strongly advised. See: https://urllib3.readthedocs.io/en/latest/advanced-usage.html#tls-warnings
  warnings.warn(
/home/comparendos/venv/lib/python3.12/site-packages/urllib3/connectionpool.py:1097: InsecureRequestWarning: Unverified HTTPS request is being made to host 'serviciosdigitales.movilidadavanzadabello.com.co'. Adding certificate verification is strongly advised. See: https://urllib3.readthedocs.io/en/latest/advanced-usage.html#tls-warnings
  warnings.warn(
/home/comparendos/venv/lib/python3.12/site-packages/urllib3/connectionpool.py:1097: InsecureRequestWarning: Unverified HTTPS request is being made to host 'serviciosdigitales.movilidadavanzadabello.com.co'. Adding certificate verification is strongly advised. See: https://urllib3.readthedocs.io/en/latest/advanced-usage.html#tls-warnings
  warnings.warn(
/home/comparendos/venv/lib/python3.12/site-packages/urllib3/connectionpool.py:1097: InsecureRequestWarning: Unverified HTTPS request is being made to host 'serviciosdigitales.movilidadavanzadabello.com.co'. Adding certificate verification is strongly advised. See: https://urllib3.readthedocs.io/en/latest/advanced-usage.html#tls-warnings
  warnings.warn(
/home/comparendos/venv/lib/python3.12/site-packages/urllib3/connectionpool.py:1097: InsecureRequestWarning: Unverified HTTPS request is being made to host 'serviciosdigitales.movilidadavanzadabello.com.co'. Adding certificate verification is strongly advised. See: https://urllib3.readthedocs.io/en/latest/advanced-usage.html#tls-warnings
  warnings.warn(
/home/comparendos/venv/lib/python3.12/site-packages/urllib3/connectionpool.py:1097: InsecureRequestWarning: Unverified HTTPS request is being made to host 'serviciosdigitales.movilidadavanzadabello.com.co'. Adding certificate verification is strongly advised. See: https://urllib3.readthedocs.io/en/latest/advanced-usage.html#tls-warnings
  warnings.warn(
/home/comparendos/venv/lib/python3.12/site-packages/urllib3/connectionpool.py:1097: InsecureRequestWarning: Unverified HTTPS request is being made to host 'serviciosdigitales.movilidadavanzadabello.com.co'. Adding certificate verification is strongly advised. See: https://urllib3.readthedocs.io/en/latest/advanced-usage.html#tls-warnings
  warnings.warn(
/home/comparendos/venv/lib/python3.12/site-packages/urllib3/connectionpool.py:1097: InsecureRequestWarning: Unverified HTTPS request is being made to host 'serviciosdigitales.movilidadavanzadabello.com.co'. Adding certificate verification is strongly advised. See: https://urllib3.readthedocs.io/en/latest/advanced-usage.html#tls-warnings
  warnings.warn(
/home/comparendos/venv/lib/python3.12/site-packages/urllib3/connectionpool.py:1097: InsecureRequestWarning: Unverified HTTPS request is being made to host 'serviciosdigitales.movilidadavanzadabello.com.co'. Adding certificate verification is strongly advised. See: https://urllib3.readthedocs.io/en/latest/advanced-usage.html#tls-warnings
  warnings.warn(
/home/comparendos/venv/lib/python3.12/site-packages/urllib3/connectionpool.py:1097: InsecureRequestWarning: Unverified HTTPS request is being made to host 'serviciosdigitales.movilidadavanzadabello.com.co'. Adding certificate verification is strongly advised. See: https://urllib3.readthedocs.io/en/latest/advanced-usage.html#tls-warnings
  warnings.warn(
/home/comparendos/venv/lib/python3.12/site-packages/urllib3/connectionpool.py:1097: InsecureRequestWarning: Unverified HTTPS request is being made to host 'serviciosdigitales.movilidadavanzadabello.com.co'. Adding certificate verification is strongly advised. See: https://urllib3.readthedocs.io/en/latest/advanced-usage.html#tls-warnings
  warnings.warn(
/home/comparendos/venv/lib/python3.12/site-packages/urllib3/connectionpool.py:1097: InsecureRequestWarning: Unverified HTTPS request is being made to host 'serviciosdigitales.movilidadavanzadabello.com.co'. Adding certificate verification is strongly advised. See: https://urllib3.readthedocs.io/en/latest/advanced-usage.html#tls-warnings
  warnings.warn(
/home/comparendos/venv/lib/python3.12/site-packages/urllib3/connectionpool.py:1097: InsecureRequestWarning: Unverified HTTPS request is being made to host 'serviciosdigitales.movilidadavanzadabello.com.co'. Adding certificate verification is strongly advised. See: https://urllib3.readthedocs.io/en/latest/advanced-usage.html#tls-warnings
  warnings.warn(
/home/comparendos/venv/lib/python3.12/site-packages/urllib3/connectionpool.py:1097: InsecureRequestWarning: Unverified HTTPS request is being made to host 'serviciosdigitales.movilidadavanzadabello.com.co'. Adding certificate verification is strongly advised. See: https://urllib3.readthedocs.io/en/latest/advanced-usage.html#tls-warnings
  warnings.warn(
/home/comparendos/venv/lib/python3.12/site-packages/urllib3/connectionpool.py:1097: InsecureRequestWarning: Unverified HTTPS request is being made to host 'serviciosdigitales.movilidadavanzadabello.com.co'. Adding certificate verification is strongly advised. See: https://urllib3.readthedocs.io/en/latest/advanced-usage.html#tls-warnings
  warnings.warn(
/home/comparendos/venv/lib/python3.12/site-packages/urllib3/connectionpool.py:1097: InsecureRequestWarning: Unverified HTTPS request is being made to host 'serviciosdigitales.movilidadavanzadabello.com.co'. Adding certificate verification is strongly advised. See: https://urllib3.readthedocs.io/en/latest/advanced-usage.html#tls-warnings
  warnings.warn(
/home/comparendos/venv/lib/python3.12/site-packages/urllib3/connectionpool.py:1097: InsecureRequestWarning: Unverified HTTPS request is being made to host 'serviciosdigitales.movilidadavanzadabello.com.co'. Adding certificate verification is strongly advised. See: https://urllib3.readthedocs.io/en/latest/advanced-usage.html#tls-warnings
  warnings.warn(
/home/comparendos/venv/lib/python3.12/site-packages/urllib3/connectionpool.py:1097: InsecureRequestWarning: Unverified HTTPS request is being made to host 'serviciosdigitales.movilidadavanzadabello.com.co'. Adding certificate verification is strongly advised. See: https://urllib3.readthedocs.io/en/latest/advanced-usage.html#tls-warnings
  warnings.warn(
/home/comparendos/venv/lib/python3.12/site-packages/urllib3/connectionpool.py:1097: InsecureRequestWarning: Unverified HTTPS request is being made to host 'serviciosdigitales.movilidadavanzadabello.com.co'. Adding certificate verification is strongly advised. See: https://urllib3.readthedocs.io/en/latest/advanced-usage.html#tls-warnings
  warnings.warn(
/home/comparendos/venv/lib/python3.12/site-packages/urllib3/connectionpool.py:1097: InsecureRequestWarning: Unverified HTTPS request is being made to host 'serviciosdigitales.movilidadavanzadabello.com.co'. Adding certificate verification is strongly advised. See: https://urllib3.readthedocs.io/en/latest/advanced-usage.html#tls-warnings
  warnings.warn(
/home/comparendos/venv/lib/python3.12/site-packages/urllib3/connectionpool.py:1097: InsecureRequestWarning: Unverified HTTPS request is being made to host 'serviciosdigitales.movilidadavanzadabello.com.co'. Adding certificate verification is strongly advised. See: https://urllib3.readthedocs.io/en/latest/advanced-usage.html#tls-warnings
  warnings.warn(
/home/comparendos/venv/lib/python3.12/site-packages/urllib3/connectionpool.py:1097: InsecureRequestWarning: Unverified HTTPS request is being made to host 'serviciosdigitales.movilidadavanzadabello.com.co'. Adding certificate verification is strongly advised. See: https://urllib3.readthedocs.io/en/latest/advanced-usage.html#tls-warnings
  warnings.warn(
/home/comparendos/venv/lib/python3.12/site-packages/urllib3/connectionpool.py:1097: InsecureRequestWarning: Unverified HTTPS request is being made to host 'serviciosdigitales.movilidadavanzadabello.com.co'. Adding certificate verification is strongly advised. See: https://urllib3.readthedocs.io/en/latest/advanced-usage.html#tls-warnings
  warnings.warn(
/home/comparendos/venv/lib/python3.12/site-packages/urllib3/connectionpool.py:1097: InsecureRequestWarning: Unverified HTTPS request is being made to host 'serviciosdigitales.movilidadavanzadabello.com.co'. Adding certificate verification is strongly advised. See: https://urllib3.readthedocs.io/en/latest/advanced-usage.html#tls-warnings
  warnings.warn(
/home/comparendos/venv/lib/python3.12/site-packages/urllib3/connectionpool.py:1097: InsecureRequestWarning: Unverified HTTPS request is being made to host 'serviciosdigitales.movilidadavanzadabello.com.co'. Adding certificate verification is strongly advised. See: https://urllib3.readthedocs.io/en/latest/advanced-usage.html#tls-warnings
  warnings.warn(
/home/comparendos/venv/lib/python3.12/site-packages/urllib3/connectionpool.py:1097: InsecureRequestWarning: Unverified HTTPS request is being made to host 'serviciosdigitales.movilidadavanzadabello.com.co'. Adding certificate verification is strongly advised. See: https://urllib3.readthedocs.io/en/latest/advanced-usage.html#tls-warnings
  warnings.warn(
/home/comparendos/venv/lib/python3.12/site-packages/urllib3/connectionpool.py:1097: InsecureRequestWarning: Unverified HTTPS request is being made to host 'serviciosdigitales.movilidadavanzadabello.com.co'. Adding certificate verification is strongly advised. See: https://urllib3.readthedocs.io/en/latest/advanced-usage.html#tls-warnings
  warnings.warn(
/home/comparendos/venv/lib/python3.12/site-packages/urllib3/connectionpool.py:1097: InsecureRequestWarning: Unverified HTTPS request is being made to host 'serviciosdigitales.movilidadavanzadabello.com.co'. Adding certificate verification is strongly advised. See: https://urllib3.readthedocs.io/en/latest/advanced-usage.html#tls-warnings
  warnings.warn(
/home/comparendos/venv/lib/python3.12/site-packages/urllib3/connectionpool.py:1097: InsecureRequestWarning: Unverified HTTPS request is being made to host 'serviciosdigitales.movilidadavanzadabello.com.co'. Adding certificate verification is strongly advised. See: https://urllib3.readthedocs.io/en/latest/advanced-usage.html#tls-warnings
  warnings.warn(
/home/comparendos/venv/lib/python3.12/site-packages/urllib3/connectionpool.py:1097: InsecureRequestWarning: Unverified HTTPS request is being made to host 'serviciosdigitales.movilidadavanzadabello.com.co'. Adding certificate verification is strongly advised. See: https://urllib3.readthedocs.io/en/latest/advanced-usage.html#tls-warnings
  warnings.warn(
/home/comparendos/venv/lib/python3.12/site-packages/urllib3/connectionpool.py:1097: InsecureRequestWarning: Unverified HTTPS request is being made to host 'serviciosdigitales.movilidadavanzadabello.com.co'. Adding certificate verification is strongly advised. See: https://urllib3.readthedocs.io/en/latest/advanced-usage.html#tls-warnings
  warnings.warn(
/home/comparendos/venv/lib/python3.12/site-packages/urllib3/connectionpool.py:1097: InsecureRequestWarning: Unverified HTTPS request is being made to host 'serviciosdigitales.movilidadavanzadabello.com.co'. Adding certificate verification is strongly advised. See: https://urllib3.readthedocs.io/en/latest/advanced-usage.html#tls-warnings
  warnings.warn(
/home/comparendos/venv/lib/python3.12/site-packages/urllib3/connectionpool.py:1097: InsecureRequestWarning: Unverified HTTPS request is being made to host 'serviciosdigitales.movilidadavanzadabello.com.co'. Adding certificate verification is strongly advised. See: https://urllib3.readthedocs.io/en/latest/advanced-usage.html#tls-warnings
  warnings.warn(
/home/comparendos/venv/lib/python3.12/site-packages/urllib3/connectionpool.py:1097: InsecureRequestWarning: Unverified HTTPS request is being made to host 'serviciosdigitales.movilidadavanzadabello.com.co'. Adding certificate verification is strongly advised. See: https://urllib3.readthedocs.io/en/latest/advanced-usage.html#tls-warnings
  warnings.warn(
/home/comparendos/venv/lib/python3.12/site-packages/urllib3/connectionpool.py:1097: InsecureRequestWarning: Unverified HTTPS request is being made to host 'serviciosdigitales.movilidadavanzadabello.com.co'. Adding certificate verification is strongly advised. See: https://urllib3.readthedocs.io/en/latest/advanced-usage.html#tls-warnings
  warnings.warn(
/home/comparendos/venv/lib/python3.12/site-packages/urllib3/connectionpool.py:1097: InsecureRequestWarning: Unverified HTTPS request is being made to host 'serviciosdigitales.movilidadavanzadabello.com.co'. Adding certificate verification is strongly advised. See: https://urllib3.readthedocs.io/en/latest/advanced-usage.html#tls-warnings
  warnings.warn(
/home/comparendos/venv/lib/python3.12/site-packages/urllib3/connectionpool.py:1097: InsecureRequestWarning: Unverified HTTPS request is being made to host 'serviciosdigitales.movilidadavanzadabello.com.co'. Adding certificate verification is strongly advised. See: https://urllib3.readthedocs.io/en/latest/advanced-usage.html#tls-warnings
  warnings.warn(
/home/comparendos/venv/lib/python3.12/site-packages/urllib3/connectionpool.py:1097: InsecureRequestWarning: Unverified HTTPS request is being made to host 'serviciosdigitales.movilidadavanzadabello.com.co'. Adding certificate verification is strongly advised. See: https://urllib3.readthedocs.io/en/latest/advanced-usage.html#tls-warnings
  warnings.warn(
/home/comparendos/venv/lib/python3.12/site-packages/urllib3/connectionpool.py:1097: InsecureRequestWarning: Unverified HTTPS request is being made to host 'serviciosdigitales.movilidadavanzadabello.com.co'. Adding certificate verification is strongly advised. See: https://urllib3.readthedocs.io/en/latest/advanced-usage.html#tls-warnings
  warnings.warn(
/home/comparendos/venv/lib/python3.12/site-packages/urllib3/connectionpool.py:1097: InsecureRequestWarning: Unverified HTTPS request is being made to host 'serviciosdigitales.movilidadavanzadabello.com.co'. Adding certificate verification is strongly advised. See: https://urllib3.readthedocs.io/en/latest/advanced-usage.html#tls-warnings
  warnings.warn(
/home/comparendos/venv/lib/python3.12/site-packages/urllib3/connectionpool.py:1097: InsecureRequestWarning: Unverified HTTPS request is being made to host 'serviciosdigitales.movilidadavanzadabello.com.co'. Adding certificate verification is strongly advised. See: https://urllib3.readthedocs.io/en/latest/advanced-usage.html#tls-warnings
  warnings.warn(
/home/comparendos/venv/lib/python3.12/site-packages/urllib3/connectionpool.py:1097: InsecureRequestWarning: Unverified HTTPS request is being made to host 'serviciosdigitales.movilidadavanzadabello.com.co'. Adding certificate verification is strongly advised. See: https://urllib3.readthedocs.io/en/latest/advanced-usage.html#tls-warnings
  warnings.warn(
/home/comparendos/venv/lib/python3.12/site-packages/urllib3/connectionpool.py:1097: InsecureRequestWarning: Unverified HTTPS request is being made to host 'serviciosdigitales.movilidadavanzadabello.com.co'. Adding certificate verification is strongly advised. See: https://urllib3.readthedocs.io/en/latest/advanced-usage.html#tls-warnings
  warnings.warn(
/home/comparendos/venv/lib/python3.12/site-packages/urllib3/connectionpool.py:1097: InsecureRequestWarning: Unverified HTTPS request is being made to host 'serviciosdigitales.movilidadavanzadabello.com.co'. Adding certificate verification is strongly advised. See: https://urllib3.readthedocs.io/en/latest/advanced-usage.html#tls-warnings
  warnings.warn(
/home/comparendos/venv/lib/python3.12/site-packages/urllib3/connectionpool.py:1097: InsecureRequestWarning: Unverified HTTPS request is being made to host 'serviciosdigitales.movilidadavanzadabello.com.co'. Adding certificate verification is strongly advised. See: https://urllib3.readthedocs.io/en/latest/advanced-usage.html#tls-warnings
  warnings.warn(
/home/comparendos/venv/lib/python3.12/site-packages/urllib3/connectionpool.py:1097: InsecureRequestWarning: Unverified HTTPS request is being made to host 'serviciosdigitales.movilidadavanzadabello.com.co'. Adding certificate verification is strongly advised. See: https://urllib3.readthedocs.io/en/latest/advanced-usage.html#tls-warnings
  warnings.warn(
/home/comparendos/venv/lib/python3.12/site-packages/urllib3/connectionpool.py:1097: InsecureRequestWarning: Unverified HTTPS request is being made to host 'serviciosdigitales.movilidadavanzadabello.com.co'. Adding certificate verification is strongly advised. See: https://urllib3.readthedocs.io/en/latest/advanced-usage.html#tls-warnings
  warnings.warn(
/home/comparendos/venv/lib/python3.12/site-packages/urllib3/connectionpool.py:1097: InsecureRequestWarning: Unverified HTTPS request is being made to host 'serviciosdigitales.movilidadavanzadabello.com.co'. Adding certificate verification is strongly advised. See: https://urllib3.readthedocs.io/en/latest/advanced-usage.html#tls-warnings
  warnings.warn(
/home/comparendos/venv/lib/python3.12/site-packages/urllib3/connectionpool.py:1097: InsecureRequestWarning: Unverified HTTPS request is being made to host 'serviciosdigitales.movilidadavanzadabello.com.co'. Adding certificate verification is strongly advised. See: https://urllib3.readthedocs.io/en/latest/advanced-usage.html#tls-warnings
  warnings.warn(
/home/comparendos/venv/lib/python3.12/site-packages/urllib3/connectionpool.py:1097: InsecureRequestWarning: Unverified HTTPS request is being made to host 'serviciosdigitales.movilidadavanzadabello.com.co'. Adding certificate verification is strongly advised. See: https://urllib3.readthedocs.io/en/latest/advanced-usage.html#tls-warnings
  warnings.warn(
/home/comparendos/venv/lib/python3.12/site-packages/urllib3/connectionpool.py:1097: InsecureRequestWarning: Unverified HTTPS request is being made to host 'serviciosdigitales.movilidadavanzadabello.com.co'. Adding certificate verification is strongly advised. See: https://urllib3.readthedocs.io/en/latest/advanced-usage.html#tls-warnings
  warnings.warn(
/home/comparendos/venv/lib/python3.12/site-packages/urllib3/connectionpool.py:1097: InsecureRequestWarning: Unverified HTTPS request is being made to host 'serviciosdigitales.movilidadavanzadabello.com.co'. Adding certificate verification is strongly advised. See: https://urllib3.readthedocs.io/en/latest/advanced-usage.html#tls-warnings
  warnings.warn(
/home/comparendos/venv/lib/python3.12/site-packages/urllib3/connectionpool.py:1097: InsecureRequestWarning: Unverified HTTPS request is being made to host 'serviciosdigitales.movilidadavanzadabello.com.co'. Adding certificate verification is strongly advised. See: https://urllib3.readthedocs.io/en/latest/advanced-usage.html#tls-warnings
  warnings.warn(
/home/comparendos/venv/lib/python3.12/site-packages/urllib3/connectionpool.py:1097: InsecureRequestWarning: Unverified HTTPS request is being made to host 'serviciosdigitales.movilidadavanzadabello.com.co'. Adding certificate verification is strongly advised. See: https://urllib3.readthedocs.io/en/latest/advanced-usage.html#tls-warnings
  warnings.warn(
/home/comparendos/venv/lib/python3.12/site-packages/urllib3/connectionpool.py:1097: InsecureRequestWarning: Unverified HTTPS request is being made to host 'serviciosdigitales.movilidadavanzadabello.com.co'. Adding certificate verification is strongly advised. See: https://urllib3.readthedocs.io/en/latest/advanced-usage.html#tls-warnings
  warnings.warn(
/home/comparendos/venv/lib/python3.12/site-packages/urllib3/connectionpool.py:1097: InsecureRequestWarning: Unverified HTTPS request is being made to host 'serviciosdigitales.movilidadavanzadabello.com.co'. Adding certificate verification is strongly advised. See: https://urllib3.readthedocs.io/en/latest/advanced-usage.html#tls-warnings
  warnings.warn(
/home/comparendos/venv/lib/python3.12/site-packages/urllib3/connectionpool.py:1097: InsecureRequestWarning: Unverified HTTPS request is being made to host 'serviciosdigitales.movilidadavanzadabello.com.co'. Adding certificate verification is strongly advised. See: https://urllib3.readthedocs.io/en/latest/advanced-usage.html#tls-warnings
  warnings.warn(
/home/comparendos/venv/lib/python3.12/site-packages/urllib3/connectionpool.py:1097: InsecureRequestWarning: Unverified HTTPS request is being made to host 'serviciosdigitales.movilidadavanzadabello.com.co'. Adding certificate verification is strongly advised. See: https://urllib3.readthedocs.io/en/latest/advanced-usage.html#tls-warnings
  warnings.warn(
/home/comparendos/venv/lib/python3.12/site-packages/urllib3/connectionpool.py:1097: InsecureRequestWarning: Unverified HTTPS request is being made to host 'serviciosdigitales.movilidadavanzadabello.com.co'. Adding certificate verification is strongly advised. See: https://urllib3.readthedocs.io/en/latest/advanced-usage.html#tls-warnings
  warnings.warn(

[2026-07-10 08:15:49] Enviando 27 templates.
[2026-07-10 08:15:49] Respuesta del envío: True - 
[2026-07-10 08:26:47] Enviando 12 templates para el bloque (process_template_id: Ccy6377u27r4)
Payload para el envío Ccy6377u27r4:
{
  "users": [
    {
      "phone": "+573104875716",
      "parameters": [
        {
          "order": 0,
          "parameter": "MEDELLIN"
        },
        {
          "order": 1,
          "parameter": "2025-12-12"
        },
        {
          "order": 2,
          "parameter": "YFT34H"
        },
        {
          "order": 3,
          "parameter": "C14"
        },
        {
          "order": 4,
          "parameter": "Transitar por sitios restringidos o en horas prohibidas por la autoridad competente. Además, el vehículo será inmovilizado"
        }
      ]
    },
    {
      "phone": "+573104875716",
      "parameters": [
        {
          "order": 0,
          "parameter": "MEDELLIN"
        },
        {
          "order": 1,
          "parameter": "2026-04-21"
        },
        {
          "order": 2,
          "parameter": "YFT34H"
        },
        {
          "order": 3,
          "parameter": "C24"
        },
        {
          "order": 4,
          "parameter": "Conducir motocicleta sin observar las normas establecidas en el presente código"
        }
      ]
    },
    {
      "phone": "+573104875716",
      "parameters": [
        {
          "order": 0,
          "parameter": "MEDELLIN"
        },
        {
          "order": 1,
          "parameter": "2026-03-26"
        },
        {
          "order": 2,
          "parameter": "YFT34H"
        },
        {
          "order": 3,
          "parameter": "D04"
        },
        {
          "order": 4,
          "parameter": "No detenerse ante una luz roja o amarilla de semáforo, una señal de \"PARE\" o un semáforo intermitente en rojo."
        }
      ]
    },
    {
      "phone": "+573148934781",
      "parameters": [
        {
          "order": 0,
          "parameter": "MEDELLIN"
        },
        {
          "order": 1,
          "parameter": "2026-07-04"
        },
        {
          "order": 2,
          "parameter": "LCZ731"
        },
        {
          "order": 3,
          "parameter": "D02"
        },
        {
          "order": 4,
          "parameter": "Conducir sin portar los seguros ordenados por la ley. Además, el vehículo será inmovilizado"
        }
      ]
    },
    {
      "phone": "+573004548683",
      "parameters": [
        {
          "order": 0,
          "parameter": "MEDELLIN"
        },
        {
          "order": 1,
          "parameter": "2026-05-11"
        },
        {
          "order": 2,
          "parameter": "EFW107"
        },
        {
          "order": 3,
          "parameter": "C14"
        },
        {
          "order": 4,
          "parameter": "Transitar por sitios restringidos o en horas prohibidas por la autoridad competente. Además, el vehículo será inmovilizado"
        }
      ]
    },
    {
      "phone": "+573004548683",
      "parameters": [
        {
          "order": 0,
          "parameter": "MEDELLIN"
        },
        {
          "order": 1,
          "parameter": "2026-04-20"
        },
        {
          "order": 2,
          "parameter": "EFW107"
        },
        {
          "order": 3,
          "parameter": "C14"
        },
        {
          "order": 4,
          "parameter": "Transitar por sitios restringidos o en horas prohibidas por la autoridad competente. Además, el vehículo será inmovilizado"
        }
      ]
    },
    {
      "phone": "+573012750383",
      "parameters": [
        {
          "order": 0,
          "parameter": "MEDELLIN"
        },
        {
          "order": 1,
          "parameter": "2025-11-21"
        },
        {
          "order": 2,
          "parameter": "XFG89C"
        },
        {
          "order": 3,
          "parameter": "C35"
        },
        {
          "order": 4,
          "parameter": "No realizar la revisión técnico-mecánica en el plazo legal establecido o cuando el vehículo no se encuentre en adecuadas condiciones técnico-mecánicas o de emisiones contaminantes, aun cuando porte los certificados correspondientes, además el vehículo será inmovilizado."
        }
      ]
    },
    {
      "phone": "+573108396553",
      "parameters": [
        {
          "order": 0,
          "parameter": "MEDELLIN"
        },
        {
          "order": 1,
          "parameter": "2026-05-22"
        },
        {
          "order": 2,
          "parameter": "NPN322"
        },
        {
          "order": 3,
          "parameter": "C14"
        },
        {
          "order": 4,
          "parameter": "Transitar por sitios restringidos o en horas prohibidas por la autoridad competente. Además, el vehículo será inmovilizado"
        }
      ]
    },
    {
      "phone": "+573108396553",
      "parameters": [
        {
          "order": 0,
          "parameter": "MEDELLIN"
        },
        {
          "order": 1,
          "parameter": "2026-05-11"
        },
        {
          "order": 2,
          "parameter": "NPN322"
        },
        {
          "order": 3,
          "parameter": "C29"
        },
        {
          "order": 4,
          "parameter": "Conducir un vehículo a velocidad superior a la máxima permitida"
        }
      ]
    },
    {
      "phone": "+573108396553",
      "parameters": [
        {
          "order": 0,
          "parameter": "MEDELLIN"
        },
        {
          "order": 1,
          "parameter": "2026-03-13"
        },
        {
          "order": 2,
          "parameter": "NPN322"
        },
        {
          "order": 3,
          "parameter": "C14"
        },
        {
          "order": 4,
          "parameter": "Transitar por sitios restringidos o en horas prohibidas por la autoridad competente. Además, el vehículo será inmovilizado"
        }
      ]
    },
    {
      "phone": "+573122601675",
      "parameters": [
        {
          "order": 0,
          "parameter": "MEDELLIN"
        },
        {
          "order": 1,
          "parameter": "2026-02-27"
        },
        {
          "order": 2,
          "parameter": "CRE87G"
        },
        {
          "order": 3,
          "parameter": "C14"
        },
        {
          "order": 4,
          "parameter": "Transitar por sitios restringidos o en horas prohibidas por la autoridad competente. Además, el vehículo será inmovilizado"
        }
      ]
    },
    {
      "phone": "+573122601675",
      "parameters": [
        {
          "order": 0,
          "parameter": "MEDELLIN"
        },
        {
          "order": 1,
          "parameter": "2026-05-10"
        },
        {
          "order": 2,
          "parameter": "CRE87G"
        },
        {
          "order": 3,
          "parameter": "D02"
        },
        {
          "order": 4,
          "parameter": "Conducir sin portar los seguros ordenados por la ley. Además, el vehículo será inmovilizado"
        }
      ]
    }
  ],
  "SaveInfo": false,
  "origin": "API",
  "templateName": "notificacion_comparendos",
  "language": "ES",
  "sender": "School Center",
  "ParametersName": []
}
[2026-07-10 08:27:04] Enviando 12 templates.
[2026-07-10 08:27:04] Respuesta del envío: True - 
Error en consulta_info_home_public para ITAGUI: HTTPSConnectionPool(host='movilidad.transitoitagui.gov.co', port=443): Read timed out. (read timeout=30)
Error en ITAGUI: 'NoneType' object has no attribute 'json'
[2026-07-10 08:41:40] Enviando 10 templates para el bloque (process_template_id: kVAGa034UayY)
Payload para el envío kVAGa034UayY:
{
  "users": [
    {
      "phone": "+573147149910",
      "parameters": [
        {
          "order": 0,
          "parameter": "MEDELLIN"
        },
        {
          "order": 1,
          "parameter": "2026-05-05"
        },
        {
          "order": 2,
          "parameter": "RKB28G"
        },
        {
          "order": 3,
          "parameter": "D02"
        },
        {
          "order": 4,
          "parameter": "Conducir sin portar los seguros ordenados por la ley. Además, el vehículo será inmovilizado"
        }
      ]
    },
    {
      "phone": "+573147149910",
      "parameters": [
        {
          "order": 0,
          "parameter": "MEDELLIN"
        },
        {
          "order": 1,
          "parameter": "2026-04-30"
        },
        {
          "order": 2,
          "parameter": "FXB98G"
        },
        {
          "order": 3,
          "parameter": "C14"
        },
        {
          "order": 4,
          "parameter": "Transitar por sitios restringidos o en horas prohibidas por la autoridad competente. Además, el vehículo será inmovilizado"
        }
      ]
    },
    {
      "phone": "+573005157649",
      "parameters": [
        {
          "order": 0,
          "parameter": "MEDELLIN"
        },
        {
          "order": 1,
          "parameter": "2026-05-02"
        },
        {
          "order": 2,
          "parameter": "QMY837"
        },
        {
          "order": 3,
          "parameter": "C29"
        },
        {
          "order": 4,
          "parameter": "Conducir un vehículo a velocidad superior a la máxima permitida"
        }
      ]
    },
    {
      "phone": "+573206835060",
      "parameters": [
        {
          "order": 0,
          "parameter": "MEDELLIN"
        },
        {
          "order": 1,
          "parameter": "2025-12-19"
        },
        {
          "order": 2,
          "parameter": "IYR313"
        },
        {
          "order": 3,
          "parameter": "C14"
        },
        {
          "order": 4,
          "parameter": "Transitar por sitios restringidos o en horas prohibidas por la autoridad competente. Además, el vehículo será inmovilizado"
        }
      ]
    },
    {
      "phone": "+573188268372",
      "parameters": [
        {
          "order": 0,
          "parameter": "MEDELLIN"
        },
        {
          "order": 1,
          "parameter": "2026-03-14"
        },
        {
          "order": 2,
          "parameter": "LXR460"
        },
        {
          "order": 3,
          "parameter": "C29"
        },
        {
          "order": 4,
          "parameter": "Conducir un vehículo a velocidad superior a la máxima permitida"
        }
      ]
    },
    {
      "phone": "+573164044678",
      "parameters": [
        {
          "order": 0,
          "parameter": "MEDELLIN"
        },
        {
          "order": 1,
          "parameter": "2026-01-21"
        },
        {
          "order": 2,
          "parameter": "JYQ524"
        },
        {
          "order": 3,
          "parameter": "C29"
        },
        {
          "order": 4,
          "parameter": "Conducir un vehículo a velocidad superior a la máxima permitida"
        }
      ]
    },
    {
      "phone": "+573164044678",
      "parameters": [
        {
          "order": 0,
          "parameter": "MEDELLIN"
        },
        {
          "order": 1,
          "parameter": "2026-02-12"
        },
        {
          "order": 2,
          "parameter": "JYQ524"
        },
        {
          "order": 3,
          "parameter": "C35"
        },
        {
          "order": 4,
          "parameter": "No realizar la revisión técnico-mecánica en el plazo legal establecido o cuando el vehículo no se encuentre en adecuadas condiciones técnico-mecánicas o de emisiones contaminantes, aun cuando porte los certificados correspondientes, además el vehículo será inmovilizado."
        }
      ]
    },
    {
      "phone": "+573137458642",
      "parameters": [
        {
          "order": 0,
          "parameter": "MEDELLIN"
        },
        {
          "order": 1,
          "parameter": "2026-02-08"
        },
        {
          "order": 2,
          "parameter": "JYV427"
        },
        {
          "order": 3,
          "parameter": "C29"
        },
        {
          "order": 4,
          "parameter": "Conducir un vehículo a velocidad superior a la máxima permitida"
        }
      ]
    },
    {
      "phone": "+573146854142",
      "parameters": [
        {
          "order": 0,
          "parameter": "MEDELLIN"
        },
        {
          "order": 1,
          "parameter": "2025-09-12"
        },
        {
          "order": 2,
          "parameter": "JOR410"
        },
        {
          "order": 3,
          "parameter": "C35"
        },
        {
          "order": 4,
          "parameter": "No realizar la revisión técnico-mecánica en el plazo legal establecido o cuando el vehículo no se encuentre en adecuadas condiciones técnico-mecánicas o de emisiones contaminantes, aun cuando porte los certificados correspondientes, además el vehículo será inmovilizado."
        }
      ]
    },
    {
      "phone": "+573146854142",
      "parameters": [
        {
          "order": 0,
          "parameter": "MEDELLIN"
        },
        {
          "order": 1,
          "parameter": "2025-09-12"
        },
        {
          "order": 2,
          "parameter": "JOR410"
        },
        {
          "order": 3,
          "parameter": "C29"
        },
        {
          "order": 4,
          "parameter": "Conducir un vehículo a velocidad superior a la máxima permitida"
        }
      ]
    }
  ],
  "SaveInfo": false,
  "origin": "API",
  "templateName": "notificacion_comparendos",
  "language": "ES",
  "sender": "School Center",
  "ParametersName": []
}/home/comparendos/venv/lib/python3.12/site-packages/urllib3/connectionpool.py:1097: InsecureRequestWarning: Unverified HTTPS request is being made to host 'serviciosdigitales.movilidadavanzadabello.com.co'. Adding certificate verification is strongly advised. See: https://urllib3.readthedocs.io/en/latest/advanced-usage.html#tls-warnings
  warnings.warn(
/home/comparendos/venv/lib/python3.12/site-packages/urllib3/connectionpool.py:1097: InsecureRequestWarning: Unverified HTTPS request is being made to host 'serviciosdigitales.movilidadavanzadabello.com.co'. Adding certificate verification is strongly advised. See: https://urllib3.readthedocs.io/en/latest/advanced-usage.html#tls-warnings
  warnings.warn(
/home/comparendos/venv/lib/python3.12/site-packages/urllib3/connectionpool.py:1097: InsecureRequestWarning: Unverified HTTPS request is being made to host 'serviciosdigitales.movilidadavanzadabello.com.co'. Adding certificate verification is strongly advised. See: https://urllib3.readthedocs.io/en/latest/advanced-usage.html#tls-warnings
  warnings.warn(
/home/comparendos/venv/lib/python3.12/site-packages/urllib3/connectionpool.py:1097: InsecureRequestWarning: Unverified HTTPS request is being made to host 'serviciosdigitales.movilidadavanzadabello.com.co'. Adding certificate verification is strongly advised. See: https://urllib3.readthedocs.io/en/latest/advanced-usage.html#tls-warnings
  warnings.warn(
/home/comparendos/venv/lib/python3.12/site-packages/urllib3/connectionpool.py:1097: InsecureRequestWarning: Unverified HTTPS request is being made to host 'serviciosdigitales.movilidadavanzadabello.com.co'. Adding certificate verification is strongly advised. See: https://urllib3.readthedocs.io/en/latest/advanced-usage.html#tls-warnings
  warnings.warn(
/home/comparendos/venv/lib/python3.12/site-packages/urllib3/connectionpool.py:1097: InsecureRequestWarning: Unverified HTTPS request is being made to host 'serviciosdigitales.movilidadavanzadabello.com.co'. Adding certificate verification is strongly advised. See: https://urllib3.readthedocs.io/en/latest/advanced-usage.html#tls-warnings
  warnings.warn(
/home/comparendos/venv/lib/python3.12/site-packages/urllib3/connectionpool.py:1097: InsecureRequestWarning: Unverified HTTPS request is being made to host 'serviciosdigitales.movilidadavanzadabello.com.co'. Adding certificate verification is strongly advised. See: https://urllib3.readthedocs.io/en/latest/advanced-usage.html#tls-warnings
  warnings.warn(
/home/comparendos/venv/lib/python3.12/site-packages/urllib3/connectionpool.py:1097: InsecureRequestWarning: Unverified HTTPS request is being made to host 'serviciosdigitales.movilidadavanzadabello.com.co'. Adding certificate verification is strongly advised. See: https://urllib3.readthedocs.io/en/latest/advanced-usage.html#tls-warnings
  warnings.warn(
/home/comparendos/venv/lib/python3.12/site-packages/urllib3/connectionpool.py:1097: InsecureRequestWarning: Unverified HTTPS request is being made to host 'serviciosdigitales.movilidadavanzadabello.com.co'. Adding certificate verification is strongly advised. See: https://urllib3.readthedocs.io/en/latest/advanced-usage.html#tls-warnings
  warnings.warn(
/home/comparendos/venv/lib/python3.12/site-packages/urllib3/connectionpool.py:1097: InsecureRequestWarning: Unverified HTTPS request is being made to host 'serviciosdigitales.movilidadavanzadabello.com.co'. Adding certificate verification is strongly advised. See: https://urllib3.readthedocs.io/en/latest/advanced-usage.html#tls-warnings
  warnings.warn(
/home/comparendos/venv/lib/python3.12/site-packages/urllib3/connectionpool.py:1097: InsecureRequestWarning: Unverified HTTPS request is being made to host 'serviciosdigitales.movilidadavanzadabello.com.co'. Adding certificate verification is strongly advised. See: https://urllib3.readthedocs.io/en/latest/advanced-usage.html#tls-warnings
  warnings.warn(
/home/comparendos/venv/lib/python3.12/site-packages/urllib3/connectionpool.py:1097: InsecureRequestWarning: Unverified HTTPS request is being made to host 'serviciosdigitales.movilidadavanzadabello.com.co'. Adding certificate verification is strongly advised. See: https://urllib3.readthedocs.io/en/latest/advanced-usage.html#tls-warnings
  warnings.warn(
/home/comparendos/venv/lib/python3.12/site-packages/urllib3/connectionpool.py:1097: InsecureRequestWarning: Unverified HTTPS request is being made to host 'serviciosdigitales.movilidadavanzadabello.com.co'. Adding certificate verification is strongly advised. See: https://urllib3.readthedocs.io/en/latest/advanced-usage.html#tls-warnings
  warnings.warn(
/home/comparendos/venv/lib/python3.12/site-packages/urllib3/connectionpool.py:1097: InsecureRequestWarning: Unverified HTTPS request is being made to host 'serviciosdigitales.movilidadavanzadabello.com.co'. Adding certificate verification is strongly advised. See: https://urllib3.readthedocs.io/en/latest/advanced-usage.html#tls-warnings
  warnings.warn(
/home/comparendos/venv/lib/python3.12/site-packages/urllib3/connectionpool.py:1097: InsecureRequestWarning: Unverified HTTPS request is being made to host 'serviciosdigitales.movilidadavanzadabello.com.co'. Adding certificate verification is strongly advised. See: https://urllib3.readthedocs.io/en/latest/advanced-usage.html#tls-warnings
  warnings.warn(
/home/comparendos/venv/lib/python3.12/site-packages/urllib3/connectionpool.py:1097: InsecureRequestWarning: Unverified HTTPS request is being made to host 'serviciosdigitales.movilidadavanzadabello.com.co'. Adding certificate verification is strongly advised. See: https://urllib3.readthedocs.io/en/latest/advanced-usage.html#tls-warnings
  warnings.warn(
/home/comparendos/venv/lib/python3.12/site-packages/urllib3/connectionpool.py:1097: InsecureRequestWarning: Unverified HTTPS request is being made to host 'serviciosdigitales.movilidadavanzadabello.com.co'. Adding certificate verification is strongly advised. See: https://urllib3.readthedocs.io/en/latest/advanced-usage.html#tls-warnings
  warnings.warn(
/home/comparendos/venv/lib/python3.12/site-packages/urllib3/connectionpool.py:1097: InsecureRequestWarning: Unverified HTTPS request is being made to host 'serviciosdigitales.movilidadavanzadabello.com.co'. Adding certificate verification is strongly advised. See: https://urllib3.readthedocs.io/en/latest/advanced-usage.html#tls-warnings
  warnings.warn(
/home/comparendos/venv/lib/python3.12/site-packages/urllib3/connectionpool.py:1097: InsecureRequestWarning: Unverified HTTPS request is being made to host 'serviciosdigitales.movilidadavanzadabello.com.co'. Adding certificate verification is strongly advised. See: https://urllib3.readthedocs.io/en/latest/advanced-usage.html#tls-warnings
  warnings.warn(
/home/comparendos/venv/lib/python3.12/site-packages/urllib3/connectionpool.py:1097: InsecureRequestWarning: Unverified HTTPS request is being made to host 'serviciosdigitales.movilidadavanzadabello.com.co'. Adding certificate verification is strongly advised. See: https://urllib3.readthedocs.io/en/latest/advanced-usage.html#tls-warnings
  warnings.warn(
/home/comparendos/venv/lib/python3.12/site-packages/urllib3/connectionpool.py:1097: InsecureRequestWarning: Unverified HTTPS request is being made to host 'serviciosdigitales.movilidadavanzadabello.com.co'. Adding certificate verification is strongly advised. See: https://urllib3.readthedocs.io/en/latest/advanced-usage.html#tls-warnings
  warnings.warn(
/home/comparendos/venv/lib/python3.12/site-packages/urllib3/connectionpool.py:1097: InsecureRequestWarning: Unverified HTTPS request is being made to host 'serviciosdigitales.movilidadavanzadabello.com.co'. Adding certificate verification is strongly advised. See: https://urllib3.readthedocs.io/en/latest/advanced-usage.html#tls-warnings
  warnings.warn(
/home/comparendos/venv/lib/python3.12/site-packages/urllib3/connectionpool.py:1097: InsecureRequestWarning: Unverified HTTPS request is being made to host 'serviciosdigitales.movilidadavanzadabello.com.co'. Adding certificate verification is strongly advised. See: https://urllib3.readthedocs.io/en/latest/advanced-usage.html#tls-warnings
  warnings.warn(
/home/comparendos/venv/lib/python3.12/site-packages/urllib3/connectionpool.py:1097: InsecureRequestWarning: Unverified HTTPS request is being made to host 'serviciosdigitales.movilidadavanzadabello.com.co'. Adding certificate verification is strongly advised. See: https://urllib3.readthedocs.io/en/latest/advanced-usage.html#tls-warnings
  warnings.warn(
/home/comparendos/venv/lib/python3.12/site-packages/urllib3/connectionpool.py:1097: InsecureRequestWarning: Unverified HTTPS request is being made to host 'serviciosdigitales.movilidadavanzadabello.com.co'. Adding certificate verification is strongly advised. See: https://urllib3.readthedocs.io/en/latest/advanced-usage.html#tls-warnings
  warnings.warn(
/home/comparendos/venv/lib/python3.12/site-packages/urllib3/connectionpool.py:1097: InsecureRequestWarning: Unverified HTTPS request is being made to host 'serviciosdigitales.movilidadavanzadabello.com.co'. Adding certificate verification is strongly advised. See: https://urllib3.readthedocs.io/en/latest/advanced-usage.html#tls-warnings
  warnings.warn(
/home/comparendos/venv/lib/python3.12/site-packages/urllib3/connectionpool.py:1097: InsecureRequestWarning: Unverified HTTPS request is being made to host 'serviciosdigitales.movilidadavanzadabello.com.co'. Adding certificate verification is strongly advised. See: https://urllib3.readthedocs.io/en/latest/advanced-usage.html#tls-warnings
  warnings.warn(
/home/comparendos/venv/lib/python3.12/site-packages/urllib3/connectionpool.py:1097: InsecureRequestWarning: Unverified HTTPS request is being made to host 'serviciosdigitales.movilidadavanzadabello.com.co'. Adding certificate verification is strongly advised. See: https://urllib3.readthedocs.io/en/latest/advanced-usage.html#tls-warnings
  warnings.warn(
/home/comparendos/venv/lib/python3.12/site-packages/urllib3/connectionpool.py:1097: InsecureRequestWarning: Unverified HTTPS request is being made to host 'serviciosdigitales.movilidadavanzadabello.com.co'. Adding certificate verification is strongly advised. See: https://urllib3.readthedocs.io/en/latest/advanced-usage.html#tls-warnings
  warnings.warn(
/home/comparendos/venv/lib/python3.12/site-packages/urllib3/connectionpool.py:1097: InsecureRequestWarning: Unverified HTTPS request is being made to host 'serviciosdigitales.movilidadavanzadabello.com.co'. Adding certificate verification is strongly advised. See: https://urllib3.readthedocs.io/en/latest/advanced-usage.html#tls-warnings
  warnings.warn(
/home/comparendos/venv/lib/python3.12/site-packages/urllib3/connectionpool.py:1097: InsecureRequestWarning: Unverified HTTPS request is being made to host 'serviciosdigitales.movilidadavanzadabello.com.co'. Adding certificate verification is strongly advised. See: https://urllib3.readthedocs.io/en/latest/advanced-usage.html#tls-warnings
  warnings.warn(
/home/comparendos/venv/lib/python3.12/site-packages/urllib3/connectionpool.py:1097: InsecureRequestWarning: Unverified HTTPS request is being made to host 'serviciosdigitales.movilidadavanzadabello.com.co'. Adding certificate verification is strongly advised. See: https://urllib3.readthedocs.io/en/latest/advanced-usage.html#tls-warnings
  warnings.warn(
/home/comparendos/venv/lib/python3.12/site-packages/urllib3/connectionpool.py:1097: InsecureRequestWarning: Unverified HTTPS request is being made to host 'serviciosdigitales.movilidadavanzadabello.com.co'. Adding certificate verification is strongly advised. See: https://urllib3.readthedocs.io/en/latest/advanced-usage.html#tls-warnings
  warnings.warn(
/home/comparendos/venv/lib/python3.12/site-packages/urllib3/connectionpool.py:1097: InsecureRequestWarning: Unverified HTTPS request is being made to host 'serviciosdigitales.movilidadavanzadabello.com.co'. Adding certificate verification is strongly advised. See: https://urllib3.readthedocs.io/en/latest/advanced-usage.html#tls-warnings
  warnings.warn(
/home/comparendos/venv/lib/python3.12/site-packages/urllib3/connectionpool.py:1097: InsecureRequestWarning: Unverified HTTPS request is being made to host 'serviciosdigitales.movilidadavanzadabello.com.co'. Adding certificate verification is strongly advised. See: https://urllib3.readthedocs.io/en/latest/advanced-usage.html#tls-warnings
  warnings.warn(
/home/comparendos/venv/lib/python3.12/site-packages/urllib3/connectionpool.py:1097: InsecureRequestWarning: Unverified HTTPS request is being made to host 'serviciosdigitales.movilidadavanzadabello.com.co'. Adding certificate verification is strongly advised. See: https://urllib3.readthedocs.io/en/latest/advanced-usage.html#tls-warnings
  warnings.warn(
/home/comparendos/venv/lib/python3.12/site-packages/urllib3/connectionpool.py:1097: InsecureRequestWarning: Unverified HTTPS request is being made to host 'serviciosdigitales.movilidadavanzadabello.com.co'. Adding certificate verification is strongly advised. See: https://urllib3.readthedocs.io/en/latest/advanced-usage.html#tls-warnings
  warnings.warn(
/home/comparendos/venv/lib/python3.12/site-packages/urllib3/connectionpool.py:1097: InsecureRequestWarning: Unverified HTTPS request is being made to host 'serviciosdigitales.movilidadavanzadabello.com.co'. Adding certificate verification is strongly advised. See: https://urllib3.readthedocs.io/en/latest/advanced-usage.html#tls-warnings
  warnings.warn(
/home/comparendos/venv/lib/python3.12/site-packages/urllib3/connectionpool.py:1097: InsecureRequestWarning: Unverified HTTPS request is being made to host 'serviciosdigitales.movilidadavanzadabello.com.co'. Adding certificate verification is strongly advised. See: https://urllib3.readthedocs.io/en/latest/advanced-usage.html#tls-warnings
  warnings.warn(
/home/comparendos/venv/lib/python3.12/site-packages/urllib3/connectionpool.py:1097: InsecureRequestWarning: Unverified HTTPS request is being made to host 'serviciosdigitales.movilidadavanzadabello.com.co'. Adding certificate verification is strongly advised. See: https://urllib3.readthedocs.io/en/latest/advanced-usage.html#tls-warnings
  warnings.warn(
/home/comparendos/venv/lib/python3.12/site-packages/urllib3/connectionpool.py:1097: InsecureRequestWarning: Unverified HTTPS request is being made to host 'serviciosdigitales.movilidadavanzadabello.com.co'. Adding certificate verification is strongly advised. See: https://urllib3.readthedocs.io/en/latest/advanced-usage.html#tls-warnings
  warnings.warn(
/home/comparendos/venv/lib/python3.12/site-packages/urllib3/connectionpool.py:1097: InsecureRequestWarning: Unverified HTTPS request is being made to host 'serviciosdigitales.movilidadavanzadabello.com.co'. Adding certificate verification is strongly advised. See: https://urllib3.readthedocs.io/en/latest/advanced-usage.html#tls-warnings
  warnings.warn(
/home/comparendos/venv/lib/python3.12/site-packages/urllib3/connectionpool.py:1097: InsecureRequestWarning: Unverified HTTPS request is being made to host 'serviciosdigitales.movilidadavanzadabello.com.co'. Adding certificate verification is strongly advised. See: https://urllib3.readthedocs.io/en/latest/advanced-usage.html#tls-warnings
  warnings.warn(
/home/comparendos/venv/lib/python3.12/site-packages/urllib3/connectionpool.py:1097: InsecureRequestWarning: Unverified HTTPS request is being made to host 'serviciosdigitales.movilidadavanzadabello.com.co'. Adding certificate verification is strongly advised. See: https://urllib3.readthedocs.io/en/latest/advanced-usage.html#tls-warnings
  warnings.warn(
/home/comparendos/venv/lib/python3.12/site-packages/urllib3/connectionpool.py:1097: InsecureRequestWarning: Unverified HTTPS request is being made to host 'serviciosdigitales.movilidadavanzadabello.com.co'. Adding certificate verification is strongly advised. See: https://urllib3.readthedocs.io/en/latest/advanced-usage.html#tls-warnings
  warnings.warn(
/home/comparendos/venv/lib/python3.12/site-packages/urllib3/connectionpool.py:1097: InsecureRequestWarning: Unverified HTTPS request is being made to host 'serviciosdigitales.movilidadavanzadabello.com.co'. Adding certificate verification is strongly advised. See: https://urllib3.readthedocs.io/en/latest/advanced-usage.html#tls-warnings
  warnings.warn(
/home/comparendos/venv/lib/python3.12/site-packages/urllib3/connectionpool.py:1097: InsecureRequestWarning: Unverified HTTPS request is being made to host 'serviciosdigitales.movilidadavanzadabello.com.co'. Adding certificate verification is strongly advised. See: https://urllib3.readthedocs.io/en/latest/advanced-usage.html#tls-warnings
  warnings.warn(
/home/comparendos/venv/lib/python3.12/site-packages/urllib3/connectionpool.py:1097: InsecureRequestWarning: Unverified HTTPS request is being made to host 'serviciosdigitales.movilidadavanzadabello.com.co'. Adding certificate verification is strongly advised. See: https://urllib3.readthedocs.io/en/latest/advanced-usage.html#tls-warnings
  warnings.warn(
/home/comparendos/venv/lib/python3.12/site-packages/urllib3/connectionpool.py:1097: InsecureRequestWarning: Unverified HTTPS request is being made to host 'serviciosdigitales.movilidadavanzadabello.com.co'. Adding certificate verification is strongly advised. See: https://urllib3.readthedocs.io/en/latest/advanced-usage.html#tls-warnings
  warnings.warn(
/home/comparendos/venv/lib/python3.12/site-packages/urllib3/connectionpool.py:1097: InsecureRequestWarning: Unverified HTTPS request is being made to host 'serviciosdigitales.movilidadavanzadabello.com.co'. Adding certificate verification is strongly advised. See: https://urllib3.readthedocs.io/en/latest/advanced-usage.html#tls-warnings
  warnings.warn(
/home/comparendos/venv/lib/python3.12/site-packages/urllib3/connectionpool.py:1097: InsecureRequestWarning: Unverified HTTPS request is being made to host 'serviciosdigitales.movilidadavanzadabello.com.co'. Adding certificate verification is strongly advised. See: https://urllib3.readthedocs.io/en/latest/advanced-usage.html#tls-warnings
  warnings.warn(
/home/comparendos/venv/lib/python3.12/site-packages/urllib3/connectionpool.py:1097: InsecureRequestWarning: Unverified HTTPS request is being made to host 'serviciosdigitales.movilidadavanzadabello.com.co'. Adding certificate verification is strongly advised. See: https://urllib3.readthedocs.io/en/latest/advanced-usage.html#tls-warnings
  warnings.warn(
/home/comparendos/venv/lib/python3.12/site-packages/urllib3/connectionpool.py:1097: InsecureRequestWarning: Unverified HTTPS request is being made to host 'serviciosdigitales.movilidadavanzadabello.com.co'. Adding certificate verification is strongly advised. See: https://urllib3.readthedocs.io/en/latest/advanced-usage.html#tls-warnings
  warnings.warn(
/home/comparendos/venv/lib/python3.12/site-packages/urllib3/connectionpool.py:1097: InsecureRequestWarning: Unverified HTTPS request is being made to host 'serviciosdigitales.movilidadavanzadabello.com.co'. Adding certificate verification is strongly advised. See: https://urllib3.readthedocs.io/en/latest/advanced-usage.html#tls-warnings
  warnings.warn(
/home/comparendos/venv/lib/python3.12/site-packages/urllib3/connectionpool.py:1097: InsecureRequestWarning: Unverified HTTPS request is being made to host 'serviciosdigitales.movilidadavanzadabello.com.co'. Adding certificate verification is strongly advised. See: https://urllib3.readthedocs.io/en/latest/advanced-usage.html#tls-warnings
  warnings.warn(
/home/comparendos/venv/lib/python3.12/site-packages/urllib3/connectionpool.py:1097: InsecureRequestWarning: Unverified HTTPS request is being made to host 'serviciosdigitales.movilidadavanzadabello.com.co'. Adding certificate verification is strongly advised. See: https://urllib3.readthedocs.io/en/latest/advanced-usage.html#tls-warnings
  warnings.warn(
/home/comparendos/venv/lib/python3.12/site-packages/urllib3/connectionpool.py:1097: InsecureRequestWarning: Unverified HTTPS request is being made to host 'serviciosdigitales.movilidadavanzadabello.com.co'. Adding certificate verification is strongly advised. See: https://urllib3.readthedocs.io/en/latest/advanced-usage.html#tls-warnings
  warnings.warn(
/home/comparendos/venv/lib/python3.12/site-packages/urllib3/connectionpool.py:1097: InsecureRequestWarning: Unverified HTTPS request is being made to host 'serviciosdigitales.movilidadavanzadabello.com.co'. Adding certificate verification is strongly advised. See: https://urllib3.readthedocs.io/en/latest/advanced-usage.html#tls-warnings
  warnings.warn(
/home/comparendos/venv/lib/python3.12/site-packages/urllib3/connectionpool.py:1097: InsecureRequestWarning: Unverified HTTPS request is being made to host 'serviciosdigitales.movilidadavanzadabello.com.co'. Adding certificate verification is strongly advised. See: https://urllib3.readthedocs.io/en/latest/advanced-usage.html#tls-warnings
  warnings.warn(
/home/comparendos/venv/lib/python3.12/site-packages/urllib3/connectionpool.py:1097: InsecureRequestWarning: Unverified HTTPS request is being made to host 'serviciosdigitales.movilidadavanzadabello.com.co'. Adding certificate verification is strongly advised. See: https://urllib3.readthedocs.io/en/latest/advanced-usage.html#tls-warnings
  warnings.warn(
/home/comparendos/venv/lib/python3.12/site-packages/urllib3/connectionpool.py:1097: InsecureRequestWarning: Unverified HTTPS request is being made to host 'serviciosdigitales.movilidadavanzadabello.com.co'. Adding certificate verification is strongly advised. See: https://urllib3.readthedocs.io/en/latest/advanced-usage.html#tls-warnings
  warnings.warn(
/home/comparendos/venv/lib/python3.12/site-packages/urllib3/connectionpool.py:1097: InsecureRequestWarning: Unverified HTTPS request is being made to host 'serviciosdigitales.movilidadavanzadabello.com.co'. Adding certificate verification is strongly advised. See: https://urllib3.readthedocs.io/en/latest/advanced-usage.html#tls-warnings
  warnings.warn(
/home/comparendos/venv/lib/python3.12/site-packages/urllib3/connectionpool.py:1097: InsecureRequestWarning: Unverified HTTPS request is being made to host 'serviciosdigitales.movilidadavanzadabello.com.co'. Adding certificate verification is strongly advised. See: https://urllib3.readthedocs.io/en/latest/advanced-usage.html#tls-warnings
  warnings.warn(
/home/comparendos/venv/lib/python3.12/site-packages/urllib3/connectionpool.py:1097: InsecureRequestWarning: Unverified HTTPS request is being made to host 'serviciosdigitales.movilidadavanzadabello.com.co'. Adding certificate verification is strongly advised. See: https://urllib3.readthedocs.io/en/latest/advanced-usage.html#tls-warnings
  warnings.warn(
/home/comparendos/venv/lib/python3.12/site-packages/urllib3/connectionpool.py:1097: InsecureRequestWarning: Unverified HTTPS request is being made to host 'serviciosdigitales.movilidadavanzadabello.com.co'. Adding certificate verification is strongly advised. See: https://urllib3.readthedocs.io/en/latest/advanced-usage.html#tls-warnings
  warnings.warn(
/home/comparendos/venv/lib/python3.12/site-packages/urllib3/connectionpool.py:1097: InsecureRequestWarning: Unverified HTTPS request is being made to host 'serviciosdigitales.movilidadavanzadabello.com.co'. Adding certificate verification is strongly advised. See: https://urllib3.readthedocs.io/en/latest/advanced-usage.html#tls-warnings
  warnings.warn(
/home/comparendos/venv/lib/python3.12/site-packages/urllib3/connectionpool.py:1097: InsecureRequestWarning: Unverified HTTPS request is being made to host 'serviciosdigitales.movilidadavanzadabello.com.co'. Adding certificate verification is strongly advised. See: https://urllib3.readthedocs.io/en/latest/advanced-usage.html#tls-warnings
  warnings.warn(
/home/comparendos/venv/lib/python3.12/site-packages/urllib3/connectionpool.py:1097: InsecureRequestWarning: Unverified HTTPS request is being made to host 'serviciosdigitales.movilidadavanzadabello.com.co'. Adding certificate verification is strongly advised. See: https://urllib3.readthedocs.io/en/latest/advanced-usage.html#tls-warnings
  warnings.warn(
/home/comparendos/venv/lib/python3.12/site-packages/urllib3/connectionpool.py:1097: InsecureRequestWarning: Unverified HTTPS request is being made to host 'serviciosdigitales.movilidadavanzadabello.com.co'. Adding certificate verification is strongly advised. See: https://urllib3.readthedocs.io/en/latest/advanced-usage.html#tls-warnings
  warnings.warn(
/home/comparendos/venv/lib/python3.12/site-packages/urllib3/connectionpool.py:1097: InsecureRequestWarning: Unverified HTTPS request is being made to host 'serviciosdigitales.movilidadavanzadabello.com.co'. Adding certificate verification is strongly advised. See: https://urllib3.readthedocs.io/en/latest/advanced-usage.html#tls-warnings
  warnings.warn(
/home/comparendos/venv/lib/python3.12/site-packages/urllib3/connectionpool.py:1097: InsecureRequestWarning: Unverified HTTPS request is being made to host 'serviciosdigitales.movilidadavanzadabello.com.co'. Adding certificate verification is strongly advised. See: https://urllib3.readthedocs.io/en/latest/advanced-usage.html#tls-warnings
  warnings.warn(
/home/comparendos/venv/lib/python3.12/site-packages/urllib3/connectionpool.py:1097: InsecureRequestWarning: Unverified HTTPS request is being made to host 'serviciosdigitales.movilidadavanzadabello.com.co'. Adding certificate verification is strongly advised. See: https://urllib3.readthedocs.io/en/latest/advanced-usage.html#tls-warnings
  warnings.warn(
/home/comparendos/venv/lib/python3.12/site-packages/urllib3/connectionpool.py:1097: InsecureRequestWarning: Unverified HTTPS request is being made to host 'serviciosdigitales.movilidadavanzadabello.com.co'. Adding certificate verification is strongly advised. See: https://urllib3.readthedocs.io/en/latest/advanced-usage.html#tls-warnings
  warnings.warn(
/home/comparendos/venv/lib/python3.12/site-packages/urllib3/connectionpool.py:1097: InsecureRequestWarning: Unverified HTTPS request is being made to host 'serviciosdigitales.movilidadavanzadabello.com.co'. Adding certificate verification is strongly advised. See: https://urllib3.readthedocs.io/en/latest/advanced-usage.html#tls-warnings
  warnings.warn(
/home/comparendos/venv/lib/python3.12/site-packages/urllib3/connectionpool.py:1097: InsecureRequestWarning: Unverified HTTPS request is being made to host 'serviciosdigitales.movilidadavanzadabello.com.co'. Adding certificate verification is strongly advised. See: https://urllib3.readthedocs.io/en/latest/advanced-usage.html#tls-warnings
  warnings.warn(
/home/comparendos/venv/lib/python3.12/site-packages/urllib3/connectionpool.py:1097: InsecureRequestWarning: Unverified HTTPS request is being made to host 'serviciosdigitales.movilidadavanzadabello.com.co'. Adding certificate verification is strongly advised. See: https://urllib3.readthedocs.io/en/latest/advanced-usage.html#tls-warnings
  warnings.warn(
/home/comparendos/venv/lib/python3.12/site-packages/urllib3/connectionpool.py:1097: InsecureRequestWarning: Unverified HTTPS request is being made to host 'serviciosdigitales.movilidadavanzadabello.com.co'. Adding certificate verification is strongly advised. See: https://urllib3.readthedocs.io/en/latest/advanced-usage.html#tls-warnings
  warnings.warn(
/home/comparendos/venv/lib/python3.12/site-packages/urllib3/connectionpool.py:1097: InsecureRequestWarning: Unverified HTTPS request is being made to host 'serviciosdigitales.movilidadavanzadabello.com.co'. Adding certificate verification is strongly advised. See: https://urllib3.readthedocs.io/en/latest/advanced-usage.html#tls-warnings
  warnings.warn(
/home/comparendos/venv/lib/python3.12/site-packages/urllib3/connectionpool.py:1097: InsecureRequestWarning: Unverified HTTPS request is being made to host 'serviciosdigitales.movilidadavanzadabello.com.co'. Adding certificate verification is strongly advised. See: https://urllib3.readthedocs.io/en/latest/advanced-usage.html#tls-warnings
  warnings.warn(
/home/comparendos/venv/lib/python3.12/site-packages/urllib3/connectionpool.py:1097: InsecureRequestWarning: Unverified HTTPS request is being made to host 'serviciosdigitales.movilidadavanzadabello.com.co'. Adding certificate verification is strongly advised. See: https://urllib3.readthedocs.io/en/latest/advanced-usage.html#tls-warnings
  warnings.warn(
/home/comparendos/venv/lib/python3.12/site-packages/urllib3/connectionpool.py:1097: InsecureRequestWarning: Unverified HTTPS request is being made to host 'serviciosdigitales.movilidadavanzadabello.com.co'. Adding certificate verification is strongly advised. See: https://urllib3.readthedocs.io/en/latest/advanced-usage.html#tls-warnings
  warnings.warn(
/home/comparendos/venv/lib/python3.12/site-packages/urllib3/connectionpool.py:1097: InsecureRequestWarning: Unverified HTTPS request is being made to host 'serviciosdigitales.movilidadavanzadabello.com.co'. Adding certificate verification is strongly advised. See: https://urllib3.readthedocs.io/en/latest/advanced-usage.html#tls-warnings
  warnings.warn(
/home/comparendos/venv/lib/python3.12/site-packages/urllib3/connectionpool.py:1097: InsecureRequestWarning: Unverified HTTPS request is being made to host 'serviciosdigitales.movilidadavanzadabello.com.co'. Adding certificate verification is strongly advised. See: https://urllib3.readthedocs.io/en/latest/advanced-usage.html#tls-warnings
  warnings.warn(
/home/comparendos/venv/lib/python3.12/site-packages/urllib3/connectionpool.py:1097: InsecureRequestWarning: Unverified HTTPS request is being made to host 'serviciosdigitales.movilidadavanzadabello.com.co'. Adding certificate verification is strongly advised. See: https://urllib3.readthedocs.io/en/latest/advanced-usage.html#tls-warnings
  warnings.warn(
/home/comparendos/venv/lib/python3.12/site-packages/urllib3/connectionpool.py:1097: InsecureRequestWarning: Unverified HTTPS request is being made to host 'serviciosdigitales.movilidadavanzadabello.com.co'. Adding certificate verification is strongly advised. See: https://urllib3.readthedocs.io/en/latest/advanced-usage.html#tls-warnings
  warnings.warn(
/home/comparendos/venv/lib/python3.12/site-packages/urllib3/connectionpool.py:1097: InsecureRequestWarning: Unverified HTTPS request is being made to host 'serviciosdigitales.movilidadavanzadabello.com.co'. Adding certificate verification is strongly advised. See: https://urllib3.readthedocs.io/en/latest/advanced-usage.html#tls-warnings
  warnings.warn(
/home/comparendos/venv/lib/python3.12/site-packages/urllib3/connectionpool.py:1097: InsecureRequestWarning: Unverified HTTPS request is being made to host 'serviciosdigitales.movilidadavanzadabello.com.co'. Adding certificate verification is strongly advised. See: https://urllib3.readthedocs.io/en/latest/advanced-usage.html#tls-warnings
  warnings.warn(
/home/comparendos/venv/lib/python3.12/site-packages/urllib3/connectionpool.py:1097: InsecureRequestWarning: Unverified HTTPS request is being made to host 'serviciosdigitales.movilidadavanzadabello.com.co'. Adding certificate verification is strongly advised. See: https://urllib3.readthedocs.io/en/latest/advanced-usage.html#tls-warnings
  warnings.warn(
/home/comparendos/venv/lib/python3.12/site-packages/urllib3/connectionpool.py:1097: InsecureRequestWarning: Unverified HTTPS request is being made to host 'serviciosdigitales.movilidadavanzadabello.com.co'. Adding certificate verification is strongly advised. See: https://urllib3.readthedocs.io/en/latest/advanced-usage.html#tls-warnings
  warnings.warn(
/home/comparendos/venv/lib/python3.12/site-packages/urllib3/connectionpool.py:1097: InsecureRequestWarning: Unverified HTTPS request is being made to host 'serviciosdigitales.movilidadavanzadabello.com.co'. Adding certificate verification is strongly advised. See: https://urllib3.readthedocs.io/en/latest/advanced-usage.html#tls-warnings
  warnings.warn(
/home/comparendos/venv/lib/python3.12/site-packages/urllib3/connectionpool.py:1097: InsecureRequestWarning: Unverified HTTPS request is being made to host 'serviciosdigitales.movilidadavanzadabello.com.co'. Adding certificate verification is strongly advised. See: https://urllib3.readthedocs.io/en/latest/advanced-usage.html#tls-warnings
  warnings.warn(
/home/comparendos/venv/lib/python3.12/site-packages/urllib3/connectionpool.py:1097: InsecureRequestWarning: Unverified HTTPS request is being made to host 'serviciosdigitales.movilidadavanzadabello.com.co'. Adding certificate verification is strongly advised. See: https://urllib3.readthedocs.io/en/latest/advanced-usage.html#tls-warnings
  warnings.warn(
/home/comparendos/venv/lib/python3.12/site-packages/urllib3/connectionpool.py:1097: InsecureRequestWarning: Unverified HTTPS request is being made to host 'serviciosdigitales.movilidadavanzadabello.com.co'. Adding certificate verification is strongly advised. See: https://urllib3.readthedocs.io/en/latest/advanced-usage.html#tls-warnings
  warnings.warn(
/home/comparendos/venv/lib/python3.12/site-packages/urllib3/connectionpool.py:1097: InsecureRequestWarning: Unverified HTTPS request is being made to host 'serviciosdigitales.movilidadavanzadabello.com.co'. Adding certificate verification is strongly advised. See: https://urllib3.readthedocs.io/en/latest/advanced-usage.html#tls-warnings
  warnings.warn(
/home/comparendos/venv/lib/python3.12/site-packages/urllib3/connectionpool.py:1097: InsecureRequestWarning: Unverified HTTPS request is being made to host 'serviciosdigitales.movilidadavanzadabello.com.co'. Adding certificate verification is strongly advised. See: https://urllib3.readthedocs.io/en/latest/advanced-usage.html#tls-warnings
  warnings.warn(
/home/comparendos/venv/lib/python3.12/site-packages/urllib3/connectionpool.py:1097: InsecureRequestWarning: Unverified HTTPS request is being made to host 'serviciosdigitales.movilidadavanzadabello.com.co'. Adding certificate verification is strongly advised. See: https://urllib3.readthedocs.io/en/latest/advanced-usage.html#tls-warnings
  warnings.warn(
/home/comparendos/venv/lib/python3.12/site-packages/urllib3/connectionpool.py:1097: InsecureRequestWarning: Unverified HTTPS request is being made to host 'serviciosdigitales.movilidadavanzadabello.com.co'. Adding certificate verification is strongly advised. See: https://urllib3.readthedocs.io/en/latest/advanced-usage.html#tls-warnings
  warnings.warn(
/home/comparendos/venv/lib/python3.12/site-packages/urllib3/connectionpool.py:1097: InsecureRequestWarning: Unverified HTTPS request is being made to host 'serviciosdigitales.movilidadavanzadabello.com.co'. Adding certificate verification is strongly advised. See: https://urllib3.readthedocs.io/en/latest/advanced-usage.html#tls-warnings
  warnings.warn(
/home/comparendos/venv/lib/python3.12/site-packages/urllib3/connectionpool.py:1097: InsecureRequestWarning: Unverified HTTPS request is being made to host 'serviciosdigitales.movilidadavanzadabello.com.co'. Adding certificate verification is strongly advised. See: https://urllib3.readthedocs.io/en/latest/advanced-usage.html#tls-warnings
  warnings.warn(
/home/comparendos/venv/lib/python3.12/site-packages/urllib3/connectionpool.py:1097: InsecureRequestWarning: Unverified HTTPS request is being made to host 'serviciosdigitales.movilidadavanzadabello.com.co'. Adding certificate verification is strongly advised. See: https://urllib3.readthedocs.io/en/latest/advanced-usage.html#tls-warnings
  warnings.warn(

[2026-07-10 08:41:46] Enviando 10 templates.
[2026-07-10 08:41:46] Respuesta del envío: True - 
Error en consulta_info_home_public para MEDELLIN: ('Connection aborted.', RemoteDisconnected('Remote end closed connection without response'))
Error en MEDELLIN: 'NoneType' object has no attribute 'json'
Error en consulta_info_home_public para MEDELLIN: ('Connection aborted.', RemoteDisconnected('Remote end closed connection without response'))
Error en MEDELLIN: 'NoneType' object has no attribute 'json'
[2026-07-10 08:57:24] Enviando 18 templates para el bloque (process_template_id: NIzELkiu8GCn)
Payload para el envío NIzELkiu8GCn:
{
  "users": [
    {
      "phone": "+573045374515",
      "parameters": [
        {
          "order": 0,
          "parameter": "MEDELLIN"
        },
        {
          "order": 1,
          "parameter": "2025-12-02"
        },
        {
          "order": 2,
          "parameter": "ISQ477"
        },
        {
          "order": 3,
          "parameter": "C14"
        },
        {
          "order": 4,
          "parameter": "Transitar por sitios restringidos o en horas prohibidas por la autoridad competente. Además, el vehículo será inmovilizado"
        }
      ]
    },
    {
      "phone": "+573045374515",
      "parameters": [
        {
          "order": 0,
          "parameter": "MEDELLIN"
        },
        {
          "order": 1,
          "parameter": "2025-10-21"
        },
        {
          "order": 2,
          "parameter": "ISQ477"
        },
        {
          "order": 3,
          "parameter": "C14"
        },
        {
          "order": 4,
          "parameter": "Transitar por sitios restringidos o en horas prohibidas por la autoridad competente. Además, el vehículo será inmovilizado"
        }
      ]
    },
    {
      "phone": "+573045374515",
      "parameters": [
        {
          "order": 0,
          "parameter": "MEDELLIN"
        },
        {
          "order": 1,
          "parameter": "2026-03-23"
        },
        {
          "order": 2,
          "parameter": "ISQ477"
        },
        {
          "order": 3,
          "parameter": "D04"
        },
        {
          "order": 4,
          "parameter": "No detenerse ante una luz roja o amarilla de semáforo, una señal de \"PARE\" o un semáforo intermitente en rojo."
        }
      ]
    },
    {
      "phone": "+573045374515",
      "parameters": [
        {
          "order": 0,
          "parameter": "MEDELLIN"
        },
        {
          "order": 1,
          "parameter": "2026-05-10"
        },
        {
          "order": 2,
          "parameter": "ISQ477"
        },
        {
          "order": 3,
          "parameter": "C32"
        },
        {
          "order": 4,
          "parameter": "No respetar el paso de peatones que cruzan una vía en sitio permitido para ellos o no darles la prelación en las franjas para ello establecidas"
        }
      ]
    },
    {
      "phone": "+573045374515",
      "parameters": [
        {
          "order": 0,
          "parameter": "MEDELLIN"
        },
        {
          "order": 1,
          "parameter": "2026-06-01"
        },
        {
          "order": 2,
          "parameter": "ISQ477"
        },
        {
          "order": 3,
          "parameter": "C14"
        },
        {
          "order": 4,
          "parameter": "Transitar por sitios restringidos o en horas prohibidas por la autoridad competente. Además, el vehículo será inmovilizado"
        }
      ]
    },
    {
      "phone": "+573045374515",
      "parameters": [
        {
          "order": 0,
          "parameter": "MEDELLIN"
        },
        {
          "order": 1,
          "parameter": "2026-05-25"
        },
        {
          "order": 2,
          "parameter": "ISQ477"
        },
        {
          "order": 3,
          "parameter": "C14"
        },
        {
          "order": 4,
          "parameter": "Transitar por sitios restringidos o en horas prohibidas por la autoridad competente. Además, el vehículo será inmovilizado"
        }
      ]
    },
    {
      "phone": "+573045374515",
      "parameters": [
        {
          "order": 0,
          "parameter": "MEDELLIN"
        },
        {
          "order": 1,
          "parameter": "2026-04-13"
        },
        {
          "order": 2,
          "parameter": "ISQ477"
        },
        {
          "order": 3,
          "parameter": "C14"
        },
        {
          "order": 4,
          "parameter": "Transitar por sitios restringidos o en horas prohibidas por la autoridad competente. Además, el vehículo será inmovilizado"
        }
      ]
    },
    {
      "phone": "+573045374515",
      "parameters": [
        {
          "order": 0,
          "parameter": "MEDELLIN"
        },
        {
          "order": 1,
          "parameter": "2026-05-11"
        },
        {
          "order": 2,
          "parameter": "ISQ477"
        },
        {
          "order": 3,
          "parameter": "C14"
        },
        {
          "order": 4,
          "parameter": "Transitar por sitios restringidos o en horas prohibidas por la autoridad competente. Además, el vehículo será inmovilizado"
        }
      ]
    },
    {
      "phone": "+573137979584",
      "parameters": [
        {
          "order": 0,
          "parameter": "MEDELLIN"
        },
        {
          "order": 1,
          "parameter": "2026-04-20"
        },
        {
          "order": 2,
          "parameter": "INP007"
        },
        {
          "order": 3,
          "parameter": "C14"
        },
        {
          "order": 4,
          "parameter": "Transitar por sitios restringidos o en horas prohibidas por la autoridad competente. Además, el vehículo será inmovilizado"
        }
      ]
    },
    {
      "phone": "+573015202668",
      "parameters": [
        {
          "order": 0,
          "parameter": "MEDELLIN"
        },
        {
          "order": 1,
          "parameter": "2025-10-20"
        },
        {
          "order": 2,
          "parameter": "TFQ691"
        },
        {
          "order": 3,
          "parameter": "C26"
        },
        {
          "order": 4,
          "parameter": "Transitar en vehículos de 3.5 o más toneladas por el carril izquierdo de la vía cuando hubiere más de un carril"
        }
      ]
    },
    {
      "phone": "+573015202668",
      "parameters": [
        {
          "order": 0,
          "parameter": "MEDELLIN"
        },
        {
          "order": 1,
          "parameter": "2025-09-02"
        },
        {
          "order": 2,
          "parameter": "TFQ691"
        },
        {
          "order": 3,
          "parameter": "C26"
        },
        {
          "order": 4,
          "parameter": "Transitar en vehículos de 3.5 o más toneladas por el carril izquierdo de la vía cuando hubiere más de un carril"
        }
      ]
    },
    {
      "phone": "+573113727960",
      "parameters": [
        {
          "order": 0,
          "parameter": "MEDELLIN"
        },
        {
          "order": 1,
          "parameter": "2026-07-02"
        },
        {
          "order": 2,
          "parameter": "NTX789"
        },
        {
          "order": 3,
          "parameter": "C14"
        },
        {
          "order": 4,
          "parameter": "Transitar por sitios restringidos o en horas prohibidas por la autoridad competente. Además, el vehículo será inmovilizado"
        }
      ]
    },
    {
      "phone": "+573192875732",
      "parameters": [
        {
          "order": 0,
          "parameter": "MEDELLIN"
        },
        {
          "order": 1,
          "parameter": "2025-12-03"
        },
        {
          "order": 2,
          "parameter": "LTM987"
        },
        {
          "order": 3,
          "parameter": "D02"
        },
        {
          "order": 4,
          "parameter": "Conducir sin portar los seguros ordenados por la ley. Además, el vehículo será inmovilizado"
        }
      ]
    },
    {
      "phone": "+573192875732",
      "parameters": [
        {
          "order": 0,
          "parameter": "MEDELLIN"
        },
        {
          "order": 1,
          "parameter": "2026-04-27"
        },
        {
          "order": 2,
          "parameter": "LTM987"
        },
        {
          "order": 3,
          "parameter": "C29"
        },
        {
          "order": 4,
          "parameter": "Conducir un vehículo a velocidad superior a la máxima permitida"
        }
      ]
    },
    {
      "phone": "+573192875732",
      "parameters": [
        {
          "order": 0,
          "parameter": "MEDELLIN"
        },
        {
          "order": 1,
          "parameter": "2025-09-26"
        },
        {
          "order": 2,
          "parameter": "LTM987"
        },
        {
          "order": 3,
          "parameter": "C29"
        },
        {
          "order": 4,
          "parameter": "Conducir un vehículo a velocidad superior a la máxima permitida"
        }
      ]
    },
    {
      "phone": "+573192875732",
      "parameters": [
        {
          "order": 0,
          "parameter": "MEDELLIN"
        },
        {
          "order": 1,
          "parameter": "2026-06-01"
        },
        {
          "order": 2,
          "parameter": "LTM987"
        },
        {
          "order": 3,
          "parameter": "C14"
        },
        {
          "order": 4,
          "parameter": "Transitar por sitios restringidos o en horas prohibidas por la autoridad competente. Además, el vehículo será inmovilizado"
        }
      ]
    },
    {
      "phone": "+573192875732",
      "parameters": [
        {
          "order": 0,
          "parameter": "MEDELLIN"
        },
        {
          "order": 1,
          "parameter": "2025-11-18"
        },
        {
          "order": 2,
          "parameter": "LTM987"
        },
        {
          "order": 3,
          "parameter": "D02"
        },
        {
          "order": 4,
          "parameter": "Conducir sin portar los seguros ordenados por la ley. Además, el vehículo será inmovilizado"
        }
      ]
    },
    {
      "phone": "+573206968263",
      "parameters": [
        {
          "order": 0,
          "parameter": "RIONEGRO"
        },
        {
          "order": 1,
          "parameter": "2025-12-24"
        },
        {
          "order": 2,
          "parameter": "PKU890"
        },
        {
          "order": 3,
          "parameter": "C29"
        },
        {
          "order": 4,
          "parameter": "Conducir un vehículo a velocidad superior a la máxima permitida, la cual deberá estar señalizada en forma sectorizada, la cual no podrá ser superior"
        }
      ]
    }
  ],
  "SaveInfo": false,
  "origin": "API",
  "templateName": "notificacion_comparendos",
  "language": "ES",
  "sender": "School Center",
  "ParametersName": []
}/home/comparendos/venv/lib/python3.12/site-packages/urllib3/connectionpool.py:1097: InsecureRequestWarning: Unverified HTTPS request is being made to host 'serviciosdigitales.movilidadavanzadabello.com.co'. Adding certificate verification is strongly advised. See: https://urllib3.readthedocs.io/en/latest/advanced-usage.html#tls-warnings
  warnings.warn(
/home/comparendos/venv/lib/python3.12/site-packages/urllib3/connectionpool.py:1097: InsecureRequestWarning: Unverified HTTPS request is being made to host 'serviciosdigitales.movilidadavanzadabello.com.co'. Adding certificate verification is strongly advised. See: https://urllib3.readthedocs.io/en/latest/advanced-usage.html#tls-warnings
  warnings.warn(
/home/comparendos/venv/lib/python3.12/site-packages/urllib3/connectionpool.py:1097: InsecureRequestWarning: Unverified HTTPS request is being made to host 'serviciosdigitales.movilidadavanzadabello.com.co'. Adding certificate verification is strongly advised. See: https://urllib3.readthedocs.io/en/latest/advanced-usage.html#tls-warnings
  warnings.warn(
/home/comparendos/venv/lib/python3.12/site-packages/urllib3/connectionpool.py:1097: InsecureRequestWarning: Unverified HTTPS request is being made to host 'serviciosdigitales.movilidadavanzadabello.com.co'. Adding certificate verification is strongly advised. See: https://urllib3.readthedocs.io/en/latest/advanced-usage.html#tls-warnings
  warnings.warn(
/home/comparendos/venv/lib/python3.12/site-packages/urllib3/connectionpool.py:1097: InsecureRequestWarning: Unverified HTTPS request is being made to host 'serviciosdigitales.movilidadavanzadabello.com.co'. Adding certificate verification is strongly advised. See: https://urllib3.readthedocs.io/en/latest/advanced-usage.html#tls-warnings
  warnings.warn(
/home/comparendos/venv/lib/python3.12/site-packages/urllib3/connectionpool.py:1097: InsecureRequestWarning: Unverified HTTPS request is being made to host 'serviciosdigitales.movilidadavanzadabello.com.co'. Adding certificate verification is strongly advised. See: https://urllib3.readthedocs.io/en/latest/advanced-usage.html#tls-warnings
  warnings.warn(
/home/comparendos/venv/lib/python3.12/site-packages/urllib3/connectionpool.py:1097: InsecureRequestWarning: Unverified HTTPS request is being made to host 'serviciosdigitales.movilidadavanzadabello.com.co'. Adding certificate verification is strongly advised. See: https://urllib3.readthedocs.io/en/latest/advanced-usage.html#tls-warnings
  warnings.warn(
/home/comparendos/venv/lib/python3.12/site-packages/urllib3/connectionpool.py:1097: InsecureRequestWarning: Unverified HTTPS request is being made to host 'serviciosdigitales.movilidadavanzadabello.com.co'. Adding certificate verification is strongly advised. See: https://urllib3.readthedocs.io/en/latest/advanced-usage.html#tls-warnings
  warnings.warn(
/home/comparendos/venv/lib/python3.12/site-packages/urllib3/connectionpool.py:1097: InsecureRequestWarning: Unverified HTTPS request is being made to host 'serviciosdigitales.movilidadavanzadabello.com.co'. Adding certificate verification is strongly advised. See: https://urllib3.readthedocs.io/en/latest/advanced-usage.html#tls-warnings
  warnings.warn(
/home/comparendos/venv/lib/python3.12/site-packages/urllib3/connectionpool.py:1097: InsecureRequestWarning: Unverified HTTPS request is being made to host 'serviciosdigitales.movilidadavanzadabello.com.co'. Adding certificate verification is strongly advised. See: https://urllib3.readthedocs.io/en/latest/advanced-usage.html#tls-warnings
  warnings.warn(
/home/comparendos/venv/lib/python3.12/site-packages/urllib3/connectionpool.py:1097: InsecureRequestWarning: Unverified HTTPS request is being made to host 'serviciosdigitales.movilidadavanzadabello.com.co'. Adding certificate verification is strongly advised. See: https://urllib3.readthedocs.io/en/latest/advanced-usage.html#tls-warnings
  warnings.warn(
/home/comparendos/venv/lib/python3.12/site-packages/urllib3/connectionpool.py:1097: InsecureRequestWarning: Unverified HTTPS request is being made to host 'serviciosdigitales.movilidadavanzadabello.com.co'. Adding certificate verification is strongly advised. See: https://urllib3.readthedocs.io/en/latest/advanced-usage.html#tls-warnings
  warnings.warn(
/home/comparendos/venv/lib/python3.12/site-packages/urllib3/connectionpool.py:1097: InsecureRequestWarning: Unverified HTTPS request is being made to host 'serviciosdigitales.movilidadavanzadabello.com.co'. Adding certificate verification is strongly advised. See: https://urllib3.readthedocs.io/en/latest/advanced-usage.html#tls-warnings
  warnings.warn(
/home/comparendos/venv/lib/python3.12/site-packages/urllib3/connectionpool.py:1097: InsecureRequestWarning: Unverified HTTPS request is being made to host 'serviciosdigitales.movilidadavanzadabello.com.co'. Adding certificate verification is strongly advised. See: https://urllib3.readthedocs.io/en/latest/advanced-usage.html#tls-warnings
  warnings.warn(
/home/comparendos/venv/lib/python3.12/site-packages/urllib3/connectionpool.py:1097: InsecureRequestWarning: Unverified HTTPS request is being made to host 'serviciosdigitales.movilidadavanzadabello.com.co'. Adding certificate verification is strongly advised. See: https://urllib3.readthedocs.io/en/latest/advanced-usage.html#tls-warnings
  warnings.warn(
/home/comparendos/venv/lib/python3.12/site-packages/urllib3/connectionpool.py:1097: InsecureRequestWarning: Unverified HTTPS request is being made to host 'serviciosdigitales.movilidadavanzadabello.com.co'. Adding certificate verification is strongly advised. See: https://urllib3.readthedocs.io/en/latest/advanced-usage.html#tls-warnings
  warnings.warn(
/home/comparendos/venv/lib/python3.12/site-packages/urllib3/connectionpool.py:1097: InsecureRequestWarning: Unverified HTTPS request is being made to host 'serviciosdigitales.movilidadavanzadabello.com.co'. Adding certificate verification is strongly advised. See: https://urllib3.readthedocs.io/en/latest/advanced-usage.html#tls-warnings
  warnings.warn(
/home/comparendos/venv/lib/python3.12/site-packages/urllib3/connectionpool.py:1097: InsecureRequestWarning: Unverified HTTPS request is being made to host 'serviciosdigitales.movilidadavanzadabello.com.co'. Adding certificate verification is strongly advised. See: https://urllib3.readthedocs.io/en/latest/advanced-usage.html#tls-warnings
  warnings.warn(
/home/comparendos/venv/lib/python3.12/site-packages/urllib3/connectionpool.py:1097: InsecureRequestWarning: Unverified HTTPS request is being made to host 'serviciosdigitales.movilidadavanzadabello.com.co'. Adding certificate verification is strongly advised. See: https://urllib3.readthedocs.io/en/latest/advanced-usage.html#tls-warnings
  warnings.warn(
/home/comparendos/venv/lib/python3.12/site-packages/urllib3/connectionpool.py:1097: InsecureRequestWarning: Unverified HTTPS request is being made to host 'serviciosdigitales.movilidadavanzadabello.com.co'. Adding certificate verification is strongly advised. See: https://urllib3.readthedocs.io/en/latest/advanced-usage.html#tls-warnings
  warnings.warn(
/home/comparendos/venv/lib/python3.12/site-packages/urllib3/connectionpool.py:1097: InsecureRequestWarning: Unverified HTTPS request is being made to host 'serviciosdigitales.movilidadavanzadabello.com.co'. Adding certificate verification is strongly advised. See: https://urllib3.readthedocs.io/en/latest/advanced-usage.html#tls-warnings
  warnings.warn(
/home/comparendos/venv/lib/python3.12/site-packages/urllib3/connectionpool.py:1097: InsecureRequestWarning: Unverified HTTPS request is being made to host 'serviciosdigitales.movilidadavanzadabello.com.co'. Adding certificate verification is strongly advised. See: https://urllib3.readthedocs.io/en/latest/advanced-usage.html#tls-warnings
  warnings.warn(
/home/comparendos/venv/lib/python3.12/site-packages/urllib3/connectionpool.py:1097: InsecureRequestWarning: Unverified HTTPS request is being made to host 'serviciosdigitales.movilidadavanzadabello.com.co'. Adding certificate verification is strongly advised. See: https://urllib3.readthedocs.io/en/latest/advanced-usage.html#tls-warnings
  warnings.warn(
/home/comparendos/venv/lib/python3.12/site-packages/urllib3/connectionpool.py:1097: InsecureRequestWarning: Unverified HTTPS request is being made to host 'serviciosdigitales.movilidadavanzadabello.com.co'. Adding certificate verification is strongly advised. See: https://urllib3.readthedocs.io/en/latest/advanced-usage.html#tls-warnings
  warnings.warn(
/home/comparendos/venv/lib/python3.12/site-packages/urllib3/connectionpool.py:1097: InsecureRequestWarning: Unverified HTTPS request is being made to host 'serviciosdigitales.movilidadavanzadabello.com.co'. Adding certificate verification is strongly advised. See: https://urllib3.readthedocs.io/en/latest/advanced-usage.html#tls-warnings
  warnings.warn(
/home/comparendos/venv/lib/python3.12/site-packages/urllib3/connectionpool.py:1097: InsecureRequestWarning: Unverified HTTPS request is being made to host 'serviciosdigitales.movilidadavanzadabello.com.co'. Adding certificate verification is strongly advised. See: https://urllib3.readthedocs.io/en/latest/advanced-usage.html#tls-warnings
  warnings.warn(
/home/comparendos/venv/lib/python3.12/site-packages/urllib3/connectionpool.py:1097: InsecureRequestWarning: Unverified HTTPS request is being made to host 'serviciosdigitales.movilidadavanzadabello.com.co'. Adding certificate verification is strongly advised. See: https://urllib3.readthedocs.io/en/latest/advanced-usage.html#tls-warnings
  warnings.warn(
/home/comparendos/venv/lib/python3.12/site-packages/urllib3/connectionpool.py:1097: InsecureRequestWarning: Unverified HTTPS request is being made to host 'serviciosdigitales.movilidadavanzadabello.com.co'. Adding certificate verification is strongly advised. See: https://urllib3.readthedocs.io/en/latest/advanced-usage.html#tls-warnings
  warnings.warn(
/home/comparendos/venv/lib/python3.12/site-packages/urllib3/connectionpool.py:1097: InsecureRequestWarning: Unverified HTTPS request is being made to host 'serviciosdigitales.movilidadavanzadabello.com.co'. Adding certificate verification is strongly advised. See: https://urllib3.readthedocs.io/en/latest/advanced-usage.html#tls-warnings
  warnings.warn(
/home/comparendos/venv/lib/python3.12/site-packages/urllib3/connectionpool.py:1097: InsecureRequestWarning: Unverified HTTPS request is being made to host 'serviciosdigitales.movilidadavanzadabello.com.co'. Adding certificate verification is strongly advised. See: https://urllib3.readthedocs.io/en/latest/advanced-usage.html#tls-warnings
  warnings.warn(
/home/comparendos/venv/lib/python3.12/site-packages/urllib3/connectionpool.py:1097: InsecureRequestWarning: Unverified HTTPS request is being made to host 'serviciosdigitales.movilidadavanzadabello.com.co'. Adding certificate verification is strongly advised. See: https://urllib3.readthedocs.io/en/latest/advanced-usage.html#tls-warnings
  warnings.warn(
/home/comparendos/venv/lib/python3.12/site-packages/urllib3/connectionpool.py:1097: InsecureRequestWarning: Unverified HTTPS request is being made to host 'serviciosdigitales.movilidadavanzadabello.com.co'. Adding certificate verification is strongly advised. See: https://urllib3.readthedocs.io/en/latest/advanced-usage.html#tls-warnings
  warnings.warn(
/home/comparendos/venv/lib/python3.12/site-packages/urllib3/connectionpool.py:1097: InsecureRequestWarning: Unverified HTTPS request is being made to host 'serviciosdigitales.movilidadavanzadabello.com.co'. Adding certificate verification is strongly advised. See: https://urllib3.readthedocs.io/en/latest/advanced-usage.html#tls-warnings
  warnings.warn(
/home/comparendos/venv/lib/python3.12/site-packages/urllib3/connectionpool.py:1097: InsecureRequestWarning: Unverified HTTPS request is being made to host 'serviciosdigitales.movilidadavanzadabello.com.co'. Adding certificate verification is strongly advised. See: https://urllib3.readthedocs.io/en/latest/advanced-usage.html#tls-warnings
  warnings.warn(
/home/comparendos/venv/lib/python3.12/site-packages/urllib3/connectionpool.py:1097: InsecureRequestWarning: Unverified HTTPS request is being made to host 'serviciosdigitales.movilidadavanzadabello.com.co'. Adding certificate verification is strongly advised. See: https://urllib3.readthedocs.io/en/latest/advanced-usage.html#tls-warnings
  warnings.warn(
/home/comparendos/venv/lib/python3.12/site-packages/urllib3/connectionpool.py:1097: InsecureRequestWarning: Unverified HTTPS request is being made to host 'serviciosdigitales.movilidadavanzadabello.com.co'. Adding certificate verification is strongly advised. See: https://urllib3.readthedocs.io/en/latest/advanced-usage.html#tls-warnings
  warnings.warn(
/home/comparendos/venv/lib/python3.12/site-packages/urllib3/connectionpool.py:1097: InsecureRequestWarning: Unverified HTTPS request is being made to host 'serviciosdigitales.movilidadavanzadabello.com.co'. Adding certificate verification is strongly advised. See: https://urllib3.readthedocs.io/en/latest/advanced-usage.html#tls-warnings
  warnings.warn(
/home/comparendos/venv/lib/python3.12/site-packages/urllib3/connectionpool.py:1097: InsecureRequestWarning: Unverified HTTPS request is being made to host 'serviciosdigitales.movilidadavanzadabello.com.co'. Adding certificate verification is strongly advised. See: https://urllib3.readthedocs.io/en/latest/advanced-usage.html#tls-warnings
  warnings.warn(
/home/comparendos/venv/lib/python3.12/site-packages/urllib3/connectionpool.py:1097: InsecureRequestWarning: Unverified HTTPS request is being made to host 'serviciosdigitales.movilidadavanzadabello.com.co'. Adding certificate verification is strongly advised. See: https://urllib3.readthedocs.io/en/latest/advanced-usage.html#tls-warnings
  warnings.warn(
/home/comparendos/venv/lib/python3.12/site-packages/urllib3/connectionpool.py:1097: InsecureRequestWarning: Unverified HTTPS request is being made to host 'serviciosdigitales.movilidadavanzadabello.com.co'. Adding certificate verification is strongly advised. See: https://urllib3.readthedocs.io/en/latest/advanced-usage.html#tls-warnings
  warnings.warn(
/home/comparendos/venv/lib/python3.12/site-packages/urllib3/connectionpool.py:1097: InsecureRequestWarning: Unverified HTTPS request is being made to host 'serviciosdigitales.movilidadavanzadabello.com.co'. Adding certificate verification is strongly advised. See: https://urllib3.readthedocs.io/en/latest/advanced-usage.html#tls-warnings
  warnings.warn(
/home/comparendos/venv/lib/python3.12/site-packages/urllib3/connectionpool.py:1097: InsecureRequestWarning: Unverified HTTPS request is being made to host 'serviciosdigitales.movilidadavanzadabello.com.co'. Adding certificate verification is strongly advised. See: https://urllib3.readthedocs.io/en/latest/advanced-usage.html#tls-warnings
  warnings.warn(
/home/comparendos/venv/lib/python3.12/site-packages/urllib3/connectionpool.py:1097: InsecureRequestWarning: Unverified HTTPS request is being made to host 'serviciosdigitales.movilidadavanzadabello.com.co'. Adding certificate verification is strongly advised. See: https://urllib3.readthedocs.io/en/latest/advanced-usage.html#tls-warnings
  warnings.warn(
/home/comparendos/venv/lib/python3.12/site-packages/urllib3/connectionpool.py:1097: InsecureRequestWarning: Unverified HTTPS request is being made to host 'serviciosdigitales.movilidadavanzadabello.com.co'. Adding certificate verification is strongly advised. See: https://urllib3.readthedocs.io/en/latest/advanced-usage.html#tls-warnings
  warnings.warn(
/home/comparendos/venv/lib/python3.12/site-packages/urllib3/connectionpool.py:1097: InsecureRequestWarning: Unverified HTTPS request is being made to host 'serviciosdigitales.movilidadavanzadabello.com.co'. Adding certificate verification is strongly advised. See: https://urllib3.readthedocs.io/en/latest/advanced-usage.html#tls-warnings
  warnings.warn(
/home/comparendos/venv/lib/python3.12/site-packages/urllib3/connectionpool.py:1097: InsecureRequestWarning: Unverified HTTPS request is being made to host 'serviciosdigitales.movilidadavanzadabello.com.co'. Adding certificate verification is strongly advised. See: https://urllib3.readthedocs.io/en/latest/advanced-usage.html#tls-warnings
  warnings.warn(
/home/comparendos/venv/lib/python3.12/site-packages/urllib3/connectionpool.py:1097: InsecureRequestWarning: Unverified HTTPS request is being made to host 'serviciosdigitales.movilidadavanzadabello.com.co'. Adding certificate verification is strongly advised. See: https://urllib3.readthedocs.io/en/latest/advanced-usage.html#tls-warnings
  warnings.warn(
/home/comparendos/venv/lib/python3.12/site-packages/urllib3/connectionpool.py:1097: InsecureRequestWarning: Unverified HTTPS request is being made to host 'serviciosdigitales.movilidadavanzadabello.com.co'. Adding certificate verification is strongly advised. See: https://urllib3.readthedocs.io/en/latest/advanced-usage.html#tls-warnings
  warnings.warn(
/home/comparendos/venv/lib/python3.12/site-packages/urllib3/connectionpool.py:1097: InsecureRequestWarning: Unverified HTTPS request is being made to host 'serviciosdigitales.movilidadavanzadabello.com.co'. Adding certificate verification is strongly advised. See: https://urllib3.readthedocs.io/en/latest/advanced-usage.html#tls-warnings
  warnings.warn(
/home/comparendos/venv/lib/python3.12/site-packages/urllib3/connectionpool.py:1097: InsecureRequestWarning: Unverified HTTPS request is being made to host 'serviciosdigitales.movilidadavanzadabello.com.co'. Adding certificate verification is strongly advised. See: https://urllib3.readthedocs.io/en/latest/advanced-usage.html#tls-warnings
  warnings.warn(
/home/comparendos/venv/lib/python3.12/site-packages/urllib3/connectionpool.py:1097: InsecureRequestWarning: Unverified HTTPS request is being made to host 'serviciosdigitales.movilidadavanzadabello.com.co'. Adding certificate verification is strongly advised. See: https://urllib3.readthedocs.io/en/latest/advanced-usage.html#tls-warnings
  warnings.warn(
/home/comparendos/venv/lib/python3.12/site-packages/urllib3/connectionpool.py:1097: InsecureRequestWarning: Unverified HTTPS request is being made to host 'serviciosdigitales.movilidadavanzadabello.com.co'. Adding certificate verification is strongly advised. See: https://urllib3.readthedocs.io/en/latest/advanced-usage.html#tls-warnings
  warnings.warn(
/home/comparendos/venv/lib/python3.12/site-packages/urllib3/connectionpool.py:1097: InsecureRequestWarning: Unverified HTTPS request is being made to host 'serviciosdigitales.movilidadavanzadabello.com.co'. Adding certificate verification is strongly advised. See: https://urllib3.readthedocs.io/en/latest/advanced-usage.html#tls-warnings
  warnings.warn(
/home/comparendos/venv/lib/python3.12/site-packages/urllib3/connectionpool.py:1097: InsecureRequestWarning: Unverified HTTPS request is being made to host 'serviciosdigitales.movilidadavanzadabello.com.co'. Adding certificate verification is strongly advised. See: https://urllib3.readthedocs.io/en/latest/advanced-usage.html#tls-warnings
  warnings.warn(
/home/comparendos/venv/lib/python3.12/site-packages/urllib3/connectionpool.py:1097: InsecureRequestWarning: Unverified HTTPS request is being made to host 'serviciosdigitales.movilidadavanzadabello.com.co'. Adding certificate verification is strongly advised. See: https://urllib3.readthedocs.io/en/latest/advanced-usage.html#tls-warnings
  warnings.warn(
/home/comparendos/venv/lib/python3.12/site-packages/urllib3/connectionpool.py:1097: InsecureRequestWarning: Unverified HTTPS request is being made to host 'serviciosdigitales.movilidadavanzadabello.com.co'. Adding certificate verification is strongly advised. See: https://urllib3.readthedocs.io/en/latest/advanced-usage.html#tls-warnings
  warnings.warn(
/home/comparendos/venv/lib/python3.12/site-packages/urllib3/connectionpool.py:1097: InsecureRequestWarning: Unverified HTTPS request is being made to host 'serviciosdigitales.movilidadavanzadabello.com.co'. Adding certificate verification is strongly advised. See: https://urllib3.readthedocs.io/en/latest/advanced-usage.html#tls-warnings
  warnings.warn(
/home/comparendos/venv/lib/python3.12/site-packages/urllib3/connectionpool.py:1097: InsecureRequestWarning: Unverified HTTPS request is being made to host 'serviciosdigitales.movilidadavanzadabello.com.co'. Adding certificate verification is strongly advised. See: https://urllib3.readthedocs.io/en/latest/advanced-usage.html#tls-warnings
  warnings.warn(
/home/comparendos/venv/lib/python3.12/site-packages/urllib3/connectionpool.py:1097: InsecureRequestWarning: Unverified HTTPS request is being made to host 'serviciosdigitales.movilidadavanzadabello.com.co'. Adding certificate verification is strongly advised. See: https://urllib3.readthedocs.io/en/latest/advanced-usage.html#tls-warnings
  warnings.warn(
/home/comparendos/venv/lib/python3.12/site-packages/urllib3/connectionpool.py:1097: InsecureRequestWarning: Unverified HTTPS request is being made to host 'serviciosdigitales.movilidadavanzadabello.com.co'. Adding certificate verification is strongly advised. See: https://urllib3.readthedocs.io/en/latest/advanced-usage.html#tls-warnings
  warnings.warn(
/home/comparendos/venv/lib/python3.12/site-packages/urllib3/connectionpool.py:1097: InsecureRequestWarning: Unverified HTTPS request is being made to host 'serviciosdigitales.movilidadavanzadabello.com.co'. Adding certificate verification is strongly advised. See: https://urllib3.readthedocs.io/en/latest/advanced-usage.html#tls-warnings
  warnings.warn(
/home/comparendos/venv/lib/python3.12/site-packages/urllib3/connectionpool.py:1097: InsecureRequestWarning: Unverified HTTPS request is being made to host 'serviciosdigitales.movilidadavanzadabello.com.co'. Adding certificate verification is strongly advised. See: https://urllib3.readthedocs.io/en/latest/advanced-usage.html#tls-warnings
  warnings.warn(
/home/comparendos/venv/lib/python3.12/site-packages/urllib3/connectionpool.py:1097: InsecureRequestWarning: Unverified HTTPS request is being made to host 'serviciosdigitales.movilidadavanzadabello.com.co'. Adding certificate verification is strongly advised. See: https://urllib3.readthedocs.io/en/latest/advanced-usage.html#tls-warnings
  warnings.warn(
/home/comparendos/venv/lib/python3.12/site-packages/urllib3/connectionpool.py:1097: InsecureRequestWarning: Unverified HTTPS request is being made to host 'serviciosdigitales.movilidadavanzadabello.com.co'. Adding certificate verification is strongly advised. See: https://urllib3.readthedocs.io/en/latest/advanced-usage.html#tls-warnings
  warnings.warn(
/home/comparendos/venv/lib/python3.12/site-packages/urllib3/connectionpool.py:1097: InsecureRequestWarning: Unverified HTTPS request is being made to host 'serviciosdigitales.movilidadavanzadabello.com.co'. Adding certificate verification is strongly advised. See: https://urllib3.readthedocs.io/en/latest/advanced-usage.html#tls-warnings
  warnings.warn(
/home/comparendos/venv/lib/python3.12/site-packages/urllib3/connectionpool.py:1097: InsecureRequestWarning: Unverified HTTPS request is being made to host 'serviciosdigitales.movilidadavanzadabello.com.co'. Adding certificate verification is strongly advised. See: https://urllib3.readthedocs.io/en/latest/advanced-usage.html#tls-warnings
  warnings.warn(
/home/comparendos/venv/lib/python3.12/site-packages/urllib3/connectionpool.py:1097: InsecureRequestWarning: Unverified HTTPS request is being made to host 'serviciosdigitales.movilidadavanzadabello.com.co'. Adding certificate verification is strongly advised. See: https://urllib3.readthedocs.io/en/latest/advanced-usage.html#tls-warnings
  warnings.warn(
/home/comparendos/venv/lib/python3.12/site-packages/urllib3/connectionpool.py:1097: InsecureRequestWarning: Unverified HTTPS request is being made to host 'serviciosdigitales.movilidadavanzadabello.com.co'. Adding certificate verification is strongly advised. See: https://urllib3.readthedocs.io/en/latest/advanced-usage.html#tls-warnings
  warnings.warn(
/home/comparendos/venv/lib/python3.12/site-packages/urllib3/connectionpool.py:1097: InsecureRequestWarning: Unverified HTTPS request is being made to host 'serviciosdigitales.movilidadavanzadabello.com.co'. Adding certificate verification is strongly advised. See: https://urllib3.readthedocs.io/en/latest/advanced-usage.html#tls-warnings
  warnings.warn(
/home/comparendos/venv/lib/python3.12/site-packages/urllib3/connectionpool.py:1097: InsecureRequestWarning: Unverified HTTPS request is being made to host 'serviciosdigitales.movilidadavanzadabello.com.co'. Adding certificate verification is strongly advised. See: https://urllib3.readthedocs.io/en/latest/advanced-usage.html#tls-warnings
  warnings.warn(
/home/comparendos/venv/lib/python3.12/site-packages/urllib3/connectionpool.py:1097: InsecureRequestWarning: Unverified HTTPS request is being made to host 'serviciosdigitales.movilidadavanzadabello.com.co'. Adding certificate verification is strongly advised. See: https://urllib3.readthedocs.io/en/latest/advanced-usage.html#tls-warnings
  warnings.warn(
/home/comparendos/venv/lib/python3.12/site-packages/urllib3/connectionpool.py:1097: InsecureRequestWarning: Unverified HTTPS request is being made to host 'serviciosdigitales.movilidadavanzadabello.com.co'. Adding certificate verification is strongly advised. See: https://urllib3.readthedocs.io/en/latest/advanced-usage.html#tls-warnings
  warnings.warn(
/home/comparendos/venv/lib/python3.12/site-packages/urllib3/connectionpool.py:1097: InsecureRequestWarning: Unverified HTTPS request is being made to host 'serviciosdigitales.movilidadavanzadabello.com.co'. Adding certificate verification is strongly advised. See: https://urllib3.readthedocs.io/en/latest/advanced-usage.html#tls-warnings
  warnings.warn(
/home/comparendos/venv/lib/python3.12/site-packages/urllib3/connectionpool.py:1097: InsecureRequestWarning: Unverified HTTPS request is being made to host 'serviciosdigitales.movilidadavanzadabello.com.co'. Adding certificate verification is strongly advised. See: https://urllib3.readthedocs.io/en/latest/advanced-usage.html#tls-warnings
  warnings.warn(
/home/comparendos/venv/lib/python3.12/site-packages/urllib3/connectionpool.py:1097: InsecureRequestWarning: Unverified HTTPS request is being made to host 'serviciosdigitales.movilidadavanzadabello.com.co'. Adding certificate verification is strongly advised. See: https://urllib3.readthedocs.io/en/latest/advanced-usage.html#tls-warnings
  warnings.warn(
/home/comparendos/venv/lib/python3.12/site-packages/urllib3/connectionpool.py:1097: InsecureRequestWarning: Unverified HTTPS request is being made to host 'serviciosdigitales.movilidadavanzadabello.com.co'. Adding certificate verification is strongly advised. See: https://urllib3.readthedocs.io/en/latest/advanced-usage.html#tls-warnings
  warnings.warn(
/home/comparendos/venv/lib/python3.12/site-packages/urllib3/connectionpool.py:1097: InsecureRequestWarning: Unverified HTTPS request is being made to host 'serviciosdigitales.movilidadavanzadabello.com.co'. Adding certificate verification is strongly advised. See: https://urllib3.readthedocs.io/en/latest/advanced-usage.html#tls-warnings
  warnings.warn(
/home/comparendos/venv/lib/python3.12/site-packages/urllib3/connectionpool.py:1097: InsecureRequestWarning: Unverified HTTPS request is being made to host 'serviciosdigitales.movilidadavanzadabello.com.co'. Adding certificate verification is strongly advised. See: https://urllib3.readthedocs.io/en/latest/advanced-usage.html#tls-warnings
  warnings.warn(
/home/comparendos/venv/lib/python3.12/site-packages/urllib3/connectionpool.py:1097: InsecureRequestWarning: Unverified HTTPS request is being made to host 'serviciosdigitales.movilidadavanzadabello.com.co'. Adding certificate verification is strongly advised. See: https://urllib3.readthedocs.io/en/latest/advanced-usage.html#tls-warnings
  warnings.warn(
/home/comparendos/venv/lib/python3.12/site-packages/urllib3/connectionpool.py:1097: InsecureRequestWarning: Unverified HTTPS request is being made to host 'serviciosdigitales.movilidadavanzadabello.com.co'. Adding certificate verification is strongly advised. See: https://urllib3.readthedocs.io/en/latest/advanced-usage.html#tls-warnings
  warnings.warn(
/home/comparendos/venv/lib/python3.12/site-packages/urllib3/connectionpool.py:1097: InsecureRequestWarning: Unverified HTTPS request is being made to host 'serviciosdigitales.movilidadavanzadabello.com.co'. Adding certificate verification is strongly advised. See: https://urllib3.readthedocs.io/en/latest/advanced-usage.html#tls-warnings
  warnings.warn(
/home/comparendos/venv/lib/python3.12/site-packages/urllib3/connectionpool.py:1097: InsecureRequestWarning: Unverified HTTPS request is being made to host 'serviciosdigitales.movilidadavanzadabello.com.co'. Adding certificate verification is strongly advised. See: https://urllib3.readthedocs.io/en/latest/advanced-usage.html#tls-warnings
  warnings.warn(
/home/comparendos/venv/lib/python3.12/site-packages/urllib3/connectionpool.py:1097: InsecureRequestWarning: Unverified HTTPS request is being made to host 'serviciosdigitales.movilidadavanzadabello.com.co'. Adding certificate verification is strongly advised. See: https://urllib3.readthedocs.io/en/latest/advanced-usage.html#tls-warnings
  warnings.warn(
/home/comparendos/venv/lib/python3.12/site-packages/urllib3/connectionpool.py:1097: InsecureRequestWarning: Unverified HTTPS request is being made to host 'serviciosdigitales.movilidadavanzadabello.com.co'. Adding certificate verification is strongly advised. See: https://urllib3.readthedocs.io/en/latest/advanced-usage.html#tls-warnings
  warnings.warn(
/home/comparendos/venv/lib/python3.12/site-packages/urllib3/connectionpool.py:1097: InsecureRequestWarning: Unverified HTTPS request is being made to host 'serviciosdigitales.movilidadavanzadabello.com.co'. Adding certificate verification is strongly advised. See: https://urllib3.readthedocs.io/en/latest/advanced-usage.html#tls-warnings
  warnings.warn(
/home/comparendos/venv/lib/python3.12/site-packages/urllib3/connectionpool.py:1097: InsecureRequestWarning: Unverified HTTPS request is being made to host 'serviciosdigitales.movilidadavanzadabello.com.co'. Adding certificate verification is strongly advised. See: https://urllib3.readthedocs.io/en/latest/advanced-usage.html#tls-warnings
  warnings.warn(
/home/comparendos/venv/lib/python3.12/site-packages/urllib3/connectionpool.py:1097: InsecureRequestWarning: Unverified HTTPS request is being made to host 'serviciosdigitales.movilidadavanzadabello.com.co'. Adding certificate verification is strongly advised. See: https://urllib3.readthedocs.io/en/latest/advanced-usage.html#tls-warnings
  warnings.warn(
/home/comparendos/venv/lib/python3.12/site-packages/urllib3/connectionpool.py:1097: InsecureRequestWarning: Unverified HTTPS request is being made to host 'serviciosdigitales.movilidadavanzadabello.com.co'. Adding certificate verification is strongly advised. See: https://urllib3.readthedocs.io/en/latest/advanced-usage.html#tls-warnings
  warnings.warn(
/home/comparendos/venv/lib/python3.12/site-packages/urllib3/connectionpool.py:1097: InsecureRequestWarning: Unverified HTTPS request is being made to host 'serviciosdigitales.movilidadavanzadabello.com.co'. Adding certificate verification is strongly advised. See: https://urllib3.readthedocs.io/en/latest/advanced-usage.html#tls-warnings
  warnings.warn(
/home/comparendos/venv/lib/python3.12/site-packages/urllib3/connectionpool.py:1097: InsecureRequestWarning: Unverified HTTPS request is being made to host 'serviciosdigitales.movilidadavanzadabello.com.co'. Adding certificate verification is strongly advised. See: https://urllib3.readthedocs.io/en/latest/advanced-usage.html#tls-warnings
  warnings.warn(
/home/comparendos/venv/lib/python3.12/site-packages/urllib3/connectionpool.py:1097: InsecureRequestWarning: Unverified HTTPS request is being made to host 'serviciosdigitales.movilidadavanzadabello.com.co'. Adding certificate verification is strongly advised. See: https://urllib3.readthedocs.io/en/latest/advanced-usage.html#tls-warnings
  warnings.warn(
/home/comparendos/venv/lib/python3.12/site-packages/urllib3/connectionpool.py:1097: InsecureRequestWarning: Unverified HTTPS request is being made to host 'serviciosdigitales.movilidadavanzadabello.com.co'. Adding certificate verification is strongly advised. See: https://urllib3.readthedocs.io/en/latest/advanced-usage.html#tls-warnings
  warnings.warn(
/home/comparendos/venv/lib/python3.12/site-packages/urllib3/connectionpool.py:1097: InsecureRequestWarning: Unverified HTTPS request is being made to host 'serviciosdigitales.movilidadavanzadabello.com.co'. Adding certificate verification is strongly advised. See: https://urllib3.readthedocs.io/en/latest/advanced-usage.html#tls-warnings
  warnings.warn(
/home/comparendos/venv/lib/python3.12/site-packages/urllib3/connectionpool.py:1097: InsecureRequestWarning: Unverified HTTPS request is being made to host 'serviciosdigitales.movilidadavanzadabello.com.co'. Adding certificate verification is strongly advised. See: https://urllib3.readthedocs.io/en/latest/advanced-usage.html#tls-warnings
  warnings.warn(
/home/comparendos/venv/lib/python3.12/site-packages/urllib3/connectionpool.py:1097: InsecureRequestWarning: Unverified HTTPS request is being made to host 'serviciosdigitales.movilidadavanzadabello.com.co'. Adding certificate verification is strongly advised. See: https://urllib3.readthedocs.io/en/latest/advanced-usage.html#tls-warnings
  warnings.warn(
/home/comparendos/venv/lib/python3.12/site-packages/urllib3/connectionpool.py:1097: InsecureRequestWarning: Unverified HTTPS request is being made to host 'serviciosdigitales.movilidadavanzadabello.com.co'. Adding certificate verification is strongly advised. See: https://urllib3.readthedocs.io/en/latest/advanced-usage.html#tls-warnings
  warnings.warn(
/home/comparendos/venv/lib/python3.12/site-packages/urllib3/connectionpool.py:1097: InsecureRequestWarning: Unverified HTTPS request is being made to host 'serviciosdigitales.movilidadavanzadabello.com.co'. Adding certificate verification is strongly advised. See: https://urllib3.readthedocs.io/en/latest/advanced-usage.html#tls-warnings
  warnings.warn(
/home/comparendos/venv/lib/python3.12/site-packages/urllib3/connectionpool.py:1097: InsecureRequestWarning: Unverified HTTPS request is being made to host 'serviciosdigitales.movilidadavanzadabello.com.co'. Adding certificate verification is strongly advised. See: https://urllib3.readthedocs.io/en/latest/advanced-usage.html#tls-warnings
  warnings.warn(
/home/comparendos/venv/lib/python3.12/site-packages/urllib3/connectionpool.py:1097: InsecureRequestWarning: Unverified HTTPS request is being made to host 'serviciosdigitales.movilidadavanzadabello.com.co'. Adding certificate verification is strongly advised. See: https://urllib3.readthedocs.io/en/latest/advanced-usage.html#tls-warnings
  warnings.warn(
/home/comparendos/venv/lib/python3.12/site-packages/urllib3/connectionpool.py:1097: InsecureRequestWarning: Unverified HTTPS request is being made to host 'serviciosdigitales.movilidadavanzadabello.com.co'. Adding certificate verification is strongly advised. See: https://urllib3.readthedocs.io/en/latest/advanced-usage.html#tls-warnings
  warnings.warn(
/home/comparendos/venv/lib/python3.12/site-packages/urllib3/connectionpool.py:1097: InsecureRequestWarning: Unverified HTTPS request is being made to host 'serviciosdigitales.movilidadavanzadabello.com.co'. Adding certificate verification is strongly advised. See: https://urllib3.readthedocs.io/en/latest/advanced-usage.html#tls-warnings
  warnings.warn(
/home/comparendos/venv/lib/python3.12/site-packages/urllib3/connectionpool.py:1097: InsecureRequestWarning: Unverified HTTPS request is being made to host 'serviciosdigitales.movilidadavanzadabello.com.co'. Adding certificate verification is strongly advised. See: https://urllib3.readthedocs.io/en/latest/advanced-usage.html#tls-warnings
  warnings.warn(
/home/comparendos/venv/lib/python3.12/site-packages/urllib3/connectionpool.py:1097: InsecureRequestWarning: Unverified HTTPS request is being made to host 'serviciosdigitales.movilidadavanzadabello.com.co'. Adding certificate verification is strongly advised. See: https://urllib3.readthedocs.io/en/latest/advanced-usage.html#tls-warnings
  warnings.warn(
/home/comparendos/venv/lib/python3.12/site-packages/urllib3/connectionpool.py:1097: InsecureRequestWarning: Unverified HTTPS request is being made to host 'serviciosdigitales.movilidadavanzadabello.com.co'. Adding certificate verification is strongly advised. See: https://urllib3.readthedocs.io/en/latest/advanced-usage.html#tls-warnings
  warnings.warn(
/home/comparendos/venv/lib/python3.12/site-packages/urllib3/connectionpool.py:1097: InsecureRequestWarning: Unverified HTTPS request is being made to host 'serviciosdigitales.movilidadavanzadabello.com.co'. Adding certificate verification is strongly advised. See: https://urllib3.readthedocs.io/en/latest/advanced-usage.html#tls-warnings
  warnings.warn(
/home/comparendos/venv/lib/python3.12/site-packages/urllib3/connectionpool.py:1097: InsecureRequestWarning: Unverified HTTPS request is being made to host 'serviciosdigitales.movilidadavanzadabello.com.co'. Adding certificate verification is strongly advised. See: https://urllib3.readthedocs.io/en/latest/advanced-usage.html#tls-warnings
  warnings.warn(
/home/comparendos/venv/lib/python3.12/site-packages/urllib3/connectionpool.py:1097: InsecureRequestWarning: Unverified HTTPS request is being made to host 'serviciosdigitales.movilidadavanzadabello.com.co'. Adding certificate verification is strongly advised. See: https://urllib3.readthedocs.io/en/latest/advanced-usage.html#tls-warnings
  warnings.warn(
/home/comparendos/venv/lib/python3.12/site-packages/urllib3/connectionpool.py:1097: InsecureRequestWarning: Unverified HTTPS request is being made to host 'serviciosdigitales.movilidadavanzadabello.com.co'. Adding certificate verification is strongly advised. See: https://urllib3.readthedocs.io/en/latest/advanced-usage.html#tls-warnings
  warnings.warn(
/home/comparendos/venv/lib/python3.12/site-packages/urllib3/connectionpool.py:1097: InsecureRequestWarning: Unverified HTTPS request is being made to host 'serviciosdigitales.movilidadavanzadabello.com.co'. Adding certificate verification is strongly advised. See: https://urllib3.readthedocs.io/en/latest/advanced-usage.html#tls-warnings
  warnings.warn(
/home/comparendos/venv/lib/python3.12/site-packages/urllib3/connectionpool.py:1097: InsecureRequestWarning: Unverified HTTPS request is being made to host 'serviciosdigitales.movilidadavanzadabello.com.co'. Adding certificate verification is strongly advised. See: https://urllib3.readthedocs.io/en/latest/advanced-usage.html#tls-warnings
  warnings.warn(
/home/comparendos/venv/lib/python3.12/site-packages/urllib3/connectionpool.py:1097: InsecureRequestWarning: Unverified HTTPS request is being made to host 'serviciosdigitales.movilidadavanzadabello.com.co'. Adding certificate verification is strongly advised. See: https://urllib3.readthedocs.io/en/latest/advanced-usage.html#tls-warnings
  warnings.warn(
/home/comparendos/venv/lib/python3.12/site-packages/urllib3/connectionpool.py:1097: InsecureRequestWarning: Unverified HTTPS request is being made to host 'serviciosdigitales.movilidadavanzadabello.com.co'. Adding certificate verification is strongly advised. See: https://urllib3.readthedocs.io/en/latest/advanced-usage.html#tls-warnings
  warnings.warn(
/home/comparendos/venv/lib/python3.12/site-packages/urllib3/connectionpool.py:1097: InsecureRequestWarning: Unverified HTTPS request is being made to host 'serviciosdigitales.movilidadavanzadabello.com.co'. Adding certificate verification is strongly advised. See: https://urllib3.readthedocs.io/en/latest/advanced-usage.html#tls-warnings
  warnings.warn(
/home/comparendos/venv/lib/python3.12/site-packages/urllib3/connectionpool.py:1097: InsecureRequestWarning: Unverified HTTPS request is being made to host 'serviciosdigitales.movilidadavanzadabello.com.co'. Adding certificate verification is strongly advised. See: https://urllib3.readthedocs.io/en/latest/advanced-usage.html#tls-warnings
  warnings.warn(
/home/comparendos/venv/lib/python3.12/site-packages/urllib3/connectionpool.py:1097: InsecureRequestWarning: Unverified HTTPS request is being made to host 'serviciosdigitales.movilidadavanzadabello.com.co'. Adding certificate verification is strongly advised. See: https://urllib3.readthedocs.io/en/latest/advanced-usage.html#tls-warnings
  warnings.warn(
/home/comparendos/venv/lib/python3.12/site-packages/urllib3/connectionpool.py:1097: InsecureRequestWarning: Unverified HTTPS request is being made to host 'serviciosdigitales.movilidadavanzadabello.com.co'. Adding certificate verification is strongly advised. See: https://urllib3.readthedocs.io/en/latest/advanced-usage.html#tls-warnings
  warnings.warn(
/home/comparendos/venv/lib/python3.12/site-packages/urllib3/connectionpool.py:1097: InsecureRequestWarning: Unverified HTTPS request is being made to host 'serviciosdigitales.movilidadavanzadabello.com.co'. Adding certificate verification is strongly advised. See: https://urllib3.readthedocs.io/en/latest/advanced-usage.html#tls-warnings
  warnings.warn(
/home/comparendos/venv/lib/python3.12/site-packages/urllib3/connectionpool.py:1097: InsecureRequestWarning: Unverified HTTPS request is being made to host 'serviciosdigitales.movilidadavanzadabello.com.co'. Adding certificate verification is strongly advised. See: https://urllib3.readthedocs.io/en/latest/advanced-usage.html#tls-warnings
  warnings.warn(
/home/comparendos/venv/lib/python3.12/site-packages/urllib3/connectionpool.py:1097: InsecureRequestWarning: Unverified HTTPS request is being made to host 'serviciosdigitales.movilidadavanzadabello.com.co'. Adding certificate verification is strongly advised. See: https://urllib3.readthedocs.io/en/latest/advanced-usage.html#tls-warnings
  warnings.warn(
/home/comparendos/venv/lib/python3.12/site-packages/urllib3/connectionpool.py:1097: InsecureRequestWarning: Unverified HTTPS request is being made to host 'serviciosdigitales.movilidadavanzadabello.com.co'. Adding certificate verification is strongly advised. See: https://urllib3.readthedocs.io/en/latest/advanced-usage.html#tls-warnings
  warnings.warn(
/home/comparendos/venv/lib/python3.12/site-packages/urllib3/connectionpool.py:1097: InsecureRequestWarning: Unverified HTTPS request is being made to host 'serviciosdigitales.movilidadavanzadabello.com.co'. Adding certificate verification is strongly advised. See: https://urllib3.readthedocs.io/en/latest/advanced-usage.html#tls-warnings
  warnings.warn(
/home/comparendos/venv/lib/python3.12/site-packages/urllib3/connectionpool.py:1097: InsecureRequestWarning: Unverified HTTPS request is being made to host 'serviciosdigitales.movilidadavanzadabello.com.co'. Adding certificate verification is strongly advised. See: https://urllib3.readthedocs.io/en/latest/advanced-usage.html#tls-warnings
  warnings.warn(
/home/comparendos/venv/lib/python3.12/site-packages/urllib3/connectionpool.py:1097: InsecureRequestWarning: Unverified HTTPS request is being made to host 'serviciosdigitales.movilidadavanzadabello.com.co'. Adding certificate verification is strongly advised. See: https://urllib3.readthedocs.io/en/latest/advanced-usage.html#tls-warnings
  warnings.warn(
/home/comparendos/venv/lib/python3.12/site-packages/urllib3/connectionpool.py:1097: InsecureRequestWarning: Unverified HTTPS request is being made to host 'serviciosdigitales.movilidadavanzadabello.com.co'. Adding certificate verification is strongly advised. See: https://urllib3.readthedocs.io/en/latest/advanced-usage.html#tls-warnings
  warnings.warn(
/home/comparendos/venv/lib/python3.12/site-packages/urllib3/connectionpool.py:1097: InsecureRequestWarning: Unverified HTTPS request is being made to host 'serviciosdigitales.movilidadavanzadabello.com.co'. Adding certificate verification is strongly advised. See: https://urllib3.readthedocs.io/en/latest/advanced-usage.html#tls-warnings
  warnings.warn(
/home/comparendos/venv/lib/python3.12/site-packages/urllib3/connectionpool.py:1097: InsecureRequestWarning: Unverified HTTPS request is being made to host 'serviciosdigitales.movilidadavanzadabello.com.co'. Adding certificate verification is strongly advised. See: https://urllib3.readthedocs.io/en/latest/advanced-usage.html#tls-warnings
  warnings.warn(
/home/comparendos/venv/lib/python3.12/site-packages/urllib3/connectionpool.py:1097: InsecureRequestWarning: Unverified HTTPS request is being made to host 'serviciosdigitales.movilidadavanzadabello.com.co'. Adding certificate verification is strongly advised. See: https://urllib3.readthedocs.io/en/latest/advanced-usage.html#tls-warnings
  warnings.warn(
/home/comparendos/venv/lib/python3.12/site-packages/urllib3/connectionpool.py:1097: InsecureRequestWarning: Unverified HTTPS request is being made to host 'serviciosdigitales.movilidadavanzadabello.com.co'. Adding certificate verification is strongly advised. See: https://urllib3.readthedocs.io/en/latest/advanced-usage.html#tls-warnings
  warnings.warn(
/home/comparendos/venv/lib/python3.12/site-packages/urllib3/connectionpool.py:1097: InsecureRequestWarning: Unverified HTTPS request is being made to host 'serviciosdigitales.movilidadavanzadabello.com.co'. Adding certificate verification is strongly advised. See: https://urllib3.readthedocs.io/en/latest/advanced-usage.html#tls-warnings
  warnings.warn(
/home/comparendos/venv/lib/python3.12/site-packages/urllib3/connectionpool.py:1097: InsecureRequestWarning: Unverified HTTPS request is being made to host 'serviciosdigitales.movilidadavanzadabello.com.co'. Adding certificate verification is strongly advised. See: https://urllib3.readthedocs.io/en/latest/advanced-usage.html#tls-warnings
  warnings.warn(
/home/comparendos/venv/lib/python3.12/site-packages/urllib3/connectionpool.py:1097: InsecureRequestWarning: Unverified HTTPS request is being made to host 'serviciosdigitales.movilidadavanzadabello.com.co'. Adding certificate verification is strongly advised. See: https://urllib3.readthedocs.io/en/latest/advanced-usage.html#tls-warnings
  warnings.warn(
/home/comparendos/venv/lib/python3.12/site-packages/urllib3/connectionpool.py:1097: InsecureRequestWarning: Unverified HTTPS request is being made to host 'serviciosdigitales.movilidadavanzadabello.com.co'. Adding certificate verification is strongly advised. See: https://urllib3.readthedocs.io/en/latest/advanced-usage.html#tls-warnings
  warnings.warn(
/home/comparendos/venv/lib/python3.12/site-packages/urllib3/connectionpool.py:1097: InsecureRequestWarning: Unverified HTTPS request is being made to host 'serviciosdigitales.movilidadavanzadabello.com.co'. Adding certificate verification is strongly advised. See: https://urllib3.readthedocs.io/en/latest/advanced-usage.html#tls-warnings
  warnings.warn(
/home/comparendos/venv/lib/python3.12/site-packages/urllib3/connectionpool.py:1097: InsecureRequestWarning: Unverified HTTPS request is being made to host 'serviciosdigitales.movilidadavanzadabello.com.co'. Adding certificate verification is strongly advised. See: https://urllib3.readthedocs.io/en/latest/advanced-usage.html#tls-warnings
  warnings.warn(
/home/comparendos/venv/lib/python3.12/site-packages/urllib3/connectionpool.py:1097: InsecureRequestWarning: Unverified HTTPS request is being made to host 'serviciosdigitales.movilidadavanzadabello.com.co'. Adding certificate verification is strongly advised. See: https://urllib3.readthedocs.io/en/latest/advanced-usage.html#tls-warnings
  warnings.warn(
/home/comparendos/venv/lib/python3.12/site-packages/urllib3/connectionpool.py:1097: InsecureRequestWarning: Unverified HTTPS request is being made to host 'serviciosdigitales.movilidadavanzadabello.com.co'. Adding certificate verification is strongly advised. See: https://urllib3.readthedocs.io/en/latest/advanced-usage.html#tls-warnings
  warnings.warn(
/home/comparendos/venv/lib/python3.12/site-packages/urllib3/connectionpool.py:1097: InsecureRequestWarning: Unverified HTTPS request is being made to host 'serviciosdigitales.movilidadavanzadabello.com.co'. Adding certificate verification is strongly advised. See: https://urllib3.readthedocs.io/en/latest/advanced-usage.html#tls-warnings
  warnings.warn(
/home/comparendos/venv/lib/python3.12/site-packages/urllib3/connectionpool.py:1097: InsecureRequestWarning: Unverified HTTPS request is being made to host 'serviciosdigitales.movilidadavanzadabello.com.co'. Adding certificate verification is strongly advised. See: https://urllib3.readthedocs.io/en/latest/advanced-usage.html#tls-warnings
  warnings.warn(
/home/comparendos/venv/lib/python3.12/site-packages/urllib3/connectionpool.py:1097: InsecureRequestWarning: Unverified HTTPS request is being made to host 'serviciosdigitales.movilidadavanzadabello.com.co'. Adding certificate verification is strongly advised. See: https://urllib3.readthedocs.io/en/latest/advanced-usage.html#tls-warnings
  warnings.warn(
/home/comparendos/venv/lib/python3.12/site-packages/urllib3/connectionpool.py:1097: InsecureRequestWarning: Unverified HTTPS request is being made to host 'serviciosdigitales.movilidadavanzadabello.com.co'. Adding certificate verification is strongly advised. See: https://urllib3.readthedocs.io/en/latest/advanced-usage.html#tls-warnings
  warnings.warn(
/home/comparendos/venv/lib/python3.12/site-packages/urllib3/connectionpool.py:1097: InsecureRequestWarning: Unverified HTTPS request is being made to host 'serviciosdigitales.movilidadavanzadabello.com.co'. Adding certificate verification is strongly advised. See: https://urllib3.readthedocs.io/en/latest/advanced-usage.html#tls-warnings
  warnings.warn(
/home/comparendos/venv/lib/python3.12/site-packages/urllib3/connectionpool.py:1097: InsecureRequestWarning: Unverified HTTPS request is being made to host 'serviciosdigitales.movilidadavanzadabello.com.co'. Adding certificate verification is strongly advised. See: https://urllib3.readthedocs.io/en/latest/advanced-usage.html#tls-warnings
  warnings.warn(
/home/comparendos/venv/lib/python3.12/site-packages/urllib3/connectionpool.py:1097: InsecureRequestWarning: Unverified HTTPS request is being made to host 'serviciosdigitales.movilidadavanzadabello.com.co'. Adding certificate verification is strongly advised. See: https://urllib3.readthedocs.io/en/latest/advanced-usage.html#tls-warnings
  warnings.warn(
/home/comparendos/venv/lib/python3.12/site-packages/urllib3/connectionpool.py:1097: InsecureRequestWarning: Unverified HTTPS request is being made to host 'serviciosdigitales.movilidadavanzadabello.com.co'. Adding certificate verification is strongly advised. See: https://urllib3.readthedocs.io/en/latest/advanced-usage.html#tls-warnings
  warnings.warn(
/home/comparendos/venv/lib/python3.12/site-packages/urllib3/connectionpool.py:1097: InsecureRequestWarning: Unverified HTTPS request is being made to host 'serviciosdigitales.movilidadavanzadabello.com.co'. Adding certificate verification is strongly advised. See: https://urllib3.readthedocs.io/en/latest/advanced-usage.html#tls-warnings
  warnings.warn(
/home/comparendos/venv/lib/python3.12/site-packages/urllib3/connectionpool.py:1097: InsecureRequestWarning: Unverified HTTPS request is being made to host 'serviciosdigitales.movilidadavanzadabello.com.co'. Adding certificate verification is strongly advised. See: https://urllib3.readthedocs.io/en/latest/advanced-usage.html#tls-warnings
  warnings.warn(
/home/comparendos/venv/lib/python3.12/site-packages/urllib3/connectionpool.py:1097: InsecureRequestWarning: Unverified HTTPS request is being made to host 'serviciosdigitales.movilidadavanzadabello.com.co'. Adding certificate verification is strongly advised. See: https://urllib3.readthedocs.io/en/latest/advanced-usage.html#tls-warnings
  warnings.warn(
/home/comparendos/venv/lib/python3.12/site-packages/urllib3/connectionpool.py:1097: InsecureRequestWarning: Unverified HTTPS request is being made to host 'serviciosdigitales.movilidadavanzadabello.com.co'. Adding certificate verification is strongly advised. See: https://urllib3.readthedocs.io/en/latest/advanced-usage.html#tls-warnings
  warnings.warn(
/home/comparendos/venv/lib/python3.12/site-packages/urllib3/connectionpool.py:1097: InsecureRequestWarning: Unverified HTTPS request is being made to host 'serviciosdigitales.movilidadavanzadabello.com.co'. Adding certificate verification is strongly advised. See: https://urllib3.readthedocs.io/en/latest/advanced-usage.html#tls-warnings
  warnings.warn(
/home/comparendos/venv/lib/python3.12/site-packages/urllib3/connectionpool.py:1097: InsecureRequestWarning: Unverified HTTPS request is being made to host 'serviciosdigitales.movilidadavanzadabello.com.co'. Adding certificate verification is strongly advised. See: https://urllib3.readthedocs.io/en/latest/advanced-usage.html#tls-warnings
  warnings.warn(
/home/comparendos/venv/lib/python3.12/site-packages/urllib3/connectionpool.py:1097: InsecureRequestWarning: Unverified HTTPS request is being made to host 'serviciosdigitales.movilidadavanzadabello.com.co'. Adding certificate verification is strongly advised. See: https://urllib3.readthedocs.io/en/latest/advanced-usage.html#tls-warnings
  warnings.warn(
/home/comparendos/venv/lib/python3.12/site-packages/urllib3/connectionpool.py:1097: InsecureRequestWarning: Unverified HTTPS request is being made to host 'serviciosdigitales.movilidadavanzadabello.com.co'. Adding certificate verification is strongly advised. See: https://urllib3.readthedocs.io/en/latest/advanced-usage.html#tls-warnings
  warnings.warn(
/home/comparendos/venv/lib/python3.12/site-packages/urllib3/connectionpool.py:1097: InsecureRequestWarning: Unverified HTTPS request is being made to host 'serviciosdigitales.movilidadavanzadabello.com.co'. Adding certificate verification is strongly advised. See: https://urllib3.readthedocs.io/en/latest/advanced-usage.html#tls-warnings
  warnings.warn(
/home/comparendos/venv/lib/python3.12/site-packages/urllib3/connectionpool.py:1097: InsecureRequestWarning: Unverified HTTPS request is being made to host 'serviciosdigitales.movilidadavanzadabello.com.co'. Adding certificate verification is strongly advised. See: https://urllib3.readthedocs.io/en/latest/advanced-usage.html#tls-warnings
  warnings.warn(
/home/comparendos/venv/lib/python3.12/site-packages/urllib3/connectionpool.py:1097: InsecureRequestWarning: Unverified HTTPS request is being made to host 'serviciosdigitales.movilidadavanzadabello.com.co'. Adding certificate verification is strongly advised. See: https://urllib3.readthedocs.io/en/latest/advanced-usage.html#tls-warnings
  warnings.warn(
/home/comparendos/venv/lib/python3.12/site-packages/urllib3/connectionpool.py:1097: InsecureRequestWarning: Unverified HTTPS request is being made to host 'serviciosdigitales.movilidadavanzadabello.com.co'. Adding certificate verification is strongly advised. See: https://urllib3.readthedocs.io/en/latest/advanced-usage.html#tls-warnings
  warnings.warn(
/home/comparendos/venv/lib/python3.12/site-packages/urllib3/connectionpool.py:1097: InsecureRequestWarning: Unverified HTTPS request is being made to host 'serviciosdigitales.movilidadavanzadabello.com.co'. Adding certificate verification is strongly advised. See: https://urllib3.readthedocs.io/en/latest/advanced-usage.html#tls-warnings
  warnings.warn(
/home/comparendos/venv/lib/python3.12/site-packages/urllib3/connectionpool.py:1097: InsecureRequestWarning: Unverified HTTPS request is being made to host 'serviciosdigitales.movilidadavanzadabello.com.co'. Adding certificate verification is strongly advised. See: https://urllib3.readthedocs.io/en/latest/advanced-usage.html#tls-warnings
  warnings.warn(
/home/comparendos/venv/lib/python3.12/site-packages/urllib3/connectionpool.py:1097: InsecureRequestWarning: Unverified HTTPS request is being made to host 'serviciosdigitales.movilidadavanzadabello.com.co'. Adding certificate verification is strongly advised. See: https://urllib3.readthedocs.io/en/latest/advanced-usage.html#tls-warnings
  warnings.warn(
/home/comparendos/venv/lib/python3.12/site-packages/urllib3/connectionpool.py:1097: InsecureRequestWarning: Unverified HTTPS request is being made to host 'serviciosdigitales.movilidadavanzadabello.com.co'. Adding certificate verification is strongly advised. See: https://urllib3.readthedocs.io/en/latest/advanced-usage.html#tls-warnings
  warnings.warn(
/home/comparendos/venv/lib/python3.12/site-packages/urllib3/connectionpool.py:1097: InsecureRequestWarning: Unverified HTTPS request is being made to host 'serviciosdigitales.movilidadavanzadabello.com.co'. Adding certificate verification is strongly advised. See: https://urllib3.readthedocs.io/en/latest/advanced-usage.html#tls-warnings
  warnings.warn(
/home/comparendos/venv/lib/python3.12/site-packages/urllib3/connectionpool.py:1097: InsecureRequestWarning: Unverified HTTPS request is being made to host 'serviciosdigitales.movilidadavanzadabello.com.co'. Adding certificate verification is strongly advised. See: https://urllib3.readthedocs.io/en/latest/advanced-usage.html#tls-warnings
  warnings.warn(
/home/comparendos/venv/lib/python3.12/site-packages/urllib3/connectionpool.py:1097: InsecureRequestWarning: Unverified HTTPS request is being made to host 'serviciosdigitales.movilidadavanzadabello.com.co'. Adding certificate verification is strongly advised. See: https://urllib3.readthedocs.io/en/latest/advanced-usage.html#tls-warnings
  warnings.warn(
/home/comparendos/venv/lib/python3.12/site-packages/urllib3/connectionpool.py:1097: InsecureRequestWarning: Unverified HTTPS request is being made to host 'serviciosdigitales.movilidadavanzadabello.com.co'. Adding certificate verification is strongly advised. See: https://urllib3.readthedocs.io/en/latest/advanced-usage.html#tls-warnings
  warnings.warn(
/home/comparendos/venv/lib/python3.12/site-packages/urllib3/connectionpool.py:1097: InsecureRequestWarning: Unverified HTTPS request is being made to host 'serviciosdigitales.movilidadavanzadabello.com.co'. Adding certificate verification is strongly advised. See: https://urllib3.readthedocs.io/en/latest/advanced-usage.html#tls-warnings
  warnings.warn(
/home/comparendos/venv/lib/python3.12/site-packages/urllib3/connectionpool.py:1097: InsecureRequestWarning: Unverified HTTPS request is being made to host 'serviciosdigitales.movilidadavanzadabello.com.co'. Adding certificate verification is strongly advised. See: https://urllib3.readthedocs.io/en/latest/advanced-usage.html#tls-warnings
  warnings.warn(
/home/comparendos/venv/lib/python3.12/site-packages/urllib3/connectionpool.py:1097: InsecureRequestWarning: Unverified HTTPS request is being made to host 'serviciosdigitales.movilidadavanzadabello.com.co'. Adding certificate verification is strongly advised. See: https://urllib3.readthedocs.io/en/latest/advanced-usage.html#tls-warnings
  warnings.warn(
/home/comparendos/venv/lib/python3.12/site-packages/urllib3/connectionpool.py:1097: InsecureRequestWarning: Unverified HTTPS request is being made to host 'serviciosdigitales.movilidadavanzadabello.com.co'. Adding certificate verification is strongly advised. See: https://urllib3.readthedocs.io/en/latest/advanced-usage.html#tls-warnings
  warnings.warn(
/home/comparendos/venv/lib/python3.12/site-packages/urllib3/connectionpool.py:1097: InsecureRequestWarning: Unverified HTTPS request is being made to host 'serviciosdigitales.movilidadavanzadabello.com.co'. Adding certificate verification is strongly advised. See: https://urllib3.readthedocs.io/en/latest/advanced-usage.html#tls-warnings
  warnings.warn(
/home/comparendos/venv/lib/python3.12/site-packages/urllib3/connectionpool.py:1097: InsecureRequestWarning: Unverified HTTPS request is being made to host 'serviciosdigitales.movilidadavanzadabello.com.co'. Adding certificate verification is strongly advised. See: https://urllib3.readthedocs.io/en/latest/advanced-usage.html#tls-warnings
  warnings.warn(
/home/comparendos/venv/lib/python3.12/site-packages/urllib3/connectionpool.py:1097: InsecureRequestWarning: Unverified HTTPS request is being made to host 'serviciosdigitales.movilidadavanzadabello.com.co'. Adding certificate verification is strongly advised. See: https://urllib3.readthedocs.io/en/latest/advanced-usage.html#tls-warnings
  warnings.warn(
/home/comparendos/venv/lib/python3.12/site-packages/urllib3/connectionpool.py:1097: InsecureRequestWarning: Unverified HTTPS request is being made to host 'serviciosdigitales.movilidadavanzadabello.com.co'. Adding certificate verification is strongly advised. See: https://urllib3.readthedocs.io/en/latest/advanced-usage.html#tls-warnings
  warnings.warn(
/home/comparendos/venv/lib/python3.12/site-packages/urllib3/connectionpool.py:1097: InsecureRequestWarning: Unverified HTTPS request is being made to host 'serviciosdigitales.movilidadavanzadabello.com.co'. Adding certificate verification is strongly advised. See: https://urllib3.readthedocs.io/en/latest/advanced-usage.html#tls-warnings
  warnings.warn(
/home/comparendos/venv/lib/python3.12/site-packages/urllib3/connectionpool.py:1097: InsecureRequestWarning: Unverified HTTPS request is being made to host 'serviciosdigitales.movilidadavanzadabello.com.co'. Adding certificate verification is strongly advised. See: https://urllib3.readthedocs.io/en/latest/advanced-usage.html#tls-warnings
  warnings.warn(
/home/comparendos/venv/lib/python3.12/site-packages/urllib3/connectionpool.py:1097: InsecureRequestWarning: Unverified HTTPS request is being made to host 'serviciosdigitales.movilidadavanzadabello.com.co'. Adding certificate verification is strongly advised. See: https://urllib3.readthedocs.io/en/latest/advanced-usage.html#tls-warnings
  warnings.warn(
/home/comparendos/venv/lib/python3.12/site-packages/urllib3/connectionpool.py:1097: InsecureRequestWarning: Unverified HTTPS request is being made to host 'serviciosdigitales.movilidadavanzadabello.com.co'. Adding certificate verification is strongly advised. See: https://urllib3.readthedocs.io/en/latest/advanced-usage.html#tls-warnings
  warnings.warn(
/home/comparendos/venv/lib/python3.12/site-packages/urllib3/connectionpool.py:1097: InsecureRequestWarning: Unverified HTTPS request is being made to host 'serviciosdigitales.movilidadavanzadabello.com.co'. Adding certificate verification is strongly advised. See: https://urllib3.readthedocs.io/en/latest/advanced-usage.html#tls-warnings
  warnings.warn(
/home/comparendos/venv/lib/python3.12/site-packages/urllib3/connectionpool.py:1097: InsecureRequestWarning: Unverified HTTPS request is being made to host 'serviciosdigitales.movilidadavanzadabello.com.co'. Adding certificate verification is strongly advised. See: https://urllib3.readthedocs.io/en/latest/advanced-usage.html#tls-warnings
  warnings.warn(
/home/comparendos/venv/lib/python3.12/site-packages/urllib3/connectionpool.py:1097: InsecureRequestWarning: Unverified HTTPS request is being made to host 'serviciosdigitales.movilidadavanzadabello.com.co'. Adding certificate verification is strongly advised. See: https://urllib3.readthedocs.io/en/latest/advanced-usage.html#tls-warnings
  warnings.warn(
/home/comparendos/venv/lib/python3.12/site-packages/urllib3/connectionpool.py:1097: InsecureRequestWarning: Unverified HTTPS request is being made to host 'serviciosdigitales.movilidadavanzadabello.com.co'. Adding certificate verification is strongly advised. See: https://urllib3.readthedocs.io/en/latest/advanced-usage.html#tls-warnings
  warnings.warn(
/home/comparendos/venv/lib/python3.12/site-packages/urllib3/connectionpool.py:1097: InsecureRequestWarning: Unverified HTTPS request is being made to host 'serviciosdigitales.movilidadavanzadabello.com.co'. Adding certificate verification is strongly advised. See: https://urllib3.readthedocs.io/en/latest/advanced-usage.html#tls-warnings
  warnings.warn(
/home/comparendos/venv/lib/python3.12/site-packages/urllib3/connectionpool.py:1097: InsecureRequestWarning: Unverified HTTPS request is being made to host 'serviciosdigitales.movilidadavanzadabello.com.co'. Adding certificate verification is strongly advised. See: https://urllib3.readthedocs.io/en/latest/advanced-usage.html#tls-warnings
  warnings.warn(
/home/comparendos/venv/lib/python3.12/site-packages/urllib3/connectionpool.py:1097: InsecureRequestWarning: Unverified HTTPS request is being made to host 'serviciosdigitales.movilidadavanzadabello.com.co'. Adding certificate verification is strongly advised. See: https://urllib3.readthedocs.io/en/latest/advanced-usage.html#tls-warnings
  warnings.warn(
/home/comparendos/venv/lib/python3.12/site-packages/urllib3/connectionpool.py:1097: InsecureRequestWarning: Unverified HTTPS request is being made to host 'serviciosdigitales.movilidadavanzadabello.com.co'. Adding certificate verification is strongly advised. See: https://urllib3.readthedocs.io/en/latest/advanced-usage.html#tls-warnings
  warnings.warn(
/home/comparendos/venv/lib/python3.12/site-packages/urllib3/connectionpool.py:1097: InsecureRequestWarning: Unverified HTTPS request is being made to host 'serviciosdigitales.movilidadavanzadabello.com.co'. Adding certificate verification is strongly advised. See: https://urllib3.readthedocs.io/en/latest/advanced-usage.html#tls-warnings
  warnings.warn(
/home/comparendos/venv/lib/python3.12/site-packages/urllib3/connectionpool.py:1097: InsecureRequestWarning: Unverified HTTPS request is being made to host 'serviciosdigitales.movilidadavanzadabello.com.co'. Adding certificate verification is strongly advised. See: https://urllib3.readthedocs.io/en/latest/advanced-usage.html#tls-warnings
  warnings.warn(
/home/comparendos/venv/lib/python3.12/site-packages/urllib3/connectionpool.py:1097: InsecureRequestWarning: Unverified HTTPS request is being made to host 'serviciosdigitales.movilidadavanzadabello.com.co'. Adding certificate verification is strongly advised. See: https://urllib3.readthedocs.io/en/latest/advanced-usage.html#tls-warnings
  warnings.warn(
/home/comparendos/venv/lib/python3.12/site-packages/urllib3/connectionpool.py:1097: InsecureRequestWarning: Unverified HTTPS request is being made to host 'serviciosdigitales.movilidadavanzadabello.com.co'. Adding certificate verification is strongly advised. See: https://urllib3.readthedocs.io/en/latest/advanced-usage.html#tls-warnings
  warnings.warn(
/home/comparendos/venv/lib/python3.12/site-packages/urllib3/connectionpool.py:1097: InsecureRequestWarning: Unverified HTTPS request is being made to host 'serviciosdigitales.movilidadavanzadabello.com.co'. Adding certificate verification is strongly advised. See: https://urllib3.readthedocs.io/en/latest/advanced-usage.html#tls-warnings
  warnings.warn(
/home/comparendos/venv/lib/python3.12/site-packages/urllib3/connectionpool.py:1097: InsecureRequestWarning: Unverified HTTPS request is being made to host 'serviciosdigitales.movilidadavanzadabello.com.co'. Adding certificate verification is strongly advised. See: https://urllib3.readthedocs.io/en/latest/advanced-usage.html#tls-warnings
  warnings.warn(
/home/comparendos/venv/lib/python3.12/site-packages/urllib3/connectionpool.py:1097: InsecureRequestWarning: Unverified HTTPS request is being made to host 'serviciosdigitales.movilidadavanzadabello.com.co'. Adding certificate verification is strongly advised. See: https://urllib3.readthedocs.io/en/latest/advanced-usage.html#tls-warnings
  warnings.warn(
/home/comparendos/venv/lib/python3.12/site-packages/urllib3/connectionpool.py:1097: InsecureRequestWarning: Unverified HTTPS request is being made to host 'serviciosdigitales.movilidadavanzadabello.com.co'. Adding certificate verification is strongly advised. See: https://urllib3.readthedocs.io/en/latest/advanced-usage.html#tls-warnings
  warnings.warn(
/home/comparendos/venv/lib/python3.12/site-packages/urllib3/connectionpool.py:1097: InsecureRequestWarning: Unverified HTTPS request is being made to host 'serviciosdigitales.movilidadavanzadabello.com.co'. Adding certificate verification is strongly advised. See: https://urllib3.readthedocs.io/en/latest/advanced-usage.html#tls-warnings
  warnings.warn(
/home/comparendos/venv/lib/python3.12/site-packages/urllib3/connectionpool.py:1097: InsecureRequestWarning: Unverified HTTPS request is being made to host 'serviciosdigitales.movilidadavanzadabello.com.co'. Adding certificate verification is strongly advised. See: https://urllib3.readthedocs.io/en/latest/advanced-usage.html#tls-warnings
  warnings.warn(
/home/comparendos/venv/lib/python3.12/site-packages/urllib3/connectionpool.py:1097: InsecureRequestWarning: Unverified HTTPS request is being made to host 'serviciosdigitales.movilidadavanzadabello.com.co'. Adding certificate verification is strongly advised. See: https://urllib3.readthedocs.io/en/latest/advanced-usage.html#tls-warnings
  warnings.warn(
/home/comparendos/venv/lib/python3.12/site-packages/urllib3/connectionpool.py:1097: InsecureRequestWarning: Unverified HTTPS request is being made to host 'serviciosdigitales.movilidadavanzadabello.com.co'. Adding certificate verification is strongly advised. See: https://urllib3.readthedocs.io/en/latest/advanced-usage.html#tls-warnings
  warnings.warn(
/home/comparendos/venv/lib/python3.12/site-packages/urllib3/connectionpool.py:1097: InsecureRequestWarning: Unverified HTTPS request is being made to host 'serviciosdigitales.movilidadavanzadabello.com.co'. Adding certificate verification is strongly advised. See: https://urllib3.readthedocs.io/en/latest/advanced-usage.html#tls-warnings
  warnings.warn(
/home/comparendos/venv/lib/python3.12/site-packages/urllib3/connectionpool.py:1097: InsecureRequestWarning: Unverified HTTPS request is being made to host 'serviciosdigitales.movilidadavanzadabello.com.co'. Adding certificate verification is strongly advised. See: https://urllib3.readthedocs.io/en/latest/advanced-usage.html#tls-warnings
  warnings.warn(
/home/comparendos/venv/lib/python3.12/site-packages/urllib3/connectionpool.py:1097: InsecureRequestWarning: Unverified HTTPS request is being made to host 'serviciosdigitales.movilidadavanzadabello.com.co'. Adding certificate verification is strongly advised. See: https://urllib3.readthedocs.io/en/latest/advanced-usage.html#tls-warnings
  warnings.warn(
/home/comparendos/venv/lib/python3.12/site-packages/urllib3/connectionpool.py:1097: InsecureRequestWarning: Unverified HTTPS request is being made to host 'serviciosdigitales.movilidadavanzadabello.com.co'. Adding certificate verification is strongly advised. See: https://urllib3.readthedocs.io/en/latest/advanced-usage.html#tls-warnings
  warnings.warn(

[2026-07-10 08:57:28] Enviando 18 templates.
[2026-07-10 08:57:28] Respuesta del envío: True - 
[2026-07-10 09:11:18] Enviando 2 templates para el bloque (process_template_id: uGh5dkvzpAGt)
Payload para el envío uGh5dkvzpAGt:
{
  "users": [
    {
      "phone": "+573108356881",
      "parameters": [
        {
          "order": 0,
          "parameter": "MEDELLIN"
        },
        {
          "order": 1,
          "parameter": "2026-01-26"
        },
        {
          "order": 2,
          "parameter": "INP797"
        },
        {
          "order": 3,
          "parameter": "C35"
        },
        {
          "order": 4,
          "parameter": "No realizar la revisión técnico-mecánica en el plazo legal establecido o cuando el vehículo no se encuentre en adecuadas condiciones técnico-mecánicas o de emisiones contaminantes, aun cuando porte los certificados correspondientes, además el vehículo será inmovilizado."
        }
      ]
    },
    {
      "phone": "+573176613261",
      "parameters": [
        {
          "order": 0,
          "parameter": "MEDELLIN"
        },
        {
          "order": 1,
          "parameter": "2026-06-26"
        },
        {
          "order": 2,
          "parameter": "FXP454"
        },
        {
          "order": 3,
          "parameter": "C29"
        },
        {
          "order": 4,
          "parameter": "Conducir un vehículo a velocidad superior a la máxima permitida"
        }
      ]
    }
  ],
  "SaveInfo": false,
  "origin": "API",
  "templateName": "notificacion_comparendos",
  "language": "ES",
  "sender": "School Center",
  "ParametersName": []
}
[2026-07-10 09:11:23] Enviando 2 templates.
[2026-07-10 09:11:23] Respuesta del envío: True - 
Error en consulta_info_home_public para MEDELLIN: ('Connection aborted.', RemoteDisconnected('Remote end closed connection without response'))
Error en MEDELLIN: 'NoneType' object has no attribute 'json'
[2026-07-10 09:29:12] Enviando 33 templates para el bloque (process_template_id: CQOq60xwxNlT)
Payload para el envío CQOq60xwxNlT:
{
  "users": [
    {
      "phone": "+573006664227",
      "parameters": [
        {
          "order": 0,
          "parameter": "MEDELLIN"
        },
        {
          "order": 1,
          "parameter": "2026-06-06"
        },
        {
          "order": 2,
          "parameter": "NPL948"
        },
        {
          "order": 3,
          "parameter": "C29"
        },
        {
          "order": 4,
          "parameter": "Conducir un vehículo a velocidad superior a la máxima permitida"
        }
      ]
    },
    {
      "phone": "+573136959212",
      "parameters": [
        {
          "order": 0,
          "parameter": "MEDELLIN"
        },
        {
          "order": 1,
          "parameter": "2026-01-26"
        },
        {
          "order": 2,
          "parameter": "LYD63B"
        },
        {
          "order": 3,
          "parameter": "C14"
        },
        {
          "order": 4,
          "parameter": "Transitar por sitios restringidos o en horas prohibidas por la autoridad competente. Además, el vehículo será inmovilizado"
        }
      ]
    },
    {
      "phone": "+573136959212",
      "parameters": [
        {
          "order": 0,
          "parameter": "MEDELLIN"
        },
        {
          "order": 1,
          "parameter": "2025-10-05"
        },
        {
          "order": 2,
          "parameter": "LYD63B"
        },
        {
          "order": 3,
          "parameter": "C29"
        },
        {
          "order": 4,
          "parameter": "Conducir un vehículo a velocidad superior a la máxima permitida"
        }
      ]
    },
    {
      "phone": "+573136959212",
      "parameters": [
        {
          "order": 0,
          "parameter": "MEDELLIN"
        },
        {
          "order": 1,
          "parameter": "2026-02-11"
        },
        {
          "order": 2,
          "parameter": "LYD63B"
        },
        {
          "order": 3,
          "parameter": "C14"
        },
        {
          "order": 4,
          "parameter": "Transitar por sitios restringidos o en horas prohibidas por la autoridad competente. Además, el vehículo será inmovilizado"
        }
      ]
    },
    {
      "phone": "+573136959212",
      "parameters": [
        {
          "order": 0,
          "parameter": "MEDELLIN"
        },
        {
          "order": 1,
          "parameter": "2026-03-04"
        },
        {
          "order": 2,
          "parameter": "LYD63B"
        },
        {
          "order": 3,
          "parameter": "C14"
        },
        {
          "order": 4,
          "parameter": "Transitar por sitios restringidos o en horas prohibidas por la autoridad competente. Además, el vehículo será inmovilizado"
        }
      ]
    },
    {
      "phone": "+573136959212",
      "parameters": [
        {
          "order": 0,
          "parameter": "MEDELLIN"
        },
        {
          "order": 1,
          "parameter": "2026-04-08"
        },
        {
          "order": 2,
          "parameter": "LYD63B"
        },
        {
          "order": 3,
          "parameter": "C14"
        },
        {
          "order": 4,
          "parameter": "Transitar por sitios restringidos o en horas prohibidas por la autoridad competente. Además, el vehículo será inmovilizado"
        }
      ]
    },
    {
      "phone": "+573136959212",
      "parameters": [
        {
          "order": 0,
          "parameter": "MEDELLIN"
        },
        {
          "order": 1,
          "parameter": "2026-02-25"
        },
        {
          "order": 2,
          "parameter": "LYD63B"
        },
        {
          "order": 3,
          "parameter": "C14"
        },
        {
          "order": 4,
          "parameter": "Transitar por sitios restringidos o en horas prohibidas por la autoridad competente. Además, el vehículo será inmovilizado"
        }
      ]
    },
    {
      "phone": "+573136959212",
      "parameters": [
        {
          "order": 0,
          "parameter": "MEDELLIN"
        },
        {
          "order": 1,
          "parameter": "2026-02-18"
        },
        {
          "order": 2,
          "parameter": "LYD63B"
        },
        {
          "order": 3,
          "parameter": "C14"
        },
        {
          "order": 4,
          "parameter": "Transitar por sitios restringidos o en horas prohibidas por la autoridad competente. Además, el vehículo será inmovilizado"
        }
      ]
    },
    {
      "phone": "+573136959212",
      "parameters": [
        {
          "order": 0,
          "parameter": "MEDELLIN"
        },
        {
          "order": 1,
          "parameter": "2026-04-15"
        },
        {
          "order": 2,
          "parameter": "LYD63B"
        },
        {
          "order": 3,
          "parameter": "C14"
        },
        {
          "order": 4,
          "parameter": "Transitar por sitios restringidos o en horas prohibidas por la autoridad competente. Además, el vehículo será inmovilizado"
        }
      ]
    },
    {
      "phone": "+573136959212",
      "parameters": [
        {
          "order": 0,
          "parameter": "MEDELLIN"
        },
        {
          "order": 1,
          "parameter": "2026-03-18"
        },
        {
          "order": 2,
          "parameter": "LYD63B"
        },
        {
          "order": 3,
          "parameter": "C14"
        },
        {
          "order": 4,
          "parameter": "Transitar por sitios restringidos o en horas prohibidas por la autoridad competente. Además, el vehículo será inmovilizado"
        }
      ]
    },
    {
      "phone": "+573136959212",
      "parameters": [
        {
          "order": 0,
          "parameter": "MEDELLIN"
        },
        {
          "order": 1,
          "parameter": "2026-04-22"
        },
        {
          "order": 2,
          "parameter": "LYD63B"
        },
        {
          "order": 3,
          "parameter": "C14"
        },
        {
          "order": 4,
          "parameter": "Transitar por sitios restringidos o en horas prohibidas por la autoridad competente. Además, el vehículo será inmovilizado"
        }
      ]
    },
    {
      "phone": "+573147937706",
      "parameters": [
        {
          "order": 0,
          "parameter": "ITAGUI"
        },
        {
          "order": 1,
          "parameter": "2026-04-27"
        },
        {
          "order": 2,
          "parameter": "GVQ551"
        },
        {
          "order": 3,
          "parameter": "D02"
        },
        {
          "order": 4,
          "parameter": "Conducir sin portar el Seguro Obligatorio de Accidentes de tránsito ordenado por la ley. Además, el vehículo será inmovilizado"
        }
      ]
    },
    {
      "phone": "+573147937706",
      "parameters": [
        {
          "order": 0,
          "parameter": "ITAGUI"
        },
        {
          "order": 1,
          "parameter": "2026-05-15"
        },
        {
          "order": 2,
          "parameter": "GVQ551"
        },
        {
          "order": 3,
          "parameter": "D02"
        },
        {
          "order": 4,
          "parameter": "Conducir sin portar el Seguro Obligatorio de Accidentes de tránsito ordenado por la ley. Además, el vehículo será inmovilizado"
        }
      ]
    },
    {
      "phone": "+573147937706",
      "parameters": [
        {
          "order": 0,
          "parameter": "ITAGUI"
        },
        {
          "order": 1,
          "parameter": "2026-06-02"
        },
        {
          "order": 2,
          "parameter": "GVQ551"
        },
        {
          "order": 3,
          "parameter": "D02"
        },
        {
          "order": 4,
          "parameter": "Conducir sin portar el Seguro Obligatorio de Accidentes de tránsito ordenado por la ley. Además, el vehículo será inmovilizado"
        }
      ]
    },
    {
      "phone": "+573147937706",
      "parameters": [
        {
          "order": 0,
          "parameter": "MEDELLIN"
        },
        {
          "order": 1,
          "parameter": "2025-12-02"
        },
        {
          "order": 2,
          "parameter": "GVQ551"
        },
        {
          "order": 3,
          "parameter": "C35"
        },
        {
          "order": 4,
          "parameter": "No realizar la revisión técnico-mecánica en el plazo legal establecido o cuando el vehículo no se encuentre en adecuadas condiciones técnico-mecánicas o de emisiones contaminantes, aun cuando porte los certificados correspondientes, además el vehículo será inmovilizado."
        }
      ]
    },
    {
      "phone": "+573147937706",
      "parameters": [
        {
          "order": 0,
          "parameter": "MEDELLIN"
        },
        {
          "order": 1,
          "parameter": "2025-09-17"
        },
        {
          "order": 2,
          "parameter": "FGP156"
        },
        {
          "order": 3,
          "parameter": "C35"
        },
        {
          "order": 4,
          "parameter": "No realizar la revisión técnico-mecánica en el plazo legal establecido o cuando el vehículo no se encuentre en adecuadas condiciones técnico-mecánicas o de emisiones contaminantes, aun cuando porte los certificados correspondientes, además el vehículo será inmovilizado."
        }
      ]
    },
    {
      "phone": "+573147937706",
      "parameters": [
        {
          "order": 0,
          "parameter": "MEDELLIN"
        },
        {
          "order": 1,
          "parameter": "2026-06-12"
        },
        {
          "order": 2,
          "parameter": "GVQ551"
        },
        {
          "order": 3,
          "parameter": "D02"
        },
        {
          "order": 4,
          "parameter": "Conducir sin portar los seguros ordenados por la ley. Además, el vehículo será inmovilizado"
        }
      ]
    },
    {
      "phone": "+573147937706",
      "parameters": [
        {
          "order": 0,
          "parameter": "MEDELLIN"
        },
        {
          "order": 1,
          "parameter": "2026-04-16"
        },
        {
          "order": 2,
          "parameter": "FGP156"
        },
        {
          "order": 3,
          "parameter": "D02"
        },
        {
          "order": 4,
          "parameter": "Conducir sin portar los seguros ordenados por la ley. Además, el vehículo será inmovilizado"
        }
      ]
    },
    {
      "phone": "+573147937706",
      "parameters": [
        {
          "order": 0,
          "parameter": "MEDELLIN"
        },
        {
          "order": 1,
          "parameter": "2026-05-18"
        },
        {
          "order": 2,
          "parameter": "GVQ551"
        },
        {
          "order": 3,
          "parameter": "D02"
        },
        {
          "order": 4,
          "parameter": "Conducir sin portar los seguros ordenados por la ley. Además, el vehículo será inmovilizado"
        }
      ]
    },
    {
      "phone": "+573147937706",
      "parameters": [
        {
          "order": 0,
          "parameter": "MEDELLIN"
        },
        {
          "order": 1,
          "parameter": "2026-04-29"
        },
        {
          "order": 2,
          "parameter": "GVQ551"
        },
        {
          "order": 3,
          "parameter": "D02"
        },
        {
          "order": 4,
          "parameter": "Conducir sin portar los seguros ordenados por la ley. Además, el vehículo será inmovilizado"
        }
      ]
    },
    {
      "phone": "+573147937706",
      "parameters": [
        {
          "order": 0,
          "parameter": "MEDELLIN"
        },
        {
          "order": 1,
          "parameter": "2026-04-16"
        },
        {
          "order": 2,
          "parameter": "GVQ551"
        },
        {
          "order": 3,
          "parameter": "D02"
        },
        {
          "order": 4,
          "parameter": "Conducir sin portar los seguros ordenados por la ley. Además, el vehículo será inmovilizado"
        }
      ]
    },
    {
      "phone": "+573147937706",
      "parameters": [
        {
          "order": 0,
          "parameter": "MEDELLIN"
        },
        {
          "order": 1,
          "parameter": "2026-03-27"
        },
        {
          "order": 2,
          "parameter": "FGP156"
        },
        {
          "order": 3,
          "parameter": "D02"
        },
        {
          "order": 4,
          "parameter": "Conducir sin portar los seguros ordenados por la ley. Además, el vehículo será inmovilizado"
        }
      ]
    },
    {
      "phone": "+573147937706",
      "parameters": [
        {
          "order": 0,
          "parameter": "MEDELLIN"
        },
        {
          "order": 1,
          "parameter": "2026-05-29"
        },
        {
          "order": 2,
          "parameter": "GVQ551"
        },
        {
          "order": 3,
          "parameter": "D02"
        },
        {
          "order": 4,
          "parameter": "Conducir sin portar los seguros ordenados por la ley. Además, el vehículo será inmovilizado"
        }
      ]
    },
    {
      "phone": "+573147937706",
      "parameters": [
        {
          "order": 0,
          "parameter": "SABANETA"
        },
        {
          "order": 1,
          "parameter": "2026-05-15"
        },
        {
          "order": 2,
          "parameter": "GVQ551"
        },
        {
          "order": 3,
          "parameter": "D02"
        },
        {
          "order": 4,
          "parameter": "Conducir sin portar el Seguro Obligatorio de Accidentes de tránsito ordenado por la ley. Además, el vehículo será inmovilizado"
        }
      ]
    },
    {
      "phone": "+573147937706",
      "parameters": [
        {
          "order": 0,
          "parameter": "RIONEGRO"
        },
        {
          "order": 1,
          "parameter": "2026-06-25"
        },
        {
          "order": 2,
          "parameter": "GVQ551"
        },
        {
          "order": 3,
          "parameter": "D02"
        },
        {
          "order": 4,
          "parameter": "Conducir sin portar el Seguro Obligatorio de Accidentes de tránsito ordenado por la ley. Además, el vehículo será inmovilizado"
        }
      ]
    },
    {
      "phone": "+573147937706",
      "parameters": [
        {
          "order": 0,
          "parameter": "RIONEGRO"
        },
        {
          "order": 1,
          "parameter": "2026-04-29"
        },
        {
          "order": 2,
          "parameter": "GVQ551"
        },
        {
          "order": 3,
          "parameter": "D02"
        },
        {
          "order": 4,
          "parameter": "Conducir sin portar el Seguro Obligatorio de Accidentes de tránsito ordenado por la ley. Además, el vehículo será inmovilizado"
        }
      ]
    },
    {
      "phone": "+573147937706",
      "parameters": [
        {
          "order": 0,
          "parameter": "RIONEGRO"
        },
        {
          "order": 1,
          "parameter": "2026-05-26"
        },
        {
          "order": 2,
          "parameter": "GVQ551"
        },
        {
          "order": 3,
          "parameter": "D02"
        },
        {
          "order": 4,
          "parameter": "Conducir sin portar el Seguro Obligatorio de Accidentes de tránsito ordenado por la ley. Además, el vehículo será inmovilizado"
        }
      ]
    },
    {
      "phone": "+573147937706",
      "parameters": [
        {
          "order": 0,
          "parameter": "RIONEGRO"
        },
        {
          "order": 1,
          "parameter": "2026-04-20"
        },
        {
          "order": 2,
          "parameter": "GVQ551"
        },
        {
          "order": 3,
          "parameter": "D02"
        },
        {
          "order": 4,
          "parameter": "Conducir sin portar el Seguro Obligatorio de Accidentes de tránsito ordenado por la ley. Además, el vehículo será inmovilizado"
        }
      ]
    },
    {
      "phone": "+573005265104",
      "parameters": [
        {
          "order": 0,
          "parameter": "MEDELLIN"
        },
        {
          "order": 1,
          "parameter": "2026-07-03"
        },
        {
          "order": 2,
          "parameter": "JYU255"
        },
        {
          "order": 3,
          "parameter": "C35"
        },
        {
          "order": 4,
          "parameter": "No realizar la revisión técnico-mecánica en el plazo legal establecido o cuando el vehículo no se encuentre en adecuadas condiciones técnico-mecánicas o de emisiones contaminantes, aun cuando porte los certificados correspondientes, además el vehículo será inmovilizado."
        }
      ]
    },
    {
      "phone": "+573160413830",
      "parameters": [
        {
          "order": 0,
          "parameter": "MEDELLIN"
        },
        {
          "order": 1,
          "parameter": "2026-05-13"
        },
        {
          "order": 2,
          "parameter": "IHR534"
        },
        {
          "order": 3,
          "parameter": "C14"
        },
        {
          "order": 4,
          "parameter": "Transitar por sitios restringidos o en horas prohibidas por la autoridad competente. Además, el vehículo será inmovilizado"
        }
      ]
    },
    {
      "phone": "+573133471591",
      "parameters": [
        {
          "order": 0,
          "parameter": "BELLO"
        },
        {
          "order": 1,
          "parameter": "2026-06-22"
        },
        {
          "order": 2,
          "parameter": "MJL631"
        },
        {
          "order": 3,
          "parameter": "C14"
        },
        {
          "order": 4,
          "parameter": "Transitar por los siguientes sitios restringidos o en horas prohibidas por la autoridad competente.  Además, el vehículo será inmovilizado"
        }
      ]
    },
    {
      "phone": "+573173786973",
      "parameters": [
        {
          "order": 0,
          "parameter": "MEDELLIN"
        },
        {
          "order": 1,
          "parameter": "2026-01-25"
        },
        {
          "order": 2,
          "parameter": "DLX684"
        },
        {
          "order": 3,
          "parameter": "C29"
        },
        {
          "order": 4,
          "parameter": "Conducir un vehículo a velocidad superior a la máxima permitida"
        }
      ]
    },
    {
      "phone": "+573173786973",
      "parameters": [
        {
          "order": 0,
          "parameter": "MEDELLIN"
        },
        {
          "order": 1,
          "parameter": "2026-06-29"
        },
        {
          "order": 2,
          "parameter": "DLX684"
        },
        {
          "order": 3,
          "parameter": "C29"
        },
        {
          "order": 4,
          "parameter": "Conducir un vehículo a velocidad superior a la máxima permitida"
        }
      ]
    }
  ],
  "SaveInfo": false,
  "origin": "API",
  "templateName": "notificacion_comparendos",
  "language": "ES",
  "sender": "School Center",
  "ParametersName": []
}/home/comparendos/venv/lib/python3.12/site-packages/urllib3/connectionpool.py:1097: InsecureRequestWarning: Unverified HTTPS request is being made to host 'serviciosdigitales.movilidadavanzadabello.com.co'. Adding certificate verification is strongly advised. See: https://urllib3.readthedocs.io/en/latest/advanced-usage.html#tls-warnings
  warnings.warn(
/home/comparendos/venv/lib/python3.12/site-packages/urllib3/connectionpool.py:1097: InsecureRequestWarning: Unverified HTTPS request is being made to host 'serviciosdigitales.movilidadavanzadabello.com.co'. Adding certificate verification is strongly advised. See: https://urllib3.readthedocs.io/en/latest/advanced-usage.html#tls-warnings
  warnings.warn(
/home/comparendos/venv/lib/python3.12/site-packages/urllib3/connectionpool.py:1097: InsecureRequestWarning: Unverified HTTPS request is being made to host 'serviciosdigitales.movilidadavanzadabello.com.co'. Adding certificate verification is strongly advised. See: https://urllib3.readthedocs.io/en/latest/advanced-usage.html#tls-warnings
  warnings.warn(
/home/comparendos/venv/lib/python3.12/site-packages/urllib3/connectionpool.py:1097: InsecureRequestWarning: Unverified HTTPS request is being made to host 'serviciosdigitales.movilidadavanzadabello.com.co'. Adding certificate verification is strongly advised. See: https://urllib3.readthedocs.io/en/latest/advanced-usage.html#tls-warnings
  warnings.warn(
/home/comparendos/venv/lib/python3.12/site-packages/urllib3/connectionpool.py:1097: InsecureRequestWarning: Unverified HTTPS request is being made to host 'serviciosdigitales.movilidadavanzadabello.com.co'. Adding certificate verification is strongly advised. See: https://urllib3.readthedocs.io/en/latest/advanced-usage.html#tls-warnings
  warnings.warn(
/home/comparendos/venv/lib/python3.12/site-packages/urllib3/connectionpool.py:1097: InsecureRequestWarning: Unverified HTTPS request is being made to host 'serviciosdigitales.movilidadavanzadabello.com.co'. Adding certificate verification is strongly advised. See: https://urllib3.readthedocs.io/en/latest/advanced-usage.html#tls-warnings
  warnings.warn(
/home/comparendos/venv/lib/python3.12/site-packages/urllib3/connectionpool.py:1097: InsecureRequestWarning: Unverified HTTPS request is being made to host 'serviciosdigitales.movilidadavanzadabello.com.co'. Adding certificate verification is strongly advised. See: https://urllib3.readthedocs.io/en/latest/advanced-usage.html#tls-warnings
  warnings.warn(
/home/comparendos/venv/lib/python3.12/site-packages/urllib3/connectionpool.py:1097: InsecureRequestWarning: Unverified HTTPS request is being made to host 'serviciosdigitales.movilidadavanzadabello.com.co'. Adding certificate verification is strongly advised. See: https://urllib3.readthedocs.io/en/latest/advanced-usage.html#tls-warnings
  warnings.warn(
/home/comparendos/venv/lib/python3.12/site-packages/urllib3/connectionpool.py:1097: InsecureRequestWarning: Unverified HTTPS request is being made to host 'serviciosdigitales.movilidadavanzadabello.com.co'. Adding certificate verification is strongly advised. See: https://urllib3.readthedocs.io/en/latest/advanced-usage.html#tls-warnings
  warnings.warn(
/home/comparendos/venv/lib/python3.12/site-packages/urllib3/connectionpool.py:1097: InsecureRequestWarning: Unverified HTTPS request is being made to host 'serviciosdigitales.movilidadavanzadabello.com.co'. Adding certificate verification is strongly advised. See: https://urllib3.readthedocs.io/en/latest/advanced-usage.html#tls-warnings
  warnings.warn(
/home/comparendos/venv/lib/python3.12/site-packages/urllib3/connectionpool.py:1097: InsecureRequestWarning: Unverified HTTPS request is being made to host 'serviciosdigitales.movilidadavanzadabello.com.co'. Adding certificate verification is strongly advised. See: https://urllib3.readthedocs.io/en/latest/advanced-usage.html#tls-warnings
  warnings.warn(
/home/comparendos/venv/lib/python3.12/site-packages/urllib3/connectionpool.py:1097: InsecureRequestWarning: Unverified HTTPS request is being made to host 'serviciosdigitales.movilidadavanzadabello.com.co'. Adding certificate verification is strongly advised. See: https://urllib3.readthedocs.io/en/latest/advanced-usage.html#tls-warnings
  warnings.warn(
/home/comparendos/venv/lib/python3.12/site-packages/urllib3/connectionpool.py:1097: InsecureRequestWarning: Unverified HTTPS request is being made to host 'serviciosdigitales.movilidadavanzadabello.com.co'. Adding certificate verification is strongly advised. See: https://urllib3.readthedocs.io/en/latest/advanced-usage.html#tls-warnings
  warnings.warn(
/home/comparendos/venv/lib/python3.12/site-packages/urllib3/connectionpool.py:1097: InsecureRequestWarning: Unverified HTTPS request is being made to host 'serviciosdigitales.movilidadavanzadabello.com.co'. Adding certificate verification is strongly advised. See: https://urllib3.readthedocs.io/en/latest/advanced-usage.html#tls-warnings
  warnings.warn(
/home/comparendos/venv/lib/python3.12/site-packages/urllib3/connectionpool.py:1097: InsecureRequestWarning: Unverified HTTPS request is being made to host 'serviciosdigitales.movilidadavanzadabello.com.co'. Adding certificate verification is strongly advised. See: https://urllib3.readthedocs.io/en/latest/advanced-usage.html#tls-warnings
  warnings.warn(
/home/comparendos/venv/lib/python3.12/site-packages/urllib3/connectionpool.py:1097: InsecureRequestWarning: Unverified HTTPS request is being made to host 'serviciosdigitales.movilidadavanzadabello.com.co'. Adding certificate verification is strongly advised. See: https://urllib3.readthedocs.io/en/latest/advanced-usage.html#tls-warnings
  warnings.warn(
/home/comparendos/venv/lib/python3.12/site-packages/urllib3/connectionpool.py:1097: InsecureRequestWarning: Unverified HTTPS request is being made to host 'serviciosdigitales.movilidadavanzadabello.com.co'. Adding certificate verification is strongly advised. See: https://urllib3.readthedocs.io/en/latest/advanced-usage.html#tls-warnings
  warnings.warn(
/home/comparendos/venv/lib/python3.12/site-packages/urllib3/connectionpool.py:1097: InsecureRequestWarning: Unverified HTTPS request is being made to host 'serviciosdigitales.movilidadavanzadabello.com.co'. Adding certificate verification is strongly advised. See: https://urllib3.readthedocs.io/en/latest/advanced-usage.html#tls-warnings
  warnings.warn(
/home/comparendos/venv/lib/python3.12/site-packages/urllib3/connectionpool.py:1097: InsecureRequestWarning: Unverified HTTPS request is being made to host 'serviciosdigitales.movilidadavanzadabello.com.co'. Adding certificate verification is strongly advised. See: https://urllib3.readthedocs.io/en/latest/advanced-usage.html#tls-warnings
  warnings.warn(
/home/comparendos/venv/lib/python3.12/site-packages/urllib3/connectionpool.py:1097: InsecureRequestWarning: Unverified HTTPS request is being made to host 'serviciosdigitales.movilidadavanzadabello.com.co'. Adding certificate verification is strongly advised. See: https://urllib3.readthedocs.io/en/latest/advanced-usage.html#tls-warnings
  warnings.warn(
/home/comparendos/venv/lib/python3.12/site-packages/urllib3/connectionpool.py:1097: InsecureRequestWarning: Unverified HTTPS request is being made to host 'serviciosdigitales.movilidadavanzadabello.com.co'. Adding certificate verification is strongly advised. See: https://urllib3.readthedocs.io/en/latest/advanced-usage.html#tls-warnings
  warnings.warn(
/home/comparendos/venv/lib/python3.12/site-packages/urllib3/connectionpool.py:1097: InsecureRequestWarning: Unverified HTTPS request is being made to host 'serviciosdigitales.movilidadavanzadabello.com.co'. Adding certificate verification is strongly advised. See: https://urllib3.readthedocs.io/en/latest/advanced-usage.html#tls-warnings
  warnings.warn(
/home/comparendos/venv/lib/python3.12/site-packages/urllib3/connectionpool.py:1097: InsecureRequestWarning: Unverified HTTPS request is being made to host 'serviciosdigitales.movilidadavanzadabello.com.co'. Adding certificate verification is strongly advised. See: https://urllib3.readthedocs.io/en/latest/advanced-usage.html#tls-warnings
  warnings.warn(
/home/comparendos/venv/lib/python3.12/site-packages/urllib3/connectionpool.py:1097: InsecureRequestWarning: Unverified HTTPS request is being made to host 'serviciosdigitales.movilidadavanzadabello.com.co'. Adding certificate verification is strongly advised. See: https://urllib3.readthedocs.io/en/latest/advanced-usage.html#tls-warnings
  warnings.warn(
/home/comparendos/venv/lib/python3.12/site-packages/urllib3/connectionpool.py:1097: InsecureRequestWarning: Unverified HTTPS request is being made to host 'serviciosdigitales.movilidadavanzadabello.com.co'. Adding certificate verification is strongly advised. See: https://urllib3.readthedocs.io/en/latest/advanced-usage.html#tls-warnings
  warnings.warn(
/home/comparendos/venv/lib/python3.12/site-packages/urllib3/connectionpool.py:1097: InsecureRequestWarning: Unverified HTTPS request is being made to host 'serviciosdigitales.movilidadavanzadabello.com.co'. Adding certificate verification is strongly advised. See: https://urllib3.readthedocs.io/en/latest/advanced-usage.html#tls-warnings
  warnings.warn(
/home/comparendos/venv/lib/python3.12/site-packages/urllib3/connectionpool.py:1097: InsecureRequestWarning: Unverified HTTPS request is being made to host 'serviciosdigitales.movilidadavanzadabello.com.co'. Adding certificate verification is strongly advised. See: https://urllib3.readthedocs.io/en/latest/advanced-usage.html#tls-warnings
  warnings.warn(
/home/comparendos/venv/lib/python3.12/site-packages/urllib3/connectionpool.py:1097: InsecureRequestWarning: Unverified HTTPS request is being made to host 'serviciosdigitales.movilidadavanzadabello.com.co'. Adding certificate verification is strongly advised. See: https://urllib3.readthedocs.io/en/latest/advanced-usage.html#tls-warnings
  warnings.warn(
/home/comparendos/venv/lib/python3.12/site-packages/urllib3/connectionpool.py:1097: InsecureRequestWarning: Unverified HTTPS request is being made to host 'serviciosdigitales.movilidadavanzadabello.com.co'. Adding certificate verification is strongly advised. See: https://urllib3.readthedocs.io/en/latest/advanced-usage.html#tls-warnings
  warnings.warn(
/home/comparendos/venv/lib/python3.12/site-packages/urllib3/connectionpool.py:1097: InsecureRequestWarning: Unverified HTTPS request is being made to host 'serviciosdigitales.movilidadavanzadabello.com.co'. Adding certificate verification is strongly advised. See: https://urllib3.readthedocs.io/en/latest/advanced-usage.html#tls-warnings
  warnings.warn(
/home/comparendos/venv/lib/python3.12/site-packages/urllib3/connectionpool.py:1097: InsecureRequestWarning: Unverified HTTPS request is being made to host 'serviciosdigitales.movilidadavanzadabello.com.co'. Adding certificate verification is strongly advised. See: https://urllib3.readthedocs.io/en/latest/advanced-usage.html#tls-warnings
  warnings.warn(
/home/comparendos/venv/lib/python3.12/site-packages/urllib3/connectionpool.py:1097: InsecureRequestWarning: Unverified HTTPS request is being made to host 'serviciosdigitales.movilidadavanzadabello.com.co'. Adding certificate verification is strongly advised. See: https://urllib3.readthedocs.io/en/latest/advanced-usage.html#tls-warnings
  warnings.warn(
/home/comparendos/venv/lib/python3.12/site-packages/urllib3/connectionpool.py:1097: InsecureRequestWarning: Unverified HTTPS request is being made to host 'serviciosdigitales.movilidadavanzadabello.com.co'. Adding certificate verification is strongly advised. See: https://urllib3.readthedocs.io/en/latest/advanced-usage.html#tls-warnings
  warnings.warn(
/home/comparendos/venv/lib/python3.12/site-packages/urllib3/connectionpool.py:1097: InsecureRequestWarning: Unverified HTTPS request is being made to host 'serviciosdigitales.movilidadavanzadabello.com.co'. Adding certificate verification is strongly advised. See: https://urllib3.readthedocs.io/en/latest/advanced-usage.html#tls-warnings
  warnings.warn(
/home/comparendos/venv/lib/python3.12/site-packages/urllib3/connectionpool.py:1097: InsecureRequestWarning: Unverified HTTPS request is being made to host 'serviciosdigitales.movilidadavanzadabello.com.co'. Adding certificate verification is strongly advised. See: https://urllib3.readthedocs.io/en/latest/advanced-usage.html#tls-warnings
  warnings.warn(
/home/comparendos/venv/lib/python3.12/site-packages/urllib3/connectionpool.py:1097: InsecureRequestWarning: Unverified HTTPS request is being made to host 'serviciosdigitales.movilidadavanzadabello.com.co'. Adding certificate verification is strongly advised. See: https://urllib3.readthedocs.io/en/latest/advanced-usage.html#tls-warnings
  warnings.warn(
/home/comparendos/venv/lib/python3.12/site-packages/urllib3/connectionpool.py:1097: InsecureRequestWarning: Unverified HTTPS request is being made to host 'serviciosdigitales.movilidadavanzadabello.com.co'. Adding certificate verification is strongly advised. See: https://urllib3.readthedocs.io/en/latest/advanced-usage.html#tls-warnings
  warnings.warn(
/home/comparendos/venv/lib/python3.12/site-packages/urllib3/connectionpool.py:1097: InsecureRequestWarning: Unverified HTTPS request is being made to host 'serviciosdigitales.movilidadavanzadabello.com.co'. Adding certificate verification is strongly advised. See: https://urllib3.readthedocs.io/en/latest/advanced-usage.html#tls-warnings
  warnings.warn(
/home/comparendos/venv/lib/python3.12/site-packages/urllib3/connectionpool.py:1097: InsecureRequestWarning: Unverified HTTPS request is being made to host 'serviciosdigitales.movilidadavanzadabello.com.co'. Adding certificate verification is strongly advised. See: https://urllib3.readthedocs.io/en/latest/advanced-usage.html#tls-warnings
  warnings.warn(
/home/comparendos/venv/lib/python3.12/site-packages/urllib3/connectionpool.py:1097: InsecureRequestWarning: Unverified HTTPS request is being made to host 'serviciosdigitales.movilidadavanzadabello.com.co'. Adding certificate verification is strongly advised. See: https://urllib3.readthedocs.io/en/latest/advanced-usage.html#tls-warnings
  warnings.warn(
/home/comparendos/venv/lib/python3.12/site-packages/urllib3/connectionpool.py:1097: InsecureRequestWarning: Unverified HTTPS request is being made to host 'serviciosdigitales.movilidadavanzadabello.com.co'. Adding certificate verification is strongly advised. See: https://urllib3.readthedocs.io/en/latest/advanced-usage.html#tls-warnings
  warnings.warn(
/home/comparendos/venv/lib/python3.12/site-packages/urllib3/connectionpool.py:1097: InsecureRequestWarning: Unverified HTTPS request is being made to host 'serviciosdigitales.movilidadavanzadabello.com.co'. Adding certificate verification is strongly advised. See: https://urllib3.readthedocs.io/en/latest/advanced-usage.html#tls-warnings
  warnings.warn(
/home/comparendos/venv/lib/python3.12/site-packages/urllib3/connectionpool.py:1097: InsecureRequestWarning: Unverified HTTPS request is being made to host 'serviciosdigitales.movilidadavanzadabello.com.co'. Adding certificate verification is strongly advised. See: https://urllib3.readthedocs.io/en/latest/advanced-usage.html#tls-warnings
  warnings.warn(
/home/comparendos/venv/lib/python3.12/site-packages/urllib3/connectionpool.py:1097: InsecureRequestWarning: Unverified HTTPS request is being made to host 'serviciosdigitales.movilidadavanzadabello.com.co'. Adding certificate verification is strongly advised. See: https://urllib3.readthedocs.io/en/latest/advanced-usage.html#tls-warnings
  warnings.warn(
/home/comparendos/venv/lib/python3.12/site-packages/urllib3/connectionpool.py:1097: InsecureRequestWarning: Unverified HTTPS request is being made to host 'serviciosdigitales.movilidadavanzadabello.com.co'. Adding certificate verification is strongly advised. See: https://urllib3.readthedocs.io/en/latest/advanced-usage.html#tls-warnings
  warnings.warn(
/home/comparendos/venv/lib/python3.12/site-packages/urllib3/connectionpool.py:1097: InsecureRequestWarning: Unverified HTTPS request is being made to host 'serviciosdigitales.movilidadavanzadabello.com.co'. Adding certificate verification is strongly advised. See: https://urllib3.readthedocs.io/en/latest/advanced-usage.html#tls-warnings
  warnings.warn(
/home/comparendos/venv/lib/python3.12/site-packages/urllib3/connectionpool.py:1097: InsecureRequestWarning: Unverified HTTPS request is being made to host 'serviciosdigitales.movilidadavanzadabello.com.co'. Adding certificate verification is strongly advised. See: https://urllib3.readthedocs.io/en/latest/advanced-usage.html#tls-warnings
  warnings.warn(
/home/comparendos/venv/lib/python3.12/site-packages/urllib3/connectionpool.py:1097: InsecureRequestWarning: Unverified HTTPS request is being made to host 'serviciosdigitales.movilidadavanzadabello.com.co'. Adding certificate verification is strongly advised. See: https://urllib3.readthedocs.io/en/latest/advanced-usage.html#tls-warnings
  warnings.warn(
/home/comparendos/venv/lib/python3.12/site-packages/urllib3/connectionpool.py:1097: InsecureRequestWarning: Unverified HTTPS request is being made to host 'serviciosdigitales.movilidadavanzadabello.com.co'. Adding certificate verification is strongly advised. See: https://urllib3.readthedocs.io/en/latest/advanced-usage.html#tls-warnings
  warnings.warn(
/home/comparendos/venv/lib/python3.12/site-packages/urllib3/connectionpool.py:1097: InsecureRequestWarning: Unverified HTTPS request is being made to host 'serviciosdigitales.movilidadavanzadabello.com.co'. Adding certificate verification is strongly advised. See: https://urllib3.readthedocs.io/en/latest/advanced-usage.html#tls-warnings
  warnings.warn(
/home/comparendos/venv/lib/python3.12/site-packages/urllib3/connectionpool.py:1097: InsecureRequestWarning: Unverified HTTPS request is being made to host 'serviciosdigitales.movilidadavanzadabello.com.co'. Adding certificate verification is strongly advised. See: https://urllib3.readthedocs.io/en/latest/advanced-usage.html#tls-warnings
  warnings.warn(
/home/comparendos/venv/lib/python3.12/site-packages/urllib3/connectionpool.py:1097: InsecureRequestWarning: Unverified HTTPS request is being made to host 'serviciosdigitales.movilidadavanzadabello.com.co'. Adding certificate verification is strongly advised. See: https://urllib3.readthedocs.io/en/latest/advanced-usage.html#tls-warnings
  warnings.warn(
/home/comparendos/venv/lib/python3.12/site-packages/urllib3/connectionpool.py:1097: InsecureRequestWarning: Unverified HTTPS request is being made to host 'serviciosdigitales.movilidadavanzadabello.com.co'. Adding certificate verification is strongly advised. See: https://urllib3.readthedocs.io/en/latest/advanced-usage.html#tls-warnings
  warnings.warn(
/home/comparendos/venv/lib/python3.12/site-packages/urllib3/connectionpool.py:1097: InsecureRequestWarning: Unverified HTTPS request is being made to host 'serviciosdigitales.movilidadavanzadabello.com.co'. Adding certificate verification is strongly advised. See: https://urllib3.readthedocs.io/en/latest/advanced-usage.html#tls-warnings
  warnings.warn(
/home/comparendos/venv/lib/python3.12/site-packages/urllib3/connectionpool.py:1097: InsecureRequestWarning: Unverified HTTPS request is being made to host 'serviciosdigitales.movilidadavanzadabello.com.co'. Adding certificate verification is strongly advised. See: https://urllib3.readthedocs.io/en/latest/advanced-usage.html#tls-warnings
  warnings.warn(
/home/comparendos/venv/lib/python3.12/site-packages/urllib3/connectionpool.py:1097: InsecureRequestWarning: Unverified HTTPS request is being made to host 'serviciosdigitales.movilidadavanzadabello.com.co'. Adding certificate verification is strongly advised. See: https://urllib3.readthedocs.io/en/latest/advanced-usage.html#tls-warnings
  warnings.warn(
/home/comparendos/venv/lib/python3.12/site-packages/urllib3/connectionpool.py:1097: InsecureRequestWarning: Unverified HTTPS request is being made to host 'serviciosdigitales.movilidadavanzadabello.com.co'. Adding certificate verification is strongly advised. See: https://urllib3.readthedocs.io/en/latest/advanced-usage.html#tls-warnings
  warnings.warn(
/home/comparendos/venv/lib/python3.12/site-packages/urllib3/connectionpool.py:1097: InsecureRequestWarning: Unverified HTTPS request is being made to host 'serviciosdigitales.movilidadavanzadabello.com.co'. Adding certificate verification is strongly advised. See: https://urllib3.readthedocs.io/en/latest/advanced-usage.html#tls-warnings
  warnings.warn(
/home/comparendos/venv/lib/python3.12/site-packages/urllib3/connectionpool.py:1097: InsecureRequestWarning: Unverified HTTPS request is being made to host 'serviciosdigitales.movilidadavanzadabello.com.co'. Adding certificate verification is strongly advised. See: https://urllib3.readthedocs.io/en/latest/advanced-usage.html#tls-warnings
  warnings.warn(
/home/comparendos/venv/lib/python3.12/site-packages/urllib3/connectionpool.py:1097: InsecureRequestWarning: Unverified HTTPS request is being made to host 'serviciosdigitales.movilidadavanzadabello.com.co'. Adding certificate verification is strongly advised. See: https://urllib3.readthedocs.io/en/latest/advanced-usage.html#tls-warnings
  warnings.warn(
/home/comparendos/venv/lib/python3.12/site-packages/urllib3/connectionpool.py:1097: InsecureRequestWarning: Unverified HTTPS request is being made to host 'serviciosdigitales.movilidadavanzadabello.com.co'. Adding certificate verification is strongly advised. See: https://urllib3.readthedocs.io/en/latest/advanced-usage.html#tls-warnings
  warnings.warn(
/home/comparendos/venv/lib/python3.12/site-packages/urllib3/connectionpool.py:1097: InsecureRequestWarning: Unverified HTTPS request is being made to host 'serviciosdigitales.movilidadavanzadabello.com.co'. Adding certificate verification is strongly advised. See: https://urllib3.readthedocs.io/en/latest/advanced-usage.html#tls-warnings
  warnings.warn(
/home/comparendos/venv/lib/python3.12/site-packages/urllib3/connectionpool.py:1097: InsecureRequestWarning: Unverified HTTPS request is being made to host 'serviciosdigitales.movilidadavanzadabello.com.co'. Adding certificate verification is strongly advised. See: https://urllib3.readthedocs.io/en/latest/advanced-usage.html#tls-warnings
  warnings.warn(
/home/comparendos/venv/lib/python3.12/site-packages/urllib3/connectionpool.py:1097: InsecureRequestWarning: Unverified HTTPS request is being made to host 'serviciosdigitales.movilidadavanzadabello.com.co'. Adding certificate verification is strongly advised. See: https://urllib3.readthedocs.io/en/latest/advanced-usage.html#tls-warnings
  warnings.warn(
/home/comparendos/venv/lib/python3.12/site-packages/urllib3/connectionpool.py:1097: InsecureRequestWarning: Unverified HTTPS request is being made to host 'serviciosdigitales.movilidadavanzadabello.com.co'. Adding certificate verification is strongly advised. See: https://urllib3.readthedocs.io/en/latest/advanced-usage.html#tls-warnings
  warnings.warn(
/home/comparendos/venv/lib/python3.12/site-packages/urllib3/connectionpool.py:1097: InsecureRequestWarning: Unverified HTTPS request is being made to host 'serviciosdigitales.movilidadavanzadabello.com.co'. Adding certificate verification is strongly advised. See: https://urllib3.readthedocs.io/en/latest/advanced-usage.html#tls-warnings
  warnings.warn(
/home/comparendos/venv/lib/python3.12/site-packages/urllib3/connectionpool.py:1097: InsecureRequestWarning: Unverified HTTPS request is being made to host 'serviciosdigitales.movilidadavanzadabello.com.co'. Adding certificate verification is strongly advised. See: https://urllib3.readthedocs.io/en/latest/advanced-usage.html#tls-warnings
  warnings.warn(
/home/comparendos/venv/lib/python3.12/site-packages/urllib3/connectionpool.py:1097: InsecureRequestWarning: Unverified HTTPS request is being made to host 'serviciosdigitales.movilidadavanzadabello.com.co'. Adding certificate verification is strongly advised. See: https://urllib3.readthedocs.io/en/latest/advanced-usage.html#tls-warnings
  warnings.warn(
/home/comparendos/venv/lib/python3.12/site-packages/urllib3/connectionpool.py:1097: InsecureRequestWarning: Unverified HTTPS request is being made to host 'serviciosdigitales.movilidadavanzadabello.com.co'. Adding certificate verification is strongly advised. See: https://urllib3.readthedocs.io/en/latest/advanced-usage.html#tls-warnings
  warnings.warn(
/home/comparendos/venv/lib/python3.12/site-packages/urllib3/connectionpool.py:1097: InsecureRequestWarning: Unverified HTTPS request is being made to host 'serviciosdigitales.movilidadavanzadabello.com.co'. Adding certificate verification is strongly advised. See: https://urllib3.readthedocs.io/en/latest/advanced-usage.html#tls-warnings
  warnings.warn(
/home/comparendos/venv/lib/python3.12/site-packages/urllib3/connectionpool.py:1097: InsecureRequestWarning: Unverified HTTPS request is being made to host 'serviciosdigitales.movilidadavanzadabello.com.co'. Adding certificate verification is strongly advised. See: https://urllib3.readthedocs.io/en/latest/advanced-usage.html#tls-warnings
  warnings.warn(
/home/comparendos/venv/lib/python3.12/site-packages/urllib3/connectionpool.py:1097: InsecureRequestWarning: Unverified HTTPS request is being made to host 'serviciosdigitales.movilidadavanzadabello.com.co'. Adding certificate verification is strongly advised. See: https://urllib3.readthedocs.io/en/latest/advanced-usage.html#tls-warnings
  warnings.warn(
/home/comparendos/venv/lib/python3.12/site-packages/urllib3/connectionpool.py:1097: InsecureRequestWarning: Unverified HTTPS request is being made to host 'serviciosdigitales.movilidadavanzadabello.com.co'. Adding certificate verification is strongly advised. See: https://urllib3.readthedocs.io/en/latest/advanced-usage.html#tls-warnings
  warnings.warn(
/home/comparendos/venv/lib/python3.12/site-packages/urllib3/connectionpool.py:1097: InsecureRequestWarning: Unverified HTTPS request is being made to host 'serviciosdigitales.movilidadavanzadabello.com.co'. Adding certificate verification is strongly advised. See: https://urllib3.readthedocs.io/en/latest/advanced-usage.html#tls-warnings
  warnings.warn(
/home/comparendos/venv/lib/python3.12/site-packages/urllib3/connectionpool.py:1097: InsecureRequestWarning: Unverified HTTPS request is being made to host 'serviciosdigitales.movilidadavanzadabello.com.co'. Adding certificate verification is strongly advised. See: https://urllib3.readthedocs.io/en/latest/advanced-usage.html#tls-warnings
  warnings.warn(
/home/comparendos/venv/lib/python3.12/site-packages/urllib3/connectionpool.py:1097: InsecureRequestWarning: Unverified HTTPS request is being made to host 'serviciosdigitales.movilidadavanzadabello.com.co'. Adding certificate verification is strongly advised. See: https://urllib3.readthedocs.io/en/latest/advanced-usage.html#tls-warnings
  warnings.warn(
/home/comparendos/venv/lib/python3.12/site-packages/urllib3/connectionpool.py:1097: InsecureRequestWarning: Unverified HTTPS request is being made to host 'serviciosdigitales.movilidadavanzadabello.com.co'. Adding certificate verification is strongly advised. See: https://urllib3.readthedocs.io/en/latest/advanced-usage.html#tls-warnings
  warnings.warn(
/home/comparendos/venv/lib/python3.12/site-packages/urllib3/connectionpool.py:1097: InsecureRequestWarning: Unverified HTTPS request is being made to host 'serviciosdigitales.movilidadavanzadabello.com.co'. Adding certificate verification is strongly advised. See: https://urllib3.readthedocs.io/en/latest/advanced-usage.html#tls-warnings
  warnings.warn(
/home/comparendos/venv/lib/python3.12/site-packages/urllib3/connectionpool.py:1097: InsecureRequestWarning: Unverified HTTPS request is being made to host 'serviciosdigitales.movilidadavanzadabello.com.co'. Adding certificate verification is strongly advised. See: https://urllib3.readthedocs.io/en/latest/advanced-usage.html#tls-warnings
  warnings.warn(
/home/comparendos/venv/lib/python3.12/site-packages/urllib3/connectionpool.py:1097: InsecureRequestWarning: Unverified HTTPS request is being made to host 'serviciosdigitales.movilidadavanzadabello.com.co'. Adding certificate verification is strongly advised. See: https://urllib3.readthedocs.io/en/latest/advanced-usage.html#tls-warnings
  warnings.warn(
/home/comparendos/venv/lib/python3.12/site-packages/urllib3/connectionpool.py:1097: InsecureRequestWarning: Unverified HTTPS request is being made to host 'serviciosdigitales.movilidadavanzadabello.com.co'. Adding certificate verification is strongly advised. See: https://urllib3.readthedocs.io/en/latest/advanced-usage.html#tls-warnings
  warnings.warn(
/home/comparendos/venv/lib/python3.12/site-packages/urllib3/connectionpool.py:1097: InsecureRequestWarning: Unverified HTTPS request is being made to host 'serviciosdigitales.movilidadavanzadabello.com.co'. Adding certificate verification is strongly advised. See: https://urllib3.readthedocs.io/en/latest/advanced-usage.html#tls-warnings
  warnings.warn(
/home/comparendos/venv/lib/python3.12/site-packages/urllib3/connectionpool.py:1097: InsecureRequestWarning: Unverified HTTPS request is being made to host 'serviciosdigitales.movilidadavanzadabello.com.co'. Adding certificate verification is strongly advised. See: https://urllib3.readthedocs.io/en/latest/advanced-usage.html#tls-warnings
  warnings.warn(
/home/comparendos/venv/lib/python3.12/site-packages/urllib3/connectionpool.py:1097: InsecureRequestWarning: Unverified HTTPS request is being made to host 'serviciosdigitales.movilidadavanzadabello.com.co'. Adding certificate verification is strongly advised. See: https://urllib3.readthedocs.io/en/latest/advanced-usage.html#tls-warnings
  warnings.warn(
/home/comparendos/venv/lib/python3.12/site-packages/urllib3/connectionpool.py:1097: InsecureRequestWarning: Unverified HTTPS request is being made to host 'serviciosdigitales.movilidadavanzadabello.com.co'. Adding certificate verification is strongly advised. See: https://urllib3.readthedocs.io/en/latest/advanced-usage.html#tls-warnings
  warnings.warn(
/home/comparendos/venv/lib/python3.12/site-packages/urllib3/connectionpool.py:1097: InsecureRequestWarning: Unverified HTTPS request is being made to host 'serviciosdigitales.movilidadavanzadabello.com.co'. Adding certificate verification is strongly advised. See: https://urllib3.readthedocs.io/en/latest/advanced-usage.html#tls-warnings
  warnings.warn(
/home/comparendos/venv/lib/python3.12/site-packages/urllib3/connectionpool.py:1097: InsecureRequestWarning: Unverified HTTPS request is being made to host 'serviciosdigitales.movilidadavanzadabello.com.co'. Adding certificate verification is strongly advised. See: https://urllib3.readthedocs.io/en/latest/advanced-usage.html#tls-warnings
  warnings.warn(
/home/comparendos/venv/lib/python3.12/site-packages/urllib3/connectionpool.py:1097: InsecureRequestWarning: Unverified HTTPS request is being made to host 'serviciosdigitales.movilidadavanzadabello.com.co'. Adding certificate verification is strongly advised. See: https://urllib3.readthedocs.io/en/latest/advanced-usage.html#tls-warnings
  warnings.warn(
/home/comparendos/venv/lib/python3.12/site-packages/urllib3/connectionpool.py:1097: InsecureRequestWarning: Unverified HTTPS request is being made to host 'serviciosdigitales.movilidadavanzadabello.com.co'. Adding certificate verification is strongly advised. See: https://urllib3.readthedocs.io/en/latest/advanced-usage.html#tls-warnings
  warnings.warn(
/home/comparendos/venv/lib/python3.12/site-packages/urllib3/connectionpool.py:1097: InsecureRequestWarning: Unverified HTTPS request is being made to host 'serviciosdigitales.movilidadavanzadabello.com.co'. Adding certificate verification is strongly advised. See: https://urllib3.readthedocs.io/en/latest/advanced-usage.html#tls-warnings
  warnings.warn(
/home/comparendos/venv/lib/python3.12/site-packages/urllib3/connectionpool.py:1097: InsecureRequestWarning: Unverified HTTPS request is being made to host 'serviciosdigitales.movilidadavanzadabello.com.co'. Adding certificate verification is strongly advised. See: https://urllib3.readthedocs.io/en/latest/advanced-usage.html#tls-warnings
  warnings.warn(
/home/comparendos/venv/lib/python3.12/site-packages/urllib3/connectionpool.py:1097: InsecureRequestWarning: Unverified HTTPS request is being made to host 'serviciosdigitales.movilidadavanzadabello.com.co'. Adding certificate verification is strongly advised. See: https://urllib3.readthedocs.io/en/latest/advanced-usage.html#tls-warnings
  warnings.warn(
/home/comparendos/venv/lib/python3.12/site-packages/urllib3/connectionpool.py:1097: InsecureRequestWarning: Unverified HTTPS request is being made to host 'serviciosdigitales.movilidadavanzadabello.com.co'. Adding certificate verification is strongly advised. See: https://urllib3.readthedocs.io/en/latest/advanced-usage.html#tls-warnings
  warnings.warn(
/home/comparendos/venv/lib/python3.12/site-packages/urllib3/connectionpool.py:1097: InsecureRequestWarning: Unverified HTTPS request is being made to host 'serviciosdigitales.movilidadavanzadabello.com.co'. Adding certificate verification is strongly advised. See: https://urllib3.readthedocs.io/en/latest/advanced-usage.html#tls-warnings
  warnings.warn(
/home/comparendos/venv/lib/python3.12/site-packages/urllib3/connectionpool.py:1097: InsecureRequestWarning: Unverified HTTPS request is being made to host 'serviciosdigitales.movilidadavanzadabello.com.co'. Adding certificate verification is strongly advised. See: https://urllib3.readthedocs.io/en/latest/advanced-usage.html#tls-warnings
  warnings.warn(
/home/comparendos/venv/lib/python3.12/site-packages/urllib3/connectionpool.py:1097: InsecureRequestWarning: Unverified HTTPS request is being made to host 'serviciosdigitales.movilidadavanzadabello.com.co'. Adding certificate verification is strongly advised. See: https://urllib3.readthedocs.io/en/latest/advanced-usage.html#tls-warnings
  warnings.warn(
/home/comparendos/venv/lib/python3.12/site-packages/urllib3/connectionpool.py:1097: InsecureRequestWarning: Unverified HTTPS request is being made to host 'serviciosdigitales.movilidadavanzadabello.com.co'. Adding certificate verification is strongly advised. See: https://urllib3.readthedocs.io/en/latest/advanced-usage.html#tls-warnings
  warnings.warn(
/home/comparendos/venv/lib/python3.12/site-packages/urllib3/connectionpool.py:1097: InsecureRequestWarning: Unverified HTTPS request is being made to host 'serviciosdigitales.movilidadavanzadabello.com.co'. Adding certificate verification is strongly advised. See: https://urllib3.readthedocs.io/en/latest/advanced-usage.html#tls-warnings
  warnings.warn(
/home/comparendos/venv/lib/python3.12/site-packages/urllib3/connectionpool.py:1097: InsecureRequestWarning: Unverified HTTPS request is being made to host 'serviciosdigitales.movilidadavanzadabello.com.co'. Adding certificate verification is strongly advised. See: https://urllib3.readthedocs.io/en/latest/advanced-usage.html#tls-warnings
  warnings.warn(
/home/comparendos/venv/lib/python3.12/site-packages/urllib3/connectionpool.py:1097: InsecureRequestWarning: Unverified HTTPS request is being made to host 'serviciosdigitales.movilidadavanzadabello.com.co'. Adding certificate verification is strongly advised. See: https://urllib3.readthedocs.io/en/latest/advanced-usage.html#tls-warnings
  warnings.warn(

[2026-07-10 09:29:16] Enviando 33 templates.
[2026-07-10 09:29:16] Respuesta del envío: True - 
Error en consulta_info_home_public para MEDELLIN: ('Connection aborted.', RemoteDisconnected('Remote end closed connection without response'))
Error en MEDELLIN: 'NoneType' object has no attribute 'json'
El comparendo ya fue notificado previamente Documento: 71527024 Comparendo: D05001000000048434961
[2026-07-10 09:44:45] Enviando 21 templates para el bloque (process_template_id: WYy7FFp5avVb)
Payload para el envío WYy7FFp5avVb:
{
  "users": [
    {
      "phone": "+573158320150",
      "parameters": [
        {
          "order": 0,
          "parameter": "MEDELLIN"
        },
        {
          "order": 1,
          "parameter": "2026-06-16"
        },
        {
          "order": 2,
          "parameter": "NPP841"
        },
        {
          "order": 3,
          "parameter": "D02"
        },
        {
          "order": 4,
          "parameter": "Conducir sin portar los seguros ordenados por la ley. Además, el vehículo será inmovilizado"
        }
      ]
    },
    {
      "phone": "+573104124334",
      "parameters": [
        {
          "order": 0,
          "parameter": "MEDELLIN"
        },
        {
          "order": 1,
          "parameter": "2026-04-14"
        },
        {
          "order": 2,
          "parameter": "KTZ597"
        },
        {
          "order": 3,
          "parameter": "C29"
        },
        {
          "order": 4,
          "parameter": "Conducir un vehículo a velocidad superior a la máxima permitida"
        }
      ]
    },
    {
      "phone": "+573137325929",
      "parameters": [
        {
          "order": 0,
          "parameter": "MEDELLIN"
        },
        {
          "order": 1,
          "parameter": "2026-06-22"
        },
        {
          "order": 2,
          "parameter": "KBU876"
        },
        {
          "order": 3,
          "parameter": "D02"
        },
        {
          "order": 4,
          "parameter": "Conducir sin portar los seguros ordenados por la ley. Además, el vehículo será inmovilizado"
        }
      ]
    },
    {
      "phone": "+573137325929",
      "parameters": [
        {
          "order": 0,
          "parameter": "MEDELLIN"
        },
        {
          "order": 1,
          "parameter": "2026-04-11"
        },
        {
          "order": 2,
          "parameter": "KBU876"
        },
        {
          "order": 3,
          "parameter": "C29"
        },
        {
          "order": 4,
          "parameter": "Conducir un vehículo a velocidad superior a la máxima permitida"
        }
      ]
    },
    {
      "phone": "+573137325929",
      "parameters": [
        {
          "order": 0,
          "parameter": "SABANETA"
        },
        {
          "order": 1,
          "parameter": "2026-06-27"
        },
        {
          "order": 2,
          "parameter": "KBU876"
        },
        {
          "order": 3,
          "parameter": "D02"
        },
        {
          "order": 4,
          "parameter": "Conducir sin portar el Seguro Obligatorio de Accidentes de tránsito ordenado por la ley. Además, el vehículo será inmovilizado"
        }
      ]
    },
    {
      "phone": "+573196305531",
      "parameters": [
        {
          "order": 0,
          "parameter": "MEDELLIN"
        },
        {
          "order": 1,
          "parameter": "2026-01-04"
        },
        {
          "order": 2,
          "parameter": "IHS477"
        },
        {
          "order": 3,
          "parameter": "C29"
        },
        {
          "order": 4,
          "parameter": "Conducir un vehículo a velocidad superior a la máxima permitida"
        }
      ]
    },
    {
      "phone": "+573004407768",
      "parameters": [
        {
          "order": 0,
          "parameter": "MEDELLIN"
        },
        {
          "order": 1,
          "parameter": "2026-05-19"
        },
        {
          "order": 2,
          "parameter": "GYU03B"
        },
        {
          "order": 3,
          "parameter": "C35"
        },
        {
          "order": 4,
          "parameter": "No realizar la revisión técnico-mecánica en el plazo legal establecido o cuando el vehículo no se encuentre en adecuadas condiciones técnico-mecánicas o de emisiones contaminantes, aun cuando porte los certificados correspondientes, además el vehículo será inmovilizado."
        }
      ]
    },
    {
      "phone": "+573004407768",
      "parameters": [
        {
          "order": 0,
          "parameter": "MEDELLIN"
        },
        {
          "order": 1,
          "parameter": "2026-06-11"
        },
        {
          "order": 2,
          "parameter": "GYU03B"
        },
        {
          "order": 3,
          "parameter": "C35"
        },
        {
          "order": 4,
          "parameter": "No realizar la revisión técnico-mecánica en el plazo legal establecido o cuando el vehículo no se encuentre en adecuadas condiciones técnico-mecánicas o de emisiones contaminantes, aun cuando porte los certificados correspondientes, además el vehículo será inmovilizado."
        }
      ]
    },
    {
      "phone": "+573146190128",
      "parameters": [
        {
          "order": 0,
          "parameter": "BELLO"
        },
        {
          "order": 1,
          "parameter": "2026-02-03"
        },
        {
          "order": 2,
          "parameter": "PSC719"
        },
        {
          "order": 3,
          "parameter": "C35"
        },
        {
          "order": 4,
          "parameter": "No realizar la revisión técnico-mecánica y de emisiones contaminantes en los siguientes plazos o cuando aun portando los certificados correspondientes no cuenta con las siguientes condiciones técnico mecánica y de emisiones contaminantes, además el vehículo será inmovilizado"
        }
      ]
    },
    {
      "phone": "+573146190128",
      "parameters": [
        {
          "order": 0,
          "parameter": "BELLO"
        },
        {
          "order": 1,
          "parameter": "2026-02-03"
        },
        {
          "order": 2,
          "parameter": "PSC719"
        },
        {
          "order": 3,
          "parameter": "D02"
        },
        {
          "order": 4,
          "parameter": "Conducir sin portar el Seguro Obligatorio de Accidentes de tránsito ordenado por la ley. Además, el vehículo será inmovilizado"
        }
      ]
    },
    {
      "phone": "+573146190128",
      "parameters": [
        {
          "order": 0,
          "parameter": "RIONEGRO"
        },
        {
          "order": 1,
          "parameter": "2026-02-04"
        },
        {
          "order": 2,
          "parameter": "PSC719"
        },
        {
          "order": 3,
          "parameter": "D02"
        },
        {
          "order": 4,
          "parameter": "Conducir sin portar el Seguro Obligatorio de Accidentes de tránsito ordenado por la ley. Además, el vehículo será inmovilizado"
        }
      ]
    },
    {
      "phone": "+573004567644",
      "parameters": [
        {
          "order": 0,
          "parameter": "MEDELLIN"
        },
        {
          "order": 1,
          "parameter": "2025-11-10"
        },
        {
          "order": 2,
          "parameter": "LWN61C"
        },
        {
          "order": 3,
          "parameter": "C14"
        },
        {
          "order": 4,
          "parameter": "Transitar por sitios restringidos o en horas prohibidas por la autoridad competente. Además, el vehículo será inmovilizado"
        }
      ]
    },
    {
      "phone": "+573004567644",
      "parameters": [
        {
          "order": 0,
          "parameter": "MEDELLIN"
        },
        {
          "order": 1,
          "parameter": "2025-10-27"
        },
        {
          "order": 2,
          "parameter": "LWN61C"
        },
        {
          "order": 3,
          "parameter": "C14"
        },
        {
          "order": 4,
          "parameter": "Transitar por sitios restringidos o en horas prohibidas por la autoridad competente. Además, el vehículo será inmovilizado"
        }
      ]
    },
    {
      "phone": "+573012422399",
      "parameters": [
        {
          "order": 0,
          "parameter": "MEDELLIN"
        },
        {
          "order": 1,
          "parameter": "2026-06-14"
        },
        {
          "order": 2,
          "parameter": "JSQ700"
        },
        {
          "order": 3,
          "parameter": "C29"
        },
        {
          "order": 4,
          "parameter": "Conducir un vehículo a velocidad superior a la máxima permitida"
        }
      ]
    },
    {
      "phone": "+573233250836",
      "parameters": [
        {
          "order": 0,
          "parameter": "MEDELLIN"
        },
        {
          "order": 1,
          "parameter": "2025-09-04"
        },
        {
          "order": 2,
          "parameter": "JMK849"
        },
        {
          "order": 3,
          "parameter": "C35"
        },
        {
          "order": 4,
          "parameter": "No realizar la revisión técnico-mecánica en el plazo legal establecido o cuando el vehículo no se encuentre en adecuadas condiciones técnico-mecánicas o de emisiones contaminantes, aun cuando porte los certificados correspondientes, además el vehículo será inmovilizado."
        }
      ]
    },
    {
      "phone": "+573233250836",
      "parameters": [
        {
          "order": 0,
          "parameter": "MEDELLIN"
        },
        {
          "order": 1,
          "parameter": "2026-05-30"
        },
        {
          "order": 2,
          "parameter": "LRZ055"
        },
        {
          "order": 3,
          "parameter": "D02"
        },
        {
          "order": 4,
          "parameter": "Conducir sin portar los seguros ordenados por la ley. Además, el vehículo será inmovilizado"
        }
      ]
    },
    {
      "phone": "+573233250836",
      "parameters": [
        {
          "order": 0,
          "parameter": "MEDELLIN"
        },
        {
          "order": 1,
          "parameter": "2026-06-19"
        },
        {
          "order": 2,
          "parameter": "LRZ055"
        },
        {
          "order": 3,
          "parameter": "D02"
        },
        {
          "order": 4,
          "parameter": "Conducir sin portar los seguros ordenados por la ley. Además, el vehículo será inmovilizado"
        }
      ]
    },
    {
      "phone": "+573103774640",
      "parameters": [
        {
          "order": 0,
          "parameter": "MEDELLIN"
        },
        {
          "order": 1,
          "parameter": "2026-06-07"
        },
        {
          "order": 2,
          "parameter": "JQP788"
        },
        {
          "order": 3,
          "parameter": "C29"
        },
        {
          "order": 4,
          "parameter": "Conducir un vehículo a velocidad superior a la máxima permitida"
        }
      ]
    },
    {
      "phone": "+573128471616",
      "parameters": [
        {
          "order": 0,
          "parameter": "MEDELLIN"
        },
        {
          "order": 1,
          "parameter": "2026-03-04"
        },
        {
          "order": 2,
          "parameter": "IAQ659"
        },
        {
          "order": 3,
          "parameter": "C35"
        },
        {
          "order": 4,
          "parameter": "No realizar la revisión técnico-mecánica en el plazo legal establecido o cuando el vehículo no se encuentre en adecuadas condiciones técnico-mecánicas o de emisiones contaminantes, aun cuando porte los certificados correspondientes, además el vehículo será inmovilizado."
        }
      ]
    },
    {
      "phone": "+573113541213",
      "parameters": [
        {
          "order": 0,
          "parameter": "MEDELLIN"
        },
        {
          "order": 1,
          "parameter": "2026-01-24"
        },
        {
          "order": 2,
          "parameter": "DMU635"
        },
        {
          "order": 3,
          "parameter": "C29"
        },
        {
          "order": 4,
          "parameter": "Conducir un vehículo a velocidad superior a la máxima permitida"
        }
      ]
    },
    {
      "phone": "+573113541213",
      "parameters": [
        {
          "order": 0,
          "parameter": "MEDELLIN"
        },
        {
          "order": 1,
          "parameter": "2026-03-17"
        },
        {
          "order": 2,
          "parameter": "DMU635"
        },
        {
          "order": 3,
          "parameter": "C29"
        },
        {
          "order": 4,
          "parameter": "Conducir un vehículo a velocidad superior a la máxima permitida"
        }
      ]
    }
  ],
  "SaveInfo": false,
  "origin": "API",
  "templateName": "notificacion_comparendos",
  "language": "ES",
  "sender": "School Center",
  "ParametersName": []
}/home/comparendos/venv/lib/python3.12/site-packages/urllib3/connectionpool.py:1097: InsecureRequestWarning: Unverified HTTPS request is being made to host 'serviciosdigitales.movilidadavanzadabello.com.co'. Adding certificate verification is strongly advised. See: https://urllib3.readthedocs.io/en/latest/advanced-usage.html#tls-warnings
  warnings.warn(
/home/comparendos/venv/lib/python3.12/site-packages/urllib3/connectionpool.py:1097: InsecureRequestWarning: Unverified HTTPS request is being made to host 'serviciosdigitales.movilidadavanzadabello.com.co'. Adding certificate verification is strongly advised. See: https://urllib3.readthedocs.io/en/latest/advanced-usage.html#tls-warnings
  warnings.warn(
/home/comparendos/venv/lib/python3.12/site-packages/urllib3/connectionpool.py:1097: InsecureRequestWarning: Unverified HTTPS request is being made to host 'serviciosdigitales.movilidadavanzadabello.com.co'. Adding certificate verification is strongly advised. See: https://urllib3.readthedocs.io/en/latest/advanced-usage.html#tls-warnings
  warnings.warn(
/home/comparendos/venv/lib/python3.12/site-packages/urllib3/connectionpool.py:1097: InsecureRequestWarning: Unverified HTTPS request is being made to host 'serviciosdigitales.movilidadavanzadabello.com.co'. Adding certificate verification is strongly advised. See: https://urllib3.readthedocs.io/en/latest/advanced-usage.html#tls-warnings
  warnings.warn(
/home/comparendos/venv/lib/python3.12/site-packages/urllib3/connectionpool.py:1097: InsecureRequestWarning: Unverified HTTPS request is being made to host 'serviciosdigitales.movilidadavanzadabello.com.co'. Adding certificate verification is strongly advised. See: https://urllib3.readthedocs.io/en/latest/advanced-usage.html#tls-warnings
  warnings.warn(
/home/comparendos/venv/lib/python3.12/site-packages/urllib3/connectionpool.py:1097: InsecureRequestWarning: Unverified HTTPS request is being made to host 'serviciosdigitales.movilidadavanzadabello.com.co'. Adding certificate verification is strongly advised. See: https://urllib3.readthedocs.io/en/latest/advanced-usage.html#tls-warnings
  warnings.warn(
/home/comparendos/venv/lib/python3.12/site-packages/urllib3/connectionpool.py:1097: InsecureRequestWarning: Unverified HTTPS request is being made to host 'serviciosdigitales.movilidadavanzadabello.com.co'. Adding certificate verification is strongly advised. See: https://urllib3.readthedocs.io/en/latest/advanced-usage.html#tls-warnings
  warnings.warn(
/home/comparendos/venv/lib/python3.12/site-packages/urllib3/connectionpool.py:1097: InsecureRequestWarning: Unverified HTTPS request is being made to host 'serviciosdigitales.movilidadavanzadabello.com.co'. Adding certificate verification is strongly advised. See: https://urllib3.readthedocs.io/en/latest/advanced-usage.html#tls-warnings
  warnings.warn(
/home/comparendos/venv/lib/python3.12/site-packages/urllib3/connectionpool.py:1097: InsecureRequestWarning: Unverified HTTPS request is being made to host 'serviciosdigitales.movilidadavanzadabello.com.co'. Adding certificate verification is strongly advised. See: https://urllib3.readthedocs.io/en/latest/advanced-usage.html#tls-warnings
  warnings.warn(
/home/comparendos/venv/lib/python3.12/site-packages/urllib3/connectionpool.py:1097: InsecureRequestWarning: Unverified HTTPS request is being made to host 'serviciosdigitales.movilidadavanzadabello.com.co'. Adding certificate verification is strongly advised. See: https://urllib3.readthedocs.io/en/latest/advanced-usage.html#tls-warnings
  warnings.warn(
/home/comparendos/venv/lib/python3.12/site-packages/urllib3/connectionpool.py:1097: InsecureRequestWarning: Unverified HTTPS request is being made to host 'serviciosdigitales.movilidadavanzadabello.com.co'. Adding certificate verification is strongly advised. See: https://urllib3.readthedocs.io/en/latest/advanced-usage.html#tls-warnings
  warnings.warn(
/home/comparendos/venv/lib/python3.12/site-packages/urllib3/connectionpool.py:1097: InsecureRequestWarning: Unverified HTTPS request is being made to host 'serviciosdigitales.movilidadavanzadabello.com.co'. Adding certificate verification is strongly advised. See: https://urllib3.readthedocs.io/en/latest/advanced-usage.html#tls-warnings
  warnings.warn(
/home/comparendos/venv/lib/python3.12/site-packages/urllib3/connectionpool.py:1097: InsecureRequestWarning: Unverified HTTPS request is being made to host 'serviciosdigitales.movilidadavanzadabello.com.co'. Adding certificate verification is strongly advised. See: https://urllib3.readthedocs.io/en/latest/advanced-usage.html#tls-warnings
  warnings.warn(
/home/comparendos/venv/lib/python3.12/site-packages/urllib3/connectionpool.py:1097: InsecureRequestWarning: Unverified HTTPS request is being made to host 'serviciosdigitales.movilidadavanzadabello.com.co'. Adding certificate verification is strongly advised. See: https://urllib3.readthedocs.io/en/latest/advanced-usage.html#tls-warnings
  warnings.warn(
/home/comparendos/venv/lib/python3.12/site-packages/urllib3/connectionpool.py:1097: InsecureRequestWarning: Unverified HTTPS request is being made to host 'serviciosdigitales.movilidadavanzadabello.com.co'. Adding certificate verification is strongly advised. See: https://urllib3.readthedocs.io/en/latest/advanced-usage.html#tls-warnings
  warnings.warn(
/home/comparendos/venv/lib/python3.12/site-packages/urllib3/connectionpool.py:1097: InsecureRequestWarning: Unverified HTTPS request is being made to host 'serviciosdigitales.movilidadavanzadabello.com.co'. Adding certificate verification is strongly advised. See: https://urllib3.readthedocs.io/en/latest/advanced-usage.html#tls-warnings
  warnings.warn(
/home/comparendos/venv/lib/python3.12/site-packages/urllib3/connectionpool.py:1097: InsecureRequestWarning: Unverified HTTPS request is being made to host 'serviciosdigitales.movilidadavanzadabello.com.co'. Adding certificate verification is strongly advised. See: https://urllib3.readthedocs.io/en/latest/advanced-usage.html#tls-warnings
  warnings.warn(
/home/comparendos/venv/lib/python3.12/site-packages/urllib3/connectionpool.py:1097: InsecureRequestWarning: Unverified HTTPS request is being made to host 'serviciosdigitales.movilidadavanzadabello.com.co'. Adding certificate verification is strongly advised. See: https://urllib3.readthedocs.io/en/latest/advanced-usage.html#tls-warnings
  warnings.warn(
/home/comparendos/venv/lib/python3.12/site-packages/urllib3/connectionpool.py:1097: InsecureRequestWarning: Unverified HTTPS request is being made to host 'serviciosdigitales.movilidadavanzadabello.com.co'. Adding certificate verification is strongly advised. See: https://urllib3.readthedocs.io/en/latest/advanced-usage.html#tls-warnings
  warnings.warn(
/home/comparendos/venv/lib/python3.12/site-packages/urllib3/connectionpool.py:1097: InsecureRequestWarning: Unverified HTTPS request is being made to host 'serviciosdigitales.movilidadavanzadabello.com.co'. Adding certificate verification is strongly advised. See: https://urllib3.readthedocs.io/en/latest/advanced-usage.html#tls-warnings
  warnings.warn(
/home/comparendos/venv/lib/python3.12/site-packages/urllib3/connectionpool.py:1097: InsecureRequestWarning: Unverified HTTPS request is being made to host 'serviciosdigitales.movilidadavanzadabello.com.co'. Adding certificate verification is strongly advised. See: https://urllib3.readthedocs.io/en/latest/advanced-usage.html#tls-warnings
  warnings.warn(
/home/comparendos/venv/lib/python3.12/site-packages/urllib3/connectionpool.py:1097: InsecureRequestWarning: Unverified HTTPS request is being made to host 'serviciosdigitales.movilidadavanzadabello.com.co'. Adding certificate verification is strongly advised. See: https://urllib3.readthedocs.io/en/latest/advanced-usage.html#tls-warnings
  warnings.warn(
/home/comparendos/venv/lib/python3.12/site-packages/urllib3/connectionpool.py:1097: InsecureRequestWarning: Unverified HTTPS request is being made to host 'serviciosdigitales.movilidadavanzadabello.com.co'. Adding certificate verification is strongly advised. See: https://urllib3.readthedocs.io/en/latest/advanced-usage.html#tls-warnings
  warnings.warn(
/home/comparendos/venv/lib/python3.12/site-packages/urllib3/connectionpool.py:1097: InsecureRequestWarning: Unverified HTTPS request is being made to host 'serviciosdigitales.movilidadavanzadabello.com.co'. Adding certificate verification is strongly advised. See: https://urllib3.readthedocs.io/en/latest/advanced-usage.html#tls-warnings
  warnings.warn(
/home/comparendos/venv/lib/python3.12/site-packages/urllib3/connectionpool.py:1097: InsecureRequestWarning: Unverified HTTPS request is being made to host 'serviciosdigitales.movilidadavanzadabello.com.co'. Adding certificate verification is strongly advised. See: https://urllib3.readthedocs.io/en/latest/advanced-usage.html#tls-warnings
  warnings.warn(
/home/comparendos/venv/lib/python3.12/site-packages/urllib3/connectionpool.py:1097: InsecureRequestWarning: Unverified HTTPS request is being made to host 'serviciosdigitales.movilidadavanzadabello.com.co'. Adding certificate verification is strongly advised. See: https://urllib3.readthedocs.io/en/latest/advanced-usage.html#tls-warnings
  warnings.warn(
/home/comparendos/venv/lib/python3.12/site-packages/urllib3/connectionpool.py:1097: InsecureRequestWarning: Unverified HTTPS request is being made to host 'serviciosdigitales.movilidadavanzadabello.com.co'. Adding certificate verification is strongly advised. See: https://urllib3.readthedocs.io/en/latest/advanced-usage.html#tls-warnings
  warnings.warn(
/home/comparendos/venv/lib/python3.12/site-packages/urllib3/connectionpool.py:1097: InsecureRequestWarning: Unverified HTTPS request is being made to host 'serviciosdigitales.movilidadavanzadabello.com.co'. Adding certificate verification is strongly advised. See: https://urllib3.readthedocs.io/en/latest/advanced-usage.html#tls-warnings
  warnings.warn(
/home/comparendos/venv/lib/python3.12/site-packages/urllib3/connectionpool.py:1097: InsecureRequestWarning: Unverified HTTPS request is being made to host 'serviciosdigitales.movilidadavanzadabello.com.co'. Adding certificate verification is strongly advised. See: https://urllib3.readthedocs.io/en/latest/advanced-usage.html#tls-warnings
  warnings.warn(
/home/comparendos/venv/lib/python3.12/site-packages/urllib3/connectionpool.py:1097: InsecureRequestWarning: Unverified HTTPS request is being made to host 'serviciosdigitales.movilidadavanzadabello.com.co'. Adding certificate verification is strongly advised. See: https://urllib3.readthedocs.io/en/latest/advanced-usage.html#tls-warnings
  warnings.warn(
/home/comparendos/venv/lib/python3.12/site-packages/urllib3/connectionpool.py:1097: InsecureRequestWarning: Unverified HTTPS request is being made to host 'serviciosdigitales.movilidadavanzadabello.com.co'. Adding certificate verification is strongly advised. See: https://urllib3.readthedocs.io/en/latest/advanced-usage.html#tls-warnings
  warnings.warn(
/home/comparendos/venv/lib/python3.12/site-packages/urllib3/connectionpool.py:1097: InsecureRequestWarning: Unverified HTTPS request is being made to host 'serviciosdigitales.movilidadavanzadabello.com.co'. Adding certificate verification is strongly advised. See: https://urllib3.readthedocs.io/en/latest/advanced-usage.html#tls-warnings
  warnings.warn(
/home/comparendos/venv/lib/python3.12/site-packages/urllib3/connectionpool.py:1097: InsecureRequestWarning: Unverified HTTPS request is being made to host 'serviciosdigitales.movilidadavanzadabello.com.co'. Adding certificate verification is strongly advised. See: https://urllib3.readthedocs.io/en/latest/advanced-usage.html#tls-warnings
  warnings.warn(
/home/comparendos/venv/lib/python3.12/site-packages/urllib3/connectionpool.py:1097: InsecureRequestWarning: Unverified HTTPS request is being made to host 'serviciosdigitales.movilidadavanzadabello.com.co'. Adding certificate verification is strongly advised. See: https://urllib3.readthedocs.io/en/latest/advanced-usage.html#tls-warnings
  warnings.warn(
/home/comparendos/venv/lib/python3.12/site-packages/urllib3/connectionpool.py:1097: InsecureRequestWarning: Unverified HTTPS request is being made to host 'serviciosdigitales.movilidadavanzadabello.com.co'. Adding certificate verification is strongly advised. See: https://urllib3.readthedocs.io/en/latest/advanced-usage.html#tls-warnings
  warnings.warn(
/home/comparendos/venv/lib/python3.12/site-packages/urllib3/connectionpool.py:1097: InsecureRequestWarning: Unverified HTTPS request is being made to host 'serviciosdigitales.movilidadavanzadabello.com.co'. Adding certificate verification is strongly advised. See: https://urllib3.readthedocs.io/en/latest/advanced-usage.html#tls-warnings
  warnings.warn(
/home/comparendos/venv/lib/python3.12/site-packages/urllib3/connectionpool.py:1097: InsecureRequestWarning: Unverified HTTPS request is being made to host 'serviciosdigitales.movilidadavanzadabello.com.co'. Adding certificate verification is strongly advised. See: https://urllib3.readthedocs.io/en/latest/advanced-usage.html#tls-warnings
  warnings.warn(
/home/comparendos/venv/lib/python3.12/site-packages/urllib3/connectionpool.py:1097: InsecureRequestWarning: Unverified HTTPS request is being made to host 'serviciosdigitales.movilidadavanzadabello.com.co'. Adding certificate verification is strongly advised. See: https://urllib3.readthedocs.io/en/latest/advanced-usage.html#tls-warnings
  warnings.warn(
/home/comparendos/venv/lib/python3.12/site-packages/urllib3/connectionpool.py:1097: InsecureRequestWarning: Unverified HTTPS request is being made to host 'serviciosdigitales.movilidadavanzadabello.com.co'. Adding certificate verification is strongly advised. See: https://urllib3.readthedocs.io/en/latest/advanced-usage.html#tls-warnings
  warnings.warn(
/home/comparendos/venv/lib/python3.12/site-packages/urllib3/connectionpool.py:1097: InsecureRequestWarning: Unverified HTTPS request is being made to host 'serviciosdigitales.movilidadavanzadabello.com.co'. Adding certificate verification is strongly advised. See: https://urllib3.readthedocs.io/en/latest/advanced-usage.html#tls-warnings
  warnings.warn(
/home/comparendos/venv/lib/python3.12/site-packages/urllib3/connectionpool.py:1097: InsecureRequestWarning: Unverified HTTPS request is being made to host 'serviciosdigitales.movilidadavanzadabello.com.co'. Adding certificate verification is strongly advised. See: https://urllib3.readthedocs.io/en/latest/advanced-usage.html#tls-warnings
  warnings.warn(
/home/comparendos/venv/lib/python3.12/site-packages/urllib3/connectionpool.py:1097: InsecureRequestWarning: Unverified HTTPS request is being made to host 'serviciosdigitales.movilidadavanzadabello.com.co'. Adding certificate verification is strongly advised. See: https://urllib3.readthedocs.io/en/latest/advanced-usage.html#tls-warnings
  warnings.warn(
/home/comparendos/venv/lib/python3.12/site-packages/urllib3/connectionpool.py:1097: InsecureRequestWarning: Unverified HTTPS request is being made to host 'serviciosdigitales.movilidadavanzadabello.com.co'. Adding certificate verification is strongly advised. See: https://urllib3.readthedocs.io/en/latest/advanced-usage.html#tls-warnings
  warnings.warn(
/home/comparendos/venv/lib/python3.12/site-packages/urllib3/connectionpool.py:1097: InsecureRequestWarning: Unverified HTTPS request is being made to host 'serviciosdigitales.movilidadavanzadabello.com.co'. Adding certificate verification is strongly advised. See: https://urllib3.readthedocs.io/en/latest/advanced-usage.html#tls-warnings
  warnings.warn(
/home/comparendos/venv/lib/python3.12/site-packages/urllib3/connectionpool.py:1097: InsecureRequestWarning: Unverified HTTPS request is being made to host 'serviciosdigitales.movilidadavanzadabello.com.co'. Adding certificate verification is strongly advised. See: https://urllib3.readthedocs.io/en/latest/advanced-usage.html#tls-warnings
  warnings.warn(
/home/comparendos/venv/lib/python3.12/site-packages/urllib3/connectionpool.py:1097: InsecureRequestWarning: Unverified HTTPS request is being made to host 'serviciosdigitales.movilidadavanzadabello.com.co'. Adding certificate verification is strongly advised. See: https://urllib3.readthedocs.io/en/latest/advanced-usage.html#tls-warnings
  warnings.warn(
/home/comparendos/venv/lib/python3.12/site-packages/urllib3/connectionpool.py:1097: InsecureRequestWarning: Unverified HTTPS request is being made to host 'serviciosdigitales.movilidadavanzadabello.com.co'. Adding certificate verification is strongly advised. See: https://urllib3.readthedocs.io/en/latest/advanced-usage.html#tls-warnings
  warnings.warn(
/home/comparendos/venv/lib/python3.12/site-packages/urllib3/connectionpool.py:1097: InsecureRequestWarning: Unverified HTTPS request is being made to host 'serviciosdigitales.movilidadavanzadabello.com.co'. Adding certificate verification is strongly advised. See: https://urllib3.readthedocs.io/en/latest/advanced-usage.html#tls-warnings
  warnings.warn(
/home/comparendos/venv/lib/python3.12/site-packages/urllib3/connectionpool.py:1097: InsecureRequestWarning: Unverified HTTPS request is being made to host 'serviciosdigitales.movilidadavanzadabello.com.co'. Adding certificate verification is strongly advised. See: https://urllib3.readthedocs.io/en/latest/advanced-usage.html#tls-warnings
  warnings.warn(
/home/comparendos/venv/lib/python3.12/site-packages/urllib3/connectionpool.py:1097: InsecureRequestWarning: Unverified HTTPS request is being made to host 'serviciosdigitales.movilidadavanzadabello.com.co'. Adding certificate verification is strongly advised. See: https://urllib3.readthedocs.io/en/latest/advanced-usage.html#tls-warnings
  warnings.warn(
/home/comparendos/venv/lib/python3.12/site-packages/urllib3/connectionpool.py:1097: InsecureRequestWarning: Unverified HTTPS request is being made to host 'serviciosdigitales.movilidadavanzadabello.com.co'. Adding certificate verification is strongly advised. See: https://urllib3.readthedocs.io/en/latest/advanced-usage.html#tls-warnings
  warnings.warn(
/home/comparendos/venv/lib/python3.12/site-packages/urllib3/connectionpool.py:1097: InsecureRequestWarning: Unverified HTTPS request is being made to host 'serviciosdigitales.movilidadavanzadabello.com.co'. Adding certificate verification is strongly advised. See: https://urllib3.readthedocs.io/en/latest/advanced-usage.html#tls-warnings
  warnings.warn(
/home/comparendos/venv/lib/python3.12/site-packages/urllib3/connectionpool.py:1097: InsecureRequestWarning: Unverified HTTPS request is being made to host 'serviciosdigitales.movilidadavanzadabello.com.co'. Adding certificate verification is strongly advised. See: https://urllib3.readthedocs.io/en/latest/advanced-usage.html#tls-warnings
  warnings.warn(
/home/comparendos/venv/lib/python3.12/site-packages/urllib3/connectionpool.py:1097: InsecureRequestWarning: Unverified HTTPS request is being made to host 'serviciosdigitales.movilidadavanzadabello.com.co'. Adding certificate verification is strongly advised. See: https://urllib3.readthedocs.io/en/latest/advanced-usage.html#tls-warnings
  warnings.warn(
/home/comparendos/venv/lib/python3.12/site-packages/urllib3/connectionpool.py:1097: InsecureRequestWarning: Unverified HTTPS request is being made to host 'serviciosdigitales.movilidadavanzadabello.com.co'. Adding certificate verification is strongly advised. See: https://urllib3.readthedocs.io/en/latest/advanced-usage.html#tls-warnings
  warnings.warn(
/home/comparendos/venv/lib/python3.12/site-packages/urllib3/connectionpool.py:1097: InsecureRequestWarning: Unverified HTTPS request is being made to host 'serviciosdigitales.movilidadavanzadabello.com.co'. Adding certificate verification is strongly advised. See: https://urllib3.readthedocs.io/en/latest/advanced-usage.html#tls-warnings
  warnings.warn(
/home/comparendos/venv/lib/python3.12/site-packages/urllib3/connectionpool.py:1097: InsecureRequestWarning: Unverified HTTPS request is being made to host 'serviciosdigitales.movilidadavanzadabello.com.co'. Adding certificate verification is strongly advised. See: https://urllib3.readthedocs.io/en/latest/advanced-usage.html#tls-warnings
  warnings.warn(
/home/comparendos/venv/lib/python3.12/site-packages/urllib3/connectionpool.py:1097: InsecureRequestWarning: Unverified HTTPS request is being made to host 'serviciosdigitales.movilidadavanzadabello.com.co'. Adding certificate verification is strongly advised. See: https://urllib3.readthedocs.io/en/latest/advanced-usage.html#tls-warnings
  warnings.warn(
/home/comparendos/venv/lib/python3.12/site-packages/urllib3/connectionpool.py:1097: InsecureRequestWarning: Unverified HTTPS request is being made to host 'serviciosdigitales.movilidadavanzadabello.com.co'. Adding certificate verification is strongly advised. See: https://urllib3.readthedocs.io/en/latest/advanced-usage.html#tls-warnings
  warnings.warn(
/home/comparendos/venv/lib/python3.12/site-packages/urllib3/connectionpool.py:1097: InsecureRequestWarning: Unverified HTTPS request is being made to host 'serviciosdigitales.movilidadavanzadabello.com.co'. Adding certificate verification is strongly advised. See: https://urllib3.readthedocs.io/en/latest/advanced-usage.html#tls-warnings
  warnings.warn(
/home/comparendos/venv/lib/python3.12/site-packages/urllib3/connectionpool.py:1097: InsecureRequestWarning: Unverified HTTPS request is being made to host 'serviciosdigitales.movilidadavanzadabello.com.co'. Adding certificate verification is strongly advised. See: https://urllib3.readthedocs.io/en/latest/advanced-usage.html#tls-warnings
  warnings.warn(
/home/comparendos/venv/lib/python3.12/site-packages/urllib3/connectionpool.py:1097: InsecureRequestWarning: Unverified HTTPS request is being made to host 'serviciosdigitales.movilidadavanzadabello.com.co'. Adding certificate verification is strongly advised. See: https://urllib3.readthedocs.io/en/latest/advanced-usage.html#tls-warnings
  warnings.warn(
/home/comparendos/venv/lib/python3.12/site-packages/urllib3/connectionpool.py:1097: InsecureRequestWarning: Unverified HTTPS request is being made to host 'serviciosdigitales.movilidadavanzadabello.com.co'. Adding certificate verification is strongly advised. See: https://urllib3.readthedocs.io/en/latest/advanced-usage.html#tls-warnings
  warnings.warn(
/home/comparendos/venv/lib/python3.12/site-packages/urllib3/connectionpool.py:1097: InsecureRequestWarning: Unverified HTTPS request is being made to host 'serviciosdigitales.movilidadavanzadabello.com.co'. Adding certificate verification is strongly advised. See: https://urllib3.readthedocs.io/en/latest/advanced-usage.html#tls-warnings
  warnings.warn(
/home/comparendos/venv/lib/python3.12/site-packages/urllib3/connectionpool.py:1097: InsecureRequestWarning: Unverified HTTPS request is being made to host 'serviciosdigitales.movilidadavanzadabello.com.co'. Adding certificate verification is strongly advised. See: https://urllib3.readthedocs.io/en/latest/advanced-usage.html#tls-warnings
  warnings.warn(
/home/comparendos/venv/lib/python3.12/site-packages/urllib3/connectionpool.py:1097: InsecureRequestWarning: Unverified HTTPS request is being made to host 'serviciosdigitales.movilidadavanzadabello.com.co'. Adding certificate verification is strongly advised. See: https://urllib3.readthedocs.io/en/latest/advanced-usage.html#tls-warnings
  warnings.warn(
/home/comparendos/venv/lib/python3.12/site-packages/urllib3/connectionpool.py:1097: InsecureRequestWarning: Unverified HTTPS request is being made to host 'serviciosdigitales.movilidadavanzadabello.com.co'. Adding certificate verification is strongly advised. See: https://urllib3.readthedocs.io/en/latest/advanced-usage.html#tls-warnings
  warnings.warn(
/home/comparendos/venv/lib/python3.12/site-packages/urllib3/connectionpool.py:1097: InsecureRequestWarning: Unverified HTTPS request is being made to host 'serviciosdigitales.movilidadavanzadabello.com.co'. Adding certificate verification is strongly advised. See: https://urllib3.readthedocs.io/en/latest/advanced-usage.html#tls-warnings
  warnings.warn(
/home/comparendos/venv/lib/python3.12/site-packages/urllib3/connectionpool.py:1097: InsecureRequestWarning: Unverified HTTPS request is being made to host 'serviciosdigitales.movilidadavanzadabello.com.co'. Adding certificate verification is strongly advised. See: https://urllib3.readthedocs.io/en/latest/advanced-usage.html#tls-warnings
  warnings.warn(
/home/comparendos/venv/lib/python3.12/site-packages/urllib3/connectionpool.py:1097: InsecureRequestWarning: Unverified HTTPS request is being made to host 'serviciosdigitales.movilidadavanzadabello.com.co'. Adding certificate verification is strongly advised. See: https://urllib3.readthedocs.io/en/latest/advanced-usage.html#tls-warnings
  warnings.warn(
/home/comparendos/venv/lib/python3.12/site-packages/urllib3/connectionpool.py:1097: InsecureRequestWarning: Unverified HTTPS request is being made to host 'serviciosdigitales.movilidadavanzadabello.com.co'. Adding certificate verification is strongly advised. See: https://urllib3.readthedocs.io/en/latest/advanced-usage.html#tls-warnings
  warnings.warn(
/home/comparendos/venv/lib/python3.12/site-packages/urllib3/connectionpool.py:1097: InsecureRequestWarning: Unverified HTTPS request is being made to host 'serviciosdigitales.movilidadavanzadabello.com.co'. Adding certificate verification is strongly advised. See: https://urllib3.readthedocs.io/en/latest/advanced-usage.html#tls-warnings
  warnings.warn(
/home/comparendos/venv/lib/python3.12/site-packages/urllib3/connectionpool.py:1097: InsecureRequestWarning: Unverified HTTPS request is being made to host 'serviciosdigitales.movilidadavanzadabello.com.co'. Adding certificate verification is strongly advised. See: https://urllib3.readthedocs.io/en/latest/advanced-usage.html#tls-warnings
  warnings.warn(
/home/comparendos/venv/lib/python3.12/site-packages/urllib3/connectionpool.py:1097: InsecureRequestWarning: Unverified HTTPS request is being made to host 'serviciosdigitales.movilidadavanzadabello.com.co'. Adding certificate verification is strongly advised. See: https://urllib3.readthedocs.io/en/latest/advanced-usage.html#tls-warnings
  warnings.warn(
/home/comparendos/venv/lib/python3.12/site-packages/urllib3/connectionpool.py:1097: InsecureRequestWarning: Unverified HTTPS request is being made to host 'serviciosdigitales.movilidadavanzadabello.com.co'. Adding certificate verification is strongly advised. See: https://urllib3.readthedocs.io/en/latest/advanced-usage.html#tls-warnings
  warnings.warn(
/home/comparendos/venv/lib/python3.12/site-packages/urllib3/connectionpool.py:1097: InsecureRequestWarning: Unverified HTTPS request is being made to host 'serviciosdigitales.movilidadavanzadabello.com.co'. Adding certificate verification is strongly advised. See: https://urllib3.readthedocs.io/en/latest/advanced-usage.html#tls-warnings
  warnings.warn(
/home/comparendos/venv/lib/python3.12/site-packages/urllib3/connectionpool.py:1097: InsecureRequestWarning: Unverified HTTPS request is being made to host 'serviciosdigitales.movilidadavanzadabello.com.co'. Adding certificate verification is strongly advised. See: https://urllib3.readthedocs.io/en/latest/advanced-usage.html#tls-warnings
  warnings.warn(
/home/comparendos/venv/lib/python3.12/site-packages/urllib3/connectionpool.py:1097: InsecureRequestWarning: Unverified HTTPS request is being made to host 'serviciosdigitales.movilidadavanzadabello.com.co'. Adding certificate verification is strongly advised. See: https://urllib3.readthedocs.io/en/latest/advanced-usage.html#tls-warnings
  warnings.warn(
/home/comparendos/venv/lib/python3.12/site-packages/urllib3/connectionpool.py:1097: InsecureRequestWarning: Unverified HTTPS request is being made to host 'serviciosdigitales.movilidadavanzadabello.com.co'. Adding certificate verification is strongly advised. See: https://urllib3.readthedocs.io/en/latest/advanced-usage.html#tls-warnings
  warnings.warn(
/home/comparendos/venv/lib/python3.12/site-packages/urllib3/connectionpool.py:1097: InsecureRequestWarning: Unverified HTTPS request is being made to host 'serviciosdigitales.movilidadavanzadabello.com.co'. Adding certificate verification is strongly advised. See: https://urllib3.readthedocs.io/en/latest/advanced-usage.html#tls-warnings
  warnings.warn(
/home/comparendos/venv/lib/python3.12/site-packages/urllib3/connectionpool.py:1097: InsecureRequestWarning: Unverified HTTPS request is being made to host 'serviciosdigitales.movilidadavanzadabello.com.co'. Adding certificate verification is strongly advised. See: https://urllib3.readthedocs.io/en/latest/advanced-usage.html#tls-warnings
  warnings.warn(
/home/comparendos/venv/lib/python3.12/site-packages/urllib3/connectionpool.py:1097: InsecureRequestWarning: Unverified HTTPS request is being made to host 'serviciosdigitales.movilidadavanzadabello.com.co'. Adding certificate verification is strongly advised. See: https://urllib3.readthedocs.io/en/latest/advanced-usage.html#tls-warnings
  warnings.warn(
/home/comparendos/venv/lib/python3.12/site-packages/urllib3/connectionpool.py:1097: InsecureRequestWarning: Unverified HTTPS request is being made to host 'serviciosdigitales.movilidadavanzadabello.com.co'. Adding certificate verification is strongly advised. See: https://urllib3.readthedocs.io/en/latest/advanced-usage.html#tls-warnings
  warnings.warn(
/home/comparendos/venv/lib/python3.12/site-packages/urllib3/connectionpool.py:1097: InsecureRequestWarning: Unverified HTTPS request is being made to host 'serviciosdigitales.movilidadavanzadabello.com.co'. Adding certificate verification is strongly advised. See: https://urllib3.readthedocs.io/en/latest/advanced-usage.html#tls-warnings
  warnings.warn(
/home/comparendos/venv/lib/python3.12/site-packages/urllib3/connectionpool.py:1097: InsecureRequestWarning: Unverified HTTPS request is being made to host 'serviciosdigitales.movilidadavanzadabello.com.co'. Adding certificate verification is strongly advised. See: https://urllib3.readthedocs.io/en/latest/advanced-usage.html#tls-warnings
  warnings.warn(
/home/comparendos/venv/lib/python3.12/site-packages/urllib3/connectionpool.py:1097: InsecureRequestWarning: Unverified HTTPS request is being made to host 'serviciosdigitales.movilidadavanzadabello.com.co'. Adding certificate verification is strongly advised. See: https://urllib3.readthedocs.io/en/latest/advanced-usage.html#tls-warnings
  warnings.warn(
/home/comparendos/venv/lib/python3.12/site-packages/urllib3/connectionpool.py:1097: InsecureRequestWarning: Unverified HTTPS request is being made to host 'serviciosdigitales.movilidadavanzadabello.com.co'. Adding certificate verification is strongly advised. See: https://urllib3.readthedocs.io/en/latest/advanced-usage.html#tls-warnings
  warnings.warn(
/home/comparendos/venv/lib/python3.12/site-packages/urllib3/connectionpool.py:1097: InsecureRequestWarning: Unverified HTTPS request is being made to host 'serviciosdigitales.movilidadavanzadabello.com.co'. Adding certificate verification is strongly advised. See: https://urllib3.readthedocs.io/en/latest/advanced-usage.html#tls-warnings
  warnings.warn(
/home/comparendos/venv/lib/python3.12/site-packages/urllib3/connectionpool.py:1097: InsecureRequestWarning: Unverified HTTPS request is being made to host 'serviciosdigitales.movilidadavanzadabello.com.co'. Adding certificate verification is strongly advised. See: https://urllib3.readthedocs.io/en/latest/advanced-usage.html#tls-warnings
  warnings.warn(
/home/comparendos/venv/lib/python3.12/site-packages/urllib3/connectionpool.py:1097: InsecureRequestWarning: Unverified HTTPS request is being made to host 'serviciosdigitales.movilidadavanzadabello.com.co'. Adding certificate verification is strongly advised. See: https://urllib3.readthedocs.io/en/latest/advanced-usage.html#tls-warnings
  warnings.warn(
/home/comparendos/venv/lib/python3.12/site-packages/urllib3/connectionpool.py:1097: InsecureRequestWarning: Unverified HTTPS request is being made to host 'serviciosdigitales.movilidadavanzadabello.com.co'. Adding certificate verification is strongly advised. See: https://urllib3.readthedocs.io/en/latest/advanced-usage.html#tls-warnings
  warnings.warn(
/home/comparendos/venv/lib/python3.12/site-packages/urllib3/connectionpool.py:1097: InsecureRequestWarning: Unverified HTTPS request is being made to host 'serviciosdigitales.movilidadavanzadabello.com.co'. Adding certificate verification is strongly advised. See: https://urllib3.readthedocs.io/en/latest/advanced-usage.html#tls-warnings
  warnings.warn(
/home/comparendos/venv/lib/python3.12/site-packages/urllib3/connectionpool.py:1097: InsecureRequestWarning: Unverified HTTPS request is being made to host 'serviciosdigitales.movilidadavanzadabello.com.co'. Adding certificate verification is strongly advised. See: https://urllib3.readthedocs.io/en/latest/advanced-usage.html#tls-warnings
  warnings.warn(
/home/comparendos/venv/lib/python3.12/site-packages/urllib3/connectionpool.py:1097: InsecureRequestWarning: Unverified HTTPS request is being made to host 'serviciosdigitales.movilidadavanzadabello.com.co'. Adding certificate verification is strongly advised. See: https://urllib3.readthedocs.io/en/latest/advanced-usage.html#tls-warnings
  warnings.warn(
/home/comparendos/venv/lib/python3.12/site-packages/urllib3/connectionpool.py:1097: InsecureRequestWarning: Unverified HTTPS request is being made to host 'serviciosdigitales.movilidadavanzadabello.com.co'. Adding certificate verification is strongly advised. See: https://urllib3.readthedocs.io/en/latest/advanced-usage.html#tls-warnings
  warnings.warn(
/home/comparendos/venv/lib/python3.12/site-packages/urllib3/connectionpool.py:1097: InsecureRequestWarning: Unverified HTTPS request is being made to host 'serviciosdigitales.movilidadavanzadabello.com.co'. Adding certificate verification is strongly advised. See: https://urllib3.readthedocs.io/en/latest/advanced-usage.html#tls-warnings
  warnings.warn(
/home/comparendos/venv/lib/python3.12/site-packages/urllib3/connectionpool.py:1097: InsecureRequestWarning: Unverified HTTPS request is being made to host 'serviciosdigitales.movilidadavanzadabello.com.co'. Adding certificate verification is strongly advised. See: https://urllib3.readthedocs.io/en/latest/advanced-usage.html#tls-warnings
  warnings.warn(
/home/comparendos/venv/lib/python3.12/site-packages/urllib3/connectionpool.py:1097: InsecureRequestWarning: Unverified HTTPS request is being made to host 'serviciosdigitales.movilidadavanzadabello.com.co'. Adding certificate verification is strongly advised. See: https://urllib3.readthedocs.io/en/latest/advanced-usage.html#tls-warnings
  warnings.warn(
/home/comparendos/venv/lib/python3.12/site-packages/urllib3/connectionpool.py:1097: InsecureRequestWarning: Unverified HTTPS request is being made to host 'serviciosdigitales.movilidadavanzadabello.com.co'. Adding certificate verification is strongly advised. See: https://urllib3.readthedocs.io/en/latest/advanced-usage.html#tls-warnings
  warnings.warn(
/home/comparendos/venv/lib/python3.12/site-packages/urllib3/connectionpool.py:1097: InsecureRequestWarning: Unverified HTTPS request is being made to host 'serviciosdigitales.movilidadavanzadabello.com.co'. Adding certificate verification is strongly advised. See: https://urllib3.readthedocs.io/en/latest/advanced-usage.html#tls-warnings
  warnings.warn(
/home/comparendos/venv/lib/python3.12/site-packages/urllib3/connectionpool.py:1097: InsecureRequestWarning: Unverified HTTPS request is being made to host 'serviciosdigitales.movilidadavanzadabello.com.co'. Adding certificate verification is strongly advised. See: https://urllib3.readthedocs.io/en/latest/advanced-usage.html#tls-warnings
  warnings.warn(
/home/comparendos/venv/lib/python3.12/site-packages/urllib3/connectionpool.py:1097: InsecureRequestWarning: Unverified HTTPS request is being made to host 'serviciosdigitales.movilidadavanzadabello.com.co'. Adding certificate verification is strongly advised. See: https://urllib3.readthedocs.io/en/latest/advanced-usage.html#tls-warnings
  warnings.warn(
/home/comparendos/venv/lib/python3.12/site-packages/urllib3/connectionpool.py:1097: InsecureRequestWarning: Unverified HTTPS request is being made to host 'serviciosdigitales.movilidadavanzadabello.com.co'. Adding certificate verification is strongly advised. See: https://urllib3.readthedocs.io/en/latest/advanced-usage.html#tls-warnings
  warnings.warn(
/home/comparendos/venv/lib/python3.12/site-packages/urllib3/connectionpool.py:1097: InsecureRequestWarning: Unverified HTTPS request is being made to host 'serviciosdigitales.movilidadavanzadabello.com.co'. Adding certificate verification is strongly advised. See: https://urllib3.readthedocs.io/en/latest/advanced-usage.html#tls-warnings
  warnings.warn(
/home/comparendos/venv/lib/python3.12/site-packages/urllib3/connectionpool.py:1097: InsecureRequestWarning: Unverified HTTPS request is being made to host 'serviciosdigitales.movilidadavanzadabello.com.co'. Adding certificate verification is strongly advised. See: https://urllib3.readthedocs.io/en/latest/advanced-usage.html#tls-warnings
  warnings.warn(
/home/comparendos/venv/lib/python3.12/site-packages/urllib3/connectionpool.py:1097: InsecureRequestWarning: Unverified HTTPS request is being made to host 'serviciosdigitales.movilidadavanzadabello.com.co'. Adding certificate verification is strongly advised. See: https://urllib3.readthedocs.io/en/latest/advanced-usage.html#tls-warnings
  warnings.warn(
/home/comparendos/venv/lib/python3.12/site-packages/urllib3/connectionpool.py:1097: InsecureRequestWarning: Unverified HTTPS request is being made to host 'serviciosdigitales.movilidadavanzadabello.com.co'. Adding certificate verification is strongly advised. See: https://urllib3.readthedocs.io/en/latest/advanced-usage.html#tls-warnings
  warnings.warn(
/home/comparendos/venv/lib/python3.12/site-packages/urllib3/connectionpool.py:1097: InsecureRequestWarning: Unverified HTTPS request is being made to host 'serviciosdigitales.movilidadavanzadabello.com.co'. Adding certificate verification is strongly advised. See: https://urllib3.readthedocs.io/en/latest/advanced-usage.html#tls-warnings
  warnings.warn(
/home/comparendos/venv/lib/python3.12/site-packages/urllib3/connectionpool.py:1097: InsecureRequestWarning: Unverified HTTPS request is being made to host 'serviciosdigitales.movilidadavanzadabello.com.co'. Adding certificate verification is strongly advised. See: https://urllib3.readthedocs.io/en/latest/advanced-usage.html#tls-warnings
  warnings.warn(
/home/comparendos/venv/lib/python3.12/site-packages/urllib3/connectionpool.py:1097: InsecureRequestWarning: Unverified HTTPS request is being made to host 'serviciosdigitales.movilidadavanzadabello.com.co'. Adding certificate verification is strongly advised. See: https://urllib3.readthedocs.io/en/latest/advanced-usage.html#tls-warnings
  warnings.warn(
/home/comparendos/venv/lib/python3.12/site-packages/urllib3/connectionpool.py:1097: InsecureRequestWarning: Unverified HTTPS request is being made to host 'serviciosdigitales.movilidadavanzadabello.com.co'. Adding certificate verification is strongly advised. See: https://urllib3.readthedocs.io/en/latest/advanced-usage.html#tls-warnings
  warnings.warn(
/home/comparendos/venv/lib/python3.12/site-packages/urllib3/connectionpool.py:1097: InsecureRequestWarning: Unverified HTTPS request is being made to host 'serviciosdigitales.movilidadavanzadabello.com.co'. Adding certificate verification is strongly advised. See: https://urllib3.readthedocs.io/en/latest/advanced-usage.html#tls-warnings
  warnings.warn(
/home/comparendos/venv/lib/python3.12/site-packages/urllib3/connectionpool.py:1097: InsecureRequestWarning: Unverified HTTPS request is being made to host 'serviciosdigitales.movilidadavanzadabello.com.co'. Adding certificate verification is strongly advised. See: https://urllib3.readthedocs.io/en/latest/advanced-usage.html#tls-warnings
  warnings.warn(
/home/comparendos/venv/lib/python3.12/site-packages/urllib3/connectionpool.py:1097: InsecureRequestWarning: Unverified HTTPS request is being made to host 'serviciosdigitales.movilidadavanzadabello.com.co'. Adding certificate verification is strongly advised. See: https://urllib3.readthedocs.io/en/latest/advanced-usage.html#tls-warnings
  warnings.warn(
/home/comparendos/venv/lib/python3.12/site-packages/urllib3/connectionpool.py:1097: InsecureRequestWarning: Unverified HTTPS request is being made to host 'serviciosdigitales.movilidadavanzadabello.com.co'. Adding certificate verification is strongly advised. See: https://urllib3.readthedocs.io/en/latest/advanced-usage.html#tls-warnings
  warnings.warn(
/home/comparendos/venv/lib/python3.12/site-packages/urllib3/connectionpool.py:1097: InsecureRequestWarning: Unverified HTTPS request is being made to host 'serviciosdigitales.movilidadavanzadabello.com.co'. Adding certificate verification is strongly advised. See: https://urllib3.readthedocs.io/en/latest/advanced-usage.html#tls-warnings
  warnings.warn(
/home/comparendos/venv/lib/python3.12/site-packages/urllib3/connectionpool.py:1097: InsecureRequestWarning: Unverified HTTPS request is being made to host 'serviciosdigitales.movilidadavanzadabello.com.co'. Adding certificate verification is strongly advised. See: https://urllib3.readthedocs.io/en/latest/advanced-usage.html#tls-warnings
  warnings.warn(
/home/comparendos/venv/lib/python3.12/site-packages/urllib3/connectionpool.py:1097: InsecureRequestWarning: Unverified HTTPS request is being made to host 'serviciosdigitales.movilidadavanzadabello.com.co'. Adding certificate verification is strongly advised. See: https://urllib3.readthedocs.io/en/latest/advanced-usage.html#tls-warnings
  warnings.warn(
/home/comparendos/venv/lib/python3.12/site-packages/urllib3/connectionpool.py:1097: InsecureRequestWarning: Unverified HTTPS request is being made to host 'serviciosdigitales.movilidadavanzadabello.com.co'. Adding certificate verification is strongly advised. See: https://urllib3.readthedocs.io/en/latest/advanced-usage.html#tls-warnings
  warnings.warn(
/home/comparendos/venv/lib/python3.12/site-packages/urllib3/connectionpool.py:1097: InsecureRequestWarning: Unverified HTTPS request is being made to host 'serviciosdigitales.movilidadavanzadabello.com.co'. Adding certificate verification is strongly advised. See: https://urllib3.readthedocs.io/en/latest/advanced-usage.html#tls-warnings
  warnings.warn(
/home/comparendos/venv/lib/python3.12/site-packages/urllib3/connectionpool.py:1097: InsecureRequestWarning: Unverified HTTPS request is being made to host 'serviciosdigitales.movilidadavanzadabello.com.co'. Adding certificate verification is strongly advised. See: https://urllib3.readthedocs.io/en/latest/advanced-usage.html#tls-warnings
  warnings.warn(
/home/comparendos/venv/lib/python3.12/site-packages/urllib3/connectionpool.py:1097: InsecureRequestWarning: Unverified HTTPS request is being made to host 'serviciosdigitales.movilidadavanzadabello.com.co'. Adding certificate verification is strongly advised. See: https://urllib3.readthedocs.io/en/latest/advanced-usage.html#tls-warnings
  warnings.warn(
/home/comparendos/venv/lib/python3.12/site-packages/urllib3/connectionpool.py:1097: InsecureRequestWarning: Unverified HTTPS request is being made to host 'serviciosdigitales.movilidadavanzadabello.com.co'. Adding certificate verification is strongly advised. See: https://urllib3.readthedocs.io/en/latest/advanced-usage.html#tls-warnings
  warnings.warn(
/home/comparendos/venv/lib/python3.12/site-packages/urllib3/connectionpool.py:1097: InsecureRequestWarning: Unverified HTTPS request is being made to host 'serviciosdigitales.movilidadavanzadabello.com.co'. Adding certificate verification is strongly advised. See: https://urllib3.readthedocs.io/en/latest/advanced-usage.html#tls-warnings
  warnings.warn(
/home/comparendos/venv/lib/python3.12/site-packages/urllib3/connectionpool.py:1097: InsecureRequestWarning: Unverified HTTPS request is being made to host 'serviciosdigitales.movilidadavanzadabello.com.co'. Adding certificate verification is strongly advised. See: https://urllib3.readthedocs.io/en/latest/advanced-usage.html#tls-warnings
  warnings.warn(
/home/comparendos/venv/lib/python3.12/site-packages/urllib3/connectionpool.py:1097: InsecureRequestWarning: Unverified HTTPS request is being made to host 'serviciosdigitales.movilidadavanzadabello.com.co'. Adding certificate verification is strongly advised. See: https://urllib3.readthedocs.io/en/latest/advanced-usage.html#tls-warnings
  warnings.warn(
/home/comparendos/venv/lib/python3.12/site-packages/urllib3/connectionpool.py:1097: InsecureRequestWarning: Unverified HTTPS request is being made to host 'serviciosdigitales.movilidadavanzadabello.com.co'. Adding certificate verification is strongly advised. See: https://urllib3.readthedocs.io/en/latest/advanced-usage.html#tls-warnings
  warnings.warn(
/home/comparendos/venv/lib/python3.12/site-packages/urllib3/connectionpool.py:1097: InsecureRequestWarning: Unverified HTTPS request is being made to host 'serviciosdigitales.movilidadavanzadabello.com.co'. Adding certificate verification is strongly advised. See: https://urllib3.readthedocs.io/en/latest/advanced-usage.html#tls-warnings
  warnings.warn(
/home/comparendos/venv/lib/python3.12/site-packages/urllib3/connectionpool.py:1097: InsecureRequestWarning: Unverified HTTPS request is being made to host 'serviciosdigitales.movilidadavanzadabello.com.co'. Adding certificate verification is strongly advised. See: https://urllib3.readthedocs.io/en/latest/advanced-usage.html#tls-warnings
  warnings.warn(
/home/comparendos/venv/lib/python3.12/site-packages/urllib3/connectionpool.py:1097: InsecureRequestWarning: Unverified HTTPS request is being made to host 'serviciosdigitales.movilidadavanzadabello.com.co'. Adding certificate verification is strongly advised. See: https://urllib3.readthedocs.io/en/latest/advanced-usage.html#tls-warnings
  warnings.warn(
/home/comparendos/venv/lib/python3.12/site-packages/urllib3/connectionpool.py:1097: InsecureRequestWarning: Unverified HTTPS request is being made to host 'serviciosdigitales.movilidadavanzadabello.com.co'. Adding certificate verification is strongly advised. See: https://urllib3.readthedocs.io/en/latest/advanced-usage.html#tls-warnings
  warnings.warn(
/home/comparendos/venv/lib/python3.12/site-packages/urllib3/connectionpool.py:1097: InsecureRequestWarning: Unverified HTTPS request is being made to host 'serviciosdigitales.movilidadavanzadabello.com.co'. Adding certificate verification is strongly advised. See: https://urllib3.readthedocs.io/en/latest/advanced-usage.html#tls-warnings
  warnings.warn(
/home/comparendos/venv/lib/python3.12/site-packages/urllib3/connectionpool.py:1097: InsecureRequestWarning: Unverified HTTPS request is being made to host 'serviciosdigitales.movilidadavanzadabello.com.co'. Adding certificate verification is strongly advised. See: https://urllib3.readthedocs.io/en/latest/advanced-usage.html#tls-warnings
  warnings.warn(
/home/comparendos/venv/lib/python3.12/site-packages/urllib3/connectionpool.py:1097: InsecureRequestWarning: Unverified HTTPS request is being made to host 'serviciosdigitales.movilidadavanzadabello.com.co'. Adding certificate verification is strongly advised. See: https://urllib3.readthedocs.io/en/latest/advanced-usage.html#tls-warnings
  warnings.warn(
/home/comparendos/venv/lib/python3.12/site-packages/urllib3/connectionpool.py:1097: InsecureRequestWarning: Unverified HTTPS request is being made to host 'serviciosdigitales.movilidadavanzadabello.com.co'. Adding certificate verification is strongly advised. See: https://urllib3.readthedocs.io/en/latest/advanced-usage.html#tls-warnings
  warnings.warn(
/home/comparendos/venv/lib/python3.12/site-packages/urllib3/connectionpool.py:1097: InsecureRequestWarning: Unverified HTTPS request is being made to host 'serviciosdigitales.movilidadavanzadabello.com.co'. Adding certificate verification is strongly advised. See: https://urllib3.readthedocs.io/en/latest/advanced-usage.html#tls-warnings
  warnings.warn(
/home/comparendos/venv/lib/python3.12/site-packages/urllib3/connectionpool.py:1097: InsecureRequestWarning: Unverified HTTPS request is being made to host 'serviciosdigitales.movilidadavanzadabello.com.co'. Adding certificate verification is strongly advised. See: https://urllib3.readthedocs.io/en/latest/advanced-usage.html#tls-warnings
  warnings.warn(
/home/comparendos/venv/lib/python3.12/site-packages/urllib3/connectionpool.py:1097: InsecureRequestWarning: Unverified HTTPS request is being made to host 'serviciosdigitales.movilidadavanzadabello.com.co'. Adding certificate verification is strongly advised. See: https://urllib3.readthedocs.io/en/latest/advanced-usage.html#tls-warnings
  warnings.warn(
/home/comparendos/venv/lib/python3.12/site-packages/urllib3/connectionpool.py:1097: InsecureRequestWarning: Unverified HTTPS request is being made to host 'serviciosdigitales.movilidadavanzadabello.com.co'. Adding certificate verification is strongly advised. See: https://urllib3.readthedocs.io/en/latest/advanced-usage.html#tls-warnings
  warnings.warn(
/home/comparendos/venv/lib/python3.12/site-packages/urllib3/connectionpool.py:1097: InsecureRequestWarning: Unverified HTTPS request is being made to host 'serviciosdigitales.movilidadavanzadabello.com.co'. Adding certificate verification is strongly advised. See: https://urllib3.readthedocs.io/en/latest/advanced-usage.html#tls-warnings
  warnings.warn(
/home/comparendos/venv/lib/python3.12/site-packages/urllib3/connectionpool.py:1097: InsecureRequestWarning: Unverified HTTPS request is being made to host 'serviciosdigitales.movilidadavanzadabello.com.co'. Adding certificate verification is strongly advised. See: https://urllib3.readthedocs.io/en/latest/advanced-usage.html#tls-warnings
  warnings.warn(
/home/comparendos/venv/lib/python3.12/site-packages/urllib3/connectionpool.py:1097: InsecureRequestWarning: Unverified HTTPS request is being made to host 'serviciosdigitales.movilidadavanzadabello.com.co'. Adding certificate verification is strongly advised. See: https://urllib3.readthedocs.io/en/latest/advanced-usage.html#tls-warnings
  warnings.warn(
/home/comparendos/venv/lib/python3.12/site-packages/urllib3/connectionpool.py:1097: InsecureRequestWarning: Unverified HTTPS request is being made to host 'serviciosdigitales.movilidadavanzadabello.com.co'. Adding certificate verification is strongly advised. See: https://urllib3.readthedocs.io/en/latest/advanced-usage.html#tls-warnings
  warnings.warn(
/home/comparendos/venv/lib/python3.12/site-packages/urllib3/connectionpool.py:1097: InsecureRequestWarning: Unverified HTTPS request is being made to host 'serviciosdigitales.movilidadavanzadabello.com.co'. Adding certificate verification is strongly advised. See: https://urllib3.readthedocs.io/en/latest/advanced-usage.html#tls-warnings
  warnings.warn(
/home/comparendos/venv/lib/python3.12/site-packages/urllib3/connectionpool.py:1097: InsecureRequestWarning: Unverified HTTPS request is being made to host 'serviciosdigitales.movilidadavanzadabello.com.co'. Adding certificate verification is strongly advised. See: https://urllib3.readthedocs.io/en/latest/advanced-usage.html#tls-warnings
  warnings.warn(
/home/comparendos/venv/lib/python3.12/site-packages/urllib3/connectionpool.py:1097: InsecureRequestWarning: Unverified HTTPS request is being made to host 'serviciosdigitales.movilidadavanzadabello.com.co'. Adding certificate verification is strongly advised. See: https://urllib3.readthedocs.io/en/latest/advanced-usage.html#tls-warnings
  warnings.warn(
/home/comparendos/venv/lib/python3.12/site-packages/urllib3/connectionpool.py:1097: InsecureRequestWarning: Unverified HTTPS request is being made to host 'serviciosdigitales.movilidadavanzadabello.com.co'. Adding certificate verification is strongly advised. See: https://urllib3.readthedocs.io/en/latest/advanced-usage.html#tls-warnings
  warnings.warn(
/home/comparendos/venv/lib/python3.12/site-packages/urllib3/connectionpool.py:1097: InsecureRequestWarning: Unverified HTTPS request is being made to host 'serviciosdigitales.movilidadavanzadabello.com.co'. Adding certificate verification is strongly advised. See: https://urllib3.readthedocs.io/en/latest/advanced-usage.html#tls-warnings
  warnings.warn(
/home/comparendos/venv/lib/python3.12/site-packages/urllib3/connectionpool.py:1097: InsecureRequestWarning: Unverified HTTPS request is being made to host 'serviciosdigitales.movilidadavanzadabello.com.co'. Adding certificate verification is strongly advised. See: https://urllib3.readthedocs.io/en/latest/advanced-usage.html#tls-warnings
  warnings.warn(
/home/comparendos/venv/lib/python3.12/site-packages/urllib3/connectionpool.py:1097: InsecureRequestWarning: Unverified HTTPS request is being made to host 'serviciosdigitales.movilidadavanzadabello.com.co'. Adding certificate verification is strongly advised. See: https://urllib3.readthedocs.io/en/latest/advanced-usage.html#tls-warnings
  warnings.warn(
/home/comparendos/venv/lib/python3.12/site-packages/urllib3/connectionpool.py:1097: InsecureRequestWarning: Unverified HTTPS request is being made to host 'serviciosdigitales.movilidadavanzadabello.com.co'. Adding certificate verification is strongly advised. See: https://urllib3.readthedocs.io/en/latest/advanced-usage.html#tls-warnings
  warnings.warn(
/home/comparendos/venv/lib/python3.12/site-packages/urllib3/connectionpool.py:1097: InsecureRequestWarning: Unverified HTTPS request is being made to host 'serviciosdigitales.movilidadavanzadabello.com.co'. Adding certificate verification is strongly advised. See: https://urllib3.readthedocs.io/en/latest/advanced-usage.html#tls-warnings
  warnings.warn(
/home/comparendos/venv/lib/python3.12/site-packages/urllib3/connectionpool.py:1097: InsecureRequestWarning: Unverified HTTPS request is being made to host 'serviciosdigitales.movilidadavanzadabello.com.co'. Adding certificate verification is strongly advised. See: https://urllib3.readthedocs.io/en/latest/advanced-usage.html#tls-warnings
  warnings.warn(
/home/comparendos/venv/lib/python3.12/site-packages/urllib3/connectionpool.py:1097: InsecureRequestWarning: Unverified HTTPS request is being made to host 'serviciosdigitales.movilidadavanzadabello.com.co'. Adding certificate verification is strongly advised. See: https://urllib3.readthedocs.io/en/latest/advanced-usage.html#tls-warnings
  warnings.warn(
/home/comparendos/venv/lib/python3.12/site-packages/urllib3/connectionpool.py:1097: InsecureRequestWarning: Unverified HTTPS request is being made to host 'serviciosdigitales.movilidadavanzadabello.com.co'. Adding certificate verification is strongly advised. See: https://urllib3.readthedocs.io/en/latest/advanced-usage.html#tls-warnings
  warnings.warn(
/home/comparendos/venv/lib/python3.12/site-packages/urllib3/connectionpool.py:1097: InsecureRequestWarning: Unverified HTTPS request is being made to host 'serviciosdigitales.movilidadavanzadabello.com.co'. Adding certificate verification is strongly advised. See: https://urllib3.readthedocs.io/en/latest/advanced-usage.html#tls-warnings
  warnings.warn(
/home/comparendos/venv/lib/python3.12/site-packages/urllib3/connectionpool.py:1097: InsecureRequestWarning: Unverified HTTPS request is being made to host 'serviciosdigitales.movilidadavanzadabello.com.co'. Adding certificate verification is strongly advised. See: https://urllib3.readthedocs.io/en/latest/advanced-usage.html#tls-warnings
  warnings.warn(
/home/comparendos/venv/lib/python3.12/site-packages/urllib3/connectionpool.py:1097: InsecureRequestWarning: Unverified HTTPS request is being made to host 'serviciosdigitales.movilidadavanzadabello.com.co'. Adding certificate verification is strongly advised. See: https://urllib3.readthedocs.io/en/latest/advanced-usage.html#tls-warnings
  warnings.warn(
/home/comparendos/venv/lib/python3.12/site-packages/urllib3/connectionpool.py:1097: InsecureRequestWarning: Unverified HTTPS request is being made to host 'serviciosdigitales.movilidadavanzadabello.com.co'. Adding certificate verification is strongly advised. See: https://urllib3.readthedocs.io/en/latest/advanced-usage.html#tls-warnings
  warnings.warn(
/home/comparendos/venv/lib/python3.12/site-packages/urllib3/connectionpool.py:1097: InsecureRequestWarning: Unverified HTTPS request is being made to host 'serviciosdigitales.movilidadavanzadabello.com.co'. Adding certificate verification is strongly advised. See: https://urllib3.readthedocs.io/en/latest/advanced-usage.html#tls-warnings
  warnings.warn(
/home/comparendos/venv/lib/python3.12/site-packages/urllib3/connectionpool.py:1097: InsecureRequestWarning: Unverified HTTPS request is being made to host 'serviciosdigitales.movilidadavanzadabello.com.co'. Adding certificate verification is strongly advised. See: https://urllib3.readthedocs.io/en/latest/advanced-usage.html#tls-warnings
  warnings.warn(
/home/comparendos/venv/lib/python3.12/site-packages/urllib3/connectionpool.py:1097: InsecureRequestWarning: Unverified HTTPS request is being made to host 'serviciosdigitales.movilidadavanzadabello.com.co'. Adding certificate verification is strongly advised. See: https://urllib3.readthedocs.io/en/latest/advanced-usage.html#tls-warnings
  warnings.warn(
/home/comparendos/venv/lib/python3.12/site-packages/urllib3/connectionpool.py:1097: InsecureRequestWarning: Unverified HTTPS request is being made to host 'serviciosdigitales.movilidadavanzadabello.com.co'. Adding certificate verification is strongly advised. See: https://urllib3.readthedocs.io/en/latest/advanced-usage.html#tls-warnings
  warnings.warn(
/home/comparendos/venv/lib/python3.12/site-packages/urllib3/connectionpool.py:1097: InsecureRequestWarning: Unverified HTTPS request is being made to host 'serviciosdigitales.movilidadavanzadabello.com.co'. Adding certificate verification is strongly advised. See: https://urllib3.readthedocs.io/en/latest/advanced-usage.html#tls-warnings
  warnings.warn(
/home/comparendos/venv/lib/python3.12/site-packages/urllib3/connectionpool.py:1097: InsecureRequestWarning: Unverified HTTPS request is being made to host 'serviciosdigitales.movilidadavanzadabello.com.co'. Adding certificate verification is strongly advised. See: https://urllib3.readthedocs.io/en/latest/advanced-usage.html#tls-warnings
  warnings.warn(
/home/comparendos/venv/lib/python3.12/site-packages/urllib3/connectionpool.py:1097: InsecureRequestWarning: Unverified HTTPS request is being made to host 'serviciosdigitales.movilidadavanzadabello.com.co'. Adding certificate verification is strongly advised. See: https://urllib3.readthedocs.io/en/latest/advanced-usage.html#tls-warnings
  warnings.warn(
/home/comparendos/venv/lib/python3.12/site-packages/urllib3/connectionpool.py:1097: InsecureRequestWarning: Unverified HTTPS request is being made to host 'serviciosdigitales.movilidadavanzadabello.com.co'. Adding certificate verification is strongly advised. See: https://urllib3.readthedocs.io/en/latest/advanced-usage.html#tls-warnings
  warnings.warn(
/home/comparendos/venv/lib/python3.12/site-packages/urllib3/connectionpool.py:1097: InsecureRequestWarning: Unverified HTTPS request is being made to host 'serviciosdigitales.movilidadavanzadabello.com.co'. Adding certificate verification is strongly advised. See: https://urllib3.readthedocs.io/en/latest/advanced-usage.html#tls-warnings
  warnings.warn(
/home/comparendos/venv/lib/python3.12/site-packages/urllib3/connectionpool.py:1097: InsecureRequestWarning: Unverified HTTPS request is being made to host 'serviciosdigitales.movilidadavanzadabello.com.co'. Adding certificate verification is strongly advised. See: https://urllib3.readthedocs.io/en/latest/advanced-usage.html#tls-warnings
  warnings.warn(
/home/comparendos/venv/lib/python3.12/site-packages/urllib3/connectionpool.py:1097: InsecureRequestWarning: Unverified HTTPS request is being made to host 'serviciosdigitales.movilidadavanzadabello.com.co'. Adding certificate verification is strongly advised. See: https://urllib3.readthedocs.io/en/latest/advanced-usage.html#tls-warnings
  warnings.warn(
/home/comparendos/venv/lib/python3.12/site-packages/urllib3/connectionpool.py:1097: InsecureRequestWarning: Unverified HTTPS request is being made to host 'serviciosdigitales.movilidadavanzadabello.com.co'. Adding certificate verification is strongly advised. See: https://urllib3.readthedocs.io/en/latest/advanced-usage.html#tls-warnings
  warnings.warn(
/home/comparendos/venv/lib/python3.12/site-packages/urllib3/connectionpool.py:1097: InsecureRequestWarning: Unverified HTTPS request is being made to host 'serviciosdigitales.movilidadavanzadabello.com.co'. Adding certificate verification is strongly advised. See: https://urllib3.readthedocs.io/en/latest/advanced-usage.html#tls-warnings
  warnings.warn(
/home/comparendos/venv/lib/python3.12/site-packages/urllib3/connectionpool.py:1097: InsecureRequestWarning: Unverified HTTPS request is being made to host 'serviciosdigitales.movilidadavanzadabello.com.co'. Adding certificate verification is strongly advised. See: https://urllib3.readthedocs.io/en/latest/advanced-usage.html#tls-warnings
  warnings.warn(
/home/comparendos/venv/lib/python3.12/site-packages/urllib3/connectionpool.py:1097: InsecureRequestWarning: Unverified HTTPS request is being made to host 'serviciosdigitales.movilidadavanzadabello.com.co'. Adding certificate verification is strongly advised. See: https://urllib3.readthedocs.io/en/latest/advanced-usage.html#tls-warnings
  warnings.warn(
/home/comparendos/venv/lib/python3.12/site-packages/urllib3/connectionpool.py:1097: InsecureRequestWarning: Unverified HTTPS request is being made to host 'serviciosdigitales.movilidadavanzadabello.com.co'. Adding certificate verification is strongly advised. See: https://urllib3.readthedocs.io/en/latest/advanced-usage.html#tls-warnings
  warnings.warn(
/home/comparendos/venv/lib/python3.12/site-packages/urllib3/connectionpool.py:1097: InsecureRequestWarning: Unverified HTTPS request is being made to host 'serviciosdigitales.movilidadavanzadabello.com.co'. Adding certificate verification is strongly advised. See: https://urllib3.readthedocs.io/en/latest/advanced-usage.html#tls-warnings
  warnings.warn(
/home/comparendos/venv/lib/python3.12/site-packages/urllib3/connectionpool.py:1097: InsecureRequestWarning: Unverified HTTPS request is being made to host 'serviciosdigitales.movilidadavanzadabello.com.co'. Adding certificate verification is strongly advised. See: https://urllib3.readthedocs.io/en/latest/advanced-usage.html#tls-warnings
  warnings.warn(
/home/comparendos/venv/lib/python3.12/site-packages/urllib3/connectionpool.py:1097: InsecureRequestWarning: Unverified HTTPS request is being made to host 'serviciosdigitales.movilidadavanzadabello.com.co'. Adding certificate verification is strongly advised. See: https://urllib3.readthedocs.io/en/latest/advanced-usage.html#tls-warnings
  warnings.warn(
/home/comparendos/venv/lib/python3.12/site-packages/urllib3/connectionpool.py:1097: InsecureRequestWarning: Unverified HTTPS request is being made to host 'serviciosdigitales.movilidadavanzadabello.com.co'. Adding certificate verification is strongly advised. See: https://urllib3.readthedocs.io/en/latest/advanced-usage.html#tls-warnings
  warnings.warn(
/home/comparendos/venv/lib/python3.12/site-packages/urllib3/connectionpool.py:1097: InsecureRequestWarning: Unverified HTTPS request is being made to host 'serviciosdigitales.movilidadavanzadabello.com.co'. Adding certificate verification is strongly advised. See: https://urllib3.readthedocs.io/en/latest/advanced-usage.html#tls-warnings
  warnings.warn(
/home/comparendos/venv/lib/python3.12/site-packages/urllib3/connectionpool.py:1097: InsecureRequestWarning: Unverified HTTPS request is being made to host 'serviciosdigitales.movilidadavanzadabello.com.co'. Adding certificate verification is strongly advised. See: https://urllib3.readthedocs.io/en/latest/advanced-usage.html#tls-warnings
  warnings.warn(
/home/comparendos/venv/lib/python3.12/site-packages/urllib3/connectionpool.py:1097: InsecureRequestWarning: Unverified HTTPS request is being made to host 'serviciosdigitales.movilidadavanzadabello.com.co'. Adding certificate verification is strongly advised. See: https://urllib3.readthedocs.io/en/latest/advanced-usage.html#tls-warnings
  warnings.warn(
/home/comparendos/venv/lib/python3.12/site-packages/urllib3/connectionpool.py:1097: InsecureRequestWarning: Unverified HTTPS request is being made to host 'serviciosdigitales.movilidadavanzadabello.com.co'. Adding certificate verification is strongly advised. See: https://urllib3.readthedocs.io/en/latest/advanced-usage.html#tls-warnings
  warnings.warn(
/home/comparendos/venv/lib/python3.12/site-packages/urllib3/connectionpool.py:1097: InsecureRequestWarning: Unverified HTTPS request is being made to host 'serviciosdigitales.movilidadavanzadabello.com.co'. Adding certificate verification is strongly advised. See: https://urllib3.readthedocs.io/en/latest/advanced-usage.html#tls-warnings
  warnings.warn(
/home/comparendos/venv/lib/python3.12/site-packages/urllib3/connectionpool.py:1097: InsecureRequestWarning: Unverified HTTPS request is being made to host 'serviciosdigitales.movilidadavanzadabello.com.co'. Adding certificate verification is strongly advised. See: https://urllib3.readthedocs.io/en/latest/advanced-usage.html#tls-warnings
  warnings.warn(
/home/comparendos/venv/lib/python3.12/site-packages/urllib3/connectionpool.py:1097: InsecureRequestWarning: Unverified HTTPS request is being made to host 'serviciosdigitales.movilidadavanzadabello.com.co'. Adding certificate verification is strongly advised. See: https://urllib3.readthedocs.io/en/latest/advanced-usage.html#tls-warnings
  warnings.warn(
/home/comparendos/venv/lib/python3.12/site-packages/urllib3/connectionpool.py:1097: InsecureRequestWarning: Unverified HTTPS request is being made to host 'serviciosdigitales.movilidadavanzadabello.com.co'. Adding certificate verification is strongly advised. See: https://urllib3.readthedocs.io/en/latest/advanced-usage.html#tls-warnings
  warnings.warn(
/home/comparendos/venv/lib/python3.12/site-packages/urllib3/connectionpool.py:1097: InsecureRequestWarning: Unverified HTTPS request is being made to host 'serviciosdigitales.movilidadavanzadabello.com.co'. Adding certificate verification is strongly advised. See: https://urllib3.readthedocs.io/en/latest/advanced-usage.html#tls-warnings
  warnings.warn(
/home/comparendos/venv/lib/python3.12/site-packages/urllib3/connectionpool.py:1097: InsecureRequestWarning: Unverified HTTPS request is being made to host 'serviciosdigitales.movilidadavanzadabello.com.co'. Adding certificate verification is strongly advised. See: https://urllib3.readthedocs.io/en/latest/advanced-usage.html#tls-warnings
  warnings.warn(
/home/comparendos/venv/lib/python3.12/site-packages/urllib3/connectionpool.py:1097: InsecureRequestWarning: Unverified HTTPS request is being made to host 'serviciosdigitales.movilidadavanzadabello.com.co'. Adding certificate verification is strongly advised. See: https://urllib3.readthedocs.io/en/latest/advanced-usage.html#tls-warnings
  warnings.warn(
/home/comparendos/venv/lib/python3.12/site-packages/urllib3/connectionpool.py:1097: InsecureRequestWarning: Unverified HTTPS request is being made to host 'serviciosdigitales.movilidadavanzadabello.com.co'. Adding certificate verification is strongly advised. See: https://urllib3.readthedocs.io/en/latest/advanced-usage.html#tls-warnings
  warnings.warn(
/home/comparendos/venv/lib/python3.12/site-packages/urllib3/connectionpool.py:1097: InsecureRequestWarning: Unverified HTTPS request is being made to host 'serviciosdigitales.movilidadavanzadabello.com.co'. Adding certificate verification is strongly advised. See: https://urllib3.readthedocs.io/en/latest/advanced-usage.html#tls-warnings
  warnings.warn(
/home/comparendos/venv/lib/python3.12/site-packages/urllib3/connectionpool.py:1097: InsecureRequestWarning: Unverified HTTPS request is being made to host 'serviciosdigitales.movilidadavanzadabello.com.co'. Adding certificate verification is strongly advised. See: https://urllib3.readthedocs.io/en/latest/advanced-usage.html#tls-warnings
  warnings.warn(
/home/comparendos/venv/lib/python3.12/site-packages/urllib3/connectionpool.py:1097: InsecureRequestWarning: Unverified HTTPS request is being made to host 'serviciosdigitales.movilidadavanzadabello.com.co'. Adding certificate verification is strongly advised. See: https://urllib3.readthedocs.io/en/latest/advanced-usage.html#tls-warnings
  warnings.warn(
/home/comparendos/venv/lib/python3.12/site-packages/urllib3/connectionpool.py:1097: InsecureRequestWarning: Unverified HTTPS request is being made to host 'serviciosdigitales.movilidadavanzadabello.com.co'. Adding certificate verification is strongly advised. See: https://urllib3.readthedocs.io/en/latest/advanced-usage.html#tls-warnings
  warnings.warn(
/home/comparendos/venv/lib/python3.12/site-packages/urllib3/connectionpool.py:1097: InsecureRequestWarning: Unverified HTTPS request is being made to host 'serviciosdigitales.movilidadavanzadabello.com.co'. Adding certificate verification is strongly advised. See: https://urllib3.readthedocs.io/en/latest/advanced-usage.html#tls-warnings
  warnings.warn(
/home/comparendos/venv/lib/python3.12/site-packages/urllib3/connectionpool.py:1097: InsecureRequestWarning: Unverified HTTPS request is being made to host 'serviciosdigitales.movilidadavanzadabello.com.co'. Adding certificate verification is strongly advised. See: https://urllib3.readthedocs.io/en/latest/advanced-usage.html#tls-warnings
  warnings.warn(
/home/comparendos/venv/lib/python3.12/site-packages/urllib3/connectionpool.py:1097: InsecureRequestWarning: Unverified HTTPS request is being made to host 'serviciosdigitales.movilidadavanzadabello.com.co'. Adding certificate verification is strongly advised. See: https://urllib3.readthedocs.io/en/latest/advanced-usage.html#tls-warnings
  warnings.warn(
/home/comparendos/venv/lib/python3.12/site-packages/urllib3/connectionpool.py:1097: InsecureRequestWarning: Unverified HTTPS request is being made to host 'serviciosdigitales.movilidadavanzadabello.com.co'. Adding certificate verification is strongly advised. See: https://urllib3.readthedocs.io/en/latest/advanced-usage.html#tls-warnings
  warnings.warn(
/home/comparendos/venv/lib/python3.12/site-packages/urllib3/connectionpool.py:1097: InsecureRequestWarning: Unverified HTTPS request is being made to host 'serviciosdigitales.movilidadavanzadabello.com.co'. Adding certificate verification is strongly advised. See: https://urllib3.readthedocs.io/en/latest/advanced-usage.html#tls-warnings
  warnings.warn(

[2026-07-10 09:44:53] Enviando 21 templates.
[2026-07-10 09:44:53] Respuesta del envío: True - 
El comparendo ya fue notificado previamente Documento: 71758456 Comparendo: D05001000000051429916
Error en consulta_info_home_public para MEDELLIN: ('Connection aborted.', RemoteDisconnected('Remote end closed connection without response'))
Error en MEDELLIN: 'NoneType' object has no attribute 'json'
Error en consulta_info_home_public para MEDELLIN: ('Connection aborted.', RemoteDisconnected('Remote end closed connection without response'))
Error en MEDELLIN: 'NoneType' object has no attribute 'json'
Error en consulta_info_home_public para MEDELLIN: ('Connection aborted.', RemoteDisconnected('Remote end closed connection without response'))
Error en MEDELLIN: 'NoneType' object has no attribute 'json'
[2026-07-10 09:57:17] Enviando 11 templates para el bloque (process_template_id: dcfnCmnGpLqF)
Payload para el envío dcfnCmnGpLqF:
{
  "users": [
    {
      "phone": "+573105389308",
      "parameters": [
        {
          "order": 0,
          "parameter": "MEDELLIN"
        },
        {
          "order": 1,
          "parameter": "2025-12-29"
        },
        {
          "order": 2,
          "parameter": "IHQ027"
        },
        {
          "order": 3,
          "parameter": "C02"
        },
        {
          "order": 4,
          "parameter": "Estacionar un vehículo en sitios prohibidos"
        }
      ]
    },
    {
      "phone": "+573007887738",
      "parameters": [
        {
          "order": 0,
          "parameter": "MEDELLIN"
        },
        {
          "order": 1,
          "parameter": "2026-07-01"
        },
        {
          "order": 2,
          "parameter": "EWX902"
        },
        {
          "order": 3,
          "parameter": "D02"
        },
        {
          "order": 4,
          "parameter": "Conducir sin portar los seguros ordenados por la ley. Además, el vehículo será inmovilizado"
        }
      ]
    },
    {
      "phone": "+573116099194",
      "parameters": [
        {
          "order": 0,
          "parameter": "MEDELLIN"
        },
        {
          "order": 1,
          "parameter": "2026-04-23"
        },
        {
          "order": 2,
          "parameter": "LLY370"
        },
        {
          "order": 3,
          "parameter": "C29"
        },
        {
          "order": 4,
          "parameter": "Conducir un vehículo a velocidad superior a la máxima permitida"
        }
      ]
    },
    {
      "phone": "+573142151781",
      "parameters": [
        {
          "order": 0,
          "parameter": "RIONEGRO"
        },
        {
          "order": 1,
          "parameter": "2026-01-03"
        },
        {
          "order": 2,
          "parameter": "NFV827"
        },
        {
          "order": 3,
          "parameter": "C29"
        },
        {
          "order": 4,
          "parameter": "Conducir un vehículo a velocidad superior a la máxima permitida, la cual deberá estar señalizada en forma sectorizada, la cual no podrá ser superior"
        }
      ]
    },
    {
      "phone": "+573505144229",
      "parameters": [
        {
          "order": 0,
          "parameter": "MEDELLIN"
        },
        {
          "order": 1,
          "parameter": "2026-04-08"
        },
        {
          "order": 2,
          "parameter": "RFJ48E"
        },
        {
          "order": 3,
          "parameter": "C14"
        },
        {
          "order": 4,
          "parameter": "Transitar por sitios restringidos o en horas prohibidas por la autoridad competente. Además, el vehículo será inmovilizado"
        }
      ]
    },
    {
      "phone": "+573505144229",
      "parameters": [
        {
          "order": 0,
          "parameter": "MEDELLIN"
        },
        {
          "order": 1,
          "parameter": "2026-04-15"
        },
        {
          "order": 2,
          "parameter": "RFJ48E"
        },
        {
          "order": 3,
          "parameter": "C14"
        },
        {
          "order": 4,
          "parameter": "Transitar por sitios restringidos o en horas prohibidas por la autoridad competente. Además, el vehículo será inmovilizado"
        }
      ]
    },
    {
      "phone": "+573187350173",
      "parameters": [
        {
          "order": 0,
          "parameter": "MEDELLIN"
        },
        {
          "order": 1,
          "parameter": "2026-04-10"
        },
        {
          "order": 2,
          "parameter": "NKT84E"
        },
        {
          "order": 3,
          "parameter": "C14"
        },
        {
          "order": 4,
          "parameter": "Transitar por sitios restringidos o en horas prohibidas por la autoridad competente. Además, el vehículo será inmovilizado"
        }
      ]
    },
    {
      "phone": "+573187350173",
      "parameters": [
        {
          "order": 0,
          "parameter": "MEDELLIN"
        },
        {
          "order": 1,
          "parameter": "2026-05-29"
        },
        {
          "order": 2,
          "parameter": "NKT84E"
        },
        {
          "order": 3,
          "parameter": "C14"
        },
        {
          "order": 4,
          "parameter": "Transitar por sitios restringidos o en horas prohibidas por la autoridad competente. Además, el vehículo será inmovilizado"
        }
      ]
    },
    {
      "phone": "+573187350173",
      "parameters": [
        {
          "order": 0,
          "parameter": "MEDELLIN"
        },
        {
          "order": 1,
          "parameter": "2026-06-26"
        },
        {
          "order": 2,
          "parameter": "NKT84E"
        },
        {
          "order": 3,
          "parameter": "C14"
        },
        {
          "order": 4,
          "parameter": "Transitar por sitios restringidos o en horas prohibidas por la autoridad competente. Además, el vehículo será inmovilizado"
        }
      ]
    },
    {
      "phone": "+573187350173",
      "parameters": [
        {
          "order": 0,
          "parameter": "MEDELLIN"
        },
        {
          "order": 1,
          "parameter": "2026-06-19"
        },
        {
          "order": 2,
          "parameter": "NKT84E"
        },
        {
          "order": 3,
          "parameter": "C14"
        },
        {
          "order": 4,
          "parameter": "Transitar por sitios restringidos o en horas prohibidas por la autoridad competente. Además, el vehículo será inmovilizado"
        }
      ]
    },
    {
      "phone": "+573187350173",
      "parameters": [
        {
          "order": 0,
          "parameter": "MEDELLIN"
        },
        {
          "order": 1,
          "parameter": "2026-04-24"
        },
        {
          "order": 2,
          "parameter": "NKT84E"
        },
        {
          "order": 3,
          "parameter": "C14"
        },
        {
          "order": 4,
          "parameter": "Transitar por sitios restringidos o en horas prohibidas por la autoridad competente. Además, el vehículo será inmovilizado"
        }
      ]
    }
  ],
  "SaveInfo": false,
  "origin": "API",
  "templateName": "notificacion_comparendos",
  "language": "ES",
  "sender": "School Center",
  "ParametersName": []
}
[2026-07-10 09:57:29] Enviando 11 templates.
[2026-07-10 09:57:29] Respuesta del envío: True - 
El comparendo ya fue notificado previamente Documento: 98564841 Comparendo: D05001000000051444366
Error en consulta_info_home_public para MEDELLIN: ('Connection aborted.', RemoteDisconnected('Remote end closed connection without response'))
Error en MEDELLIN: 'NoneType' object has no attribute 'json'
Error en consulta_info_home_public para MEDELLIN: ('Connection aborted.', RemoteDisconnected('Remote end closed connection without response'))
Error en MEDELLIN: 'NoneType' object has no attribute 'json'
[2026-07-10 10:14:53] Enviando 7 templates para el bloque (process_template_id: 7kSeec5HDL5h)
Payload para el envío 7kSeec5HDL5h:
{
  "users": [
    {
      "phone": "+573003320396",
      "parameters": [
        {
          "order": 0,
          "parameter": "MEDELLIN"
        },
        {
          "order": 1,
          "parameter": "2026-01-20"
        },
        {
          "order": 2,
          "parameter": "ZAT79C"
        },
        {
          "order": 3,
          "parameter": "C14"
        },
        {
          "order": 4,
          "parameter": "Transitar por sitios restringidos o en horas prohibidas por la autoridad competente. Además, el vehículo será inmovilizado"
        }
      ]
    },
    {
      "phone": "+573146599144",
      "parameters": [
        {
          "order": 0,
          "parameter": "MEDELLIN"
        },
        {
          "order": 1,
          "parameter": "2026-01-07"
        },
        {
          "order": 2,
          "parameter": "IEW072"
        },
        {
          "order": 3,
          "parameter": "C02"
        },
        {
          "order": 4,
          "parameter": "Estacionar un vehículo en sitios prohibidos"
        }
      ]
    },
    {
      "phone": "+573507039700",
      "parameters": [
        {
          "order": 0,
          "parameter": "MEDELLIN"
        },
        {
          "order": 1,
          "parameter": "2026-03-14"
        },
        {
          "order": 2,
          "parameter": "STV247"
        },
        {
          "order": 3,
          "parameter": "C02"
        },
        {
          "order": 4,
          "parameter": "Estacionar un vehículo en sitios prohibidos"
        }
      ]
    },
    {
      "phone": "+573005947181",
      "parameters": [
        {
          "order": 0,
          "parameter": "MEDELLIN"
        },
        {
          "order": 1,
          "parameter": "2026-04-23"
        },
        {
          "order": 2,
          "parameter": "QMW61D"
        },
        {
          "order": 3,
          "parameter": "H13"
        },
        {
          "order": 4,
          "parameter": "Las demas conductas que constituyan infraccion a las normas de transito y que no se encuentren descritas en este acto administrativo."
        }
      ]
    },
    {
      "phone": "+573005273933",
      "parameters": [
        {
          "order": 0,
          "parameter": "MEDELLIN"
        },
        {
          "order": 1,
          "parameter": "2025-09-27"
        },
        {
          "order": 2,
          "parameter": "MFS10F"
        },
        {
          "order": 3,
          "parameter": "C35"
        },
        {
          "order": 4,
          "parameter": "No realizar la revisión técnico-mecánica en el plazo legal establecido o cuando el vehículo no se encuentre en adecuadas condiciones técnico-mecánicas o de emisiones contaminantes, aun cuando porte los certificados correspondientes, además el vehículo será inmovilizado."
        }
      ]
    },
    {
      "phone": "+573005273933",
      "parameters": [
        {
          "order": 0,
          "parameter": "MEDELLIN"
        },
        {
          "order": 1,
          "parameter": "2026-01-28"
        },
        {
          "order": 2,
          "parameter": "MFS10F"
        },
        {
          "order": 3,
          "parameter": "C14"
        },
        {
          "order": 4,
          "parameter": "Transitar por sitios restringidos o en horas prohibidas por la autoridad competente. Además, el vehículo será inmovilizado"
        }
      ]
    },
    {
      "phone": "+57350654768",
      "parameters": [
        {
          "order": 0,
          "parameter": "MEDELLIN"
        },
        {
          "order": 1,
          "parameter": "2026-03-16"
        },
        {
          "order": 2,
          "parameter": "NTR738"
        },
        {
          "order": 3,
          "parameter": "C02"
        },
        {
          "order": 4,
          "parameter": "Estacionar un vehículo en sitios prohibidos"
        }
      ]
    }
  ],
  "SaveInfo": false,
  "origin": "API",
  "templateName": "notificacion_comparendos",
  "language": "ES",
  "sender": "School Center",
  "ParametersName": []
}/home/comparendos/venv/lib/python3.12/site-packages/urllib3/connectionpool.py:1097: InsecureRequestWarning: Unverified HTTPS request is being made to host 'serviciosdigitales.movilidadavanzadabello.com.co'. Adding certificate verification is strongly advised. See: https://urllib3.readthedocs.io/en/latest/advanced-usage.html#tls-warnings
  warnings.warn(
/home/comparendos/venv/lib/python3.12/site-packages/urllib3/connectionpool.py:1097: InsecureRequestWarning: Unverified HTTPS request is being made to host 'serviciosdigitales.movilidadavanzadabello.com.co'. Adding certificate verification is strongly advised. See: https://urllib3.readthedocs.io/en/latest/advanced-usage.html#tls-warnings
  warnings.warn(
/home/comparendos/venv/lib/python3.12/site-packages/urllib3/connectionpool.py:1097: InsecureRequestWarning: Unverified HTTPS request is being made to host 'serviciosdigitales.movilidadavanzadabello.com.co'. Adding certificate verification is strongly advised. See: https://urllib3.readthedocs.io/en/latest/advanced-usage.html#tls-warnings
  warnings.warn(
/home/comparendos/venv/lib/python3.12/site-packages/urllib3/connectionpool.py:1097: InsecureRequestWarning: Unverified HTTPS request is being made to host 'serviciosdigitales.movilidadavanzadabello.com.co'. Adding certificate verification is strongly advised. See: https://urllib3.readthedocs.io/en/latest/advanced-usage.html#tls-warnings
  warnings.warn(
/home/comparendos/venv/lib/python3.12/site-packages/urllib3/connectionpool.py:1097: InsecureRequestWarning: Unverified HTTPS request is being made to host 'serviciosdigitales.movilidadavanzadabello.com.co'. Adding certificate verification is strongly advised. See: https://urllib3.readthedocs.io/en/latest/advanced-usage.html#tls-warnings
  warnings.warn(
/home/comparendos/venv/lib/python3.12/site-packages/urllib3/connectionpool.py:1097: InsecureRequestWarning: Unverified HTTPS request is being made to host 'serviciosdigitales.movilidadavanzadabello.com.co'. Adding certificate verification is strongly advised. See: https://urllib3.readthedocs.io/en/latest/advanced-usage.html#tls-warnings
  warnings.warn(
/home/comparendos/venv/lib/python3.12/site-packages/urllib3/connectionpool.py:1097: InsecureRequestWarning: Unverified HTTPS request is being made to host 'serviciosdigitales.movilidadavanzadabello.com.co'. Adding certificate verification is strongly advised. See: https://urllib3.readthedocs.io/en/latest/advanced-usage.html#tls-warnings
  warnings.warn(
/home/comparendos/venv/lib/python3.12/site-packages/urllib3/connectionpool.py:1097: InsecureRequestWarning: Unverified HTTPS request is being made to host 'serviciosdigitales.movilidadavanzadabello.com.co'. Adding certificate verification is strongly advised. See: https://urllib3.readthedocs.io/en/latest/advanced-usage.html#tls-warnings
  warnings.warn(
/home/comparendos/venv/lib/python3.12/site-packages/urllib3/connectionpool.py:1097: InsecureRequestWarning: Unverified HTTPS request is being made to host 'serviciosdigitales.movilidadavanzadabello.com.co'. Adding certificate verification is strongly advised. See: https://urllib3.readthedocs.io/en/latest/advanced-usage.html#tls-warnings
  warnings.warn(
/home/comparendos/venv/lib/python3.12/site-packages/urllib3/connectionpool.py:1097: InsecureRequestWarning: Unverified HTTPS request is being made to host 'serviciosdigitales.movilidadavanzadabello.com.co'. Adding certificate verification is strongly advised. See: https://urllib3.readthedocs.io/en/latest/advanced-usage.html#tls-warnings
  warnings.warn(
/home/comparendos/venv/lib/python3.12/site-packages/urllib3/connectionpool.py:1097: InsecureRequestWarning: Unverified HTTPS request is being made to host 'serviciosdigitales.movilidadavanzadabello.com.co'. Adding certificate verification is strongly advised. See: https://urllib3.readthedocs.io/en/latest/advanced-usage.html#tls-warnings
  warnings.warn(
/home/comparendos/venv/lib/python3.12/site-packages/urllib3/connectionpool.py:1097: InsecureRequestWarning: Unverified HTTPS request is being made to host 'serviciosdigitales.movilidadavanzadabello.com.co'. Adding certificate verification is strongly advised. See: https://urllib3.readthedocs.io/en/latest/advanced-usage.html#tls-warnings
  warnings.warn(
/home/comparendos/venv/lib/python3.12/site-packages/urllib3/connectionpool.py:1097: InsecureRequestWarning: Unverified HTTPS request is being made to host 'serviciosdigitales.movilidadavanzadabello.com.co'. Adding certificate verification is strongly advised. See: https://urllib3.readthedocs.io/en/latest/advanced-usage.html#tls-warnings
  warnings.warn(
/home/comparendos/venv/lib/python3.12/site-packages/urllib3/connectionpool.py:1097: InsecureRequestWarning: Unverified HTTPS request is being made to host 'serviciosdigitales.movilidadavanzadabello.com.co'. Adding certificate verification is strongly advised. See: https://urllib3.readthedocs.io/en/latest/advanced-usage.html#tls-warnings
  warnings.warn(
/home/comparendos/venv/lib/python3.12/site-packages/urllib3/connectionpool.py:1097: InsecureRequestWarning: Unverified HTTPS request is being made to host 'serviciosdigitales.movilidadavanzadabello.com.co'. Adding certificate verification is strongly advised. See: https://urllib3.readthedocs.io/en/latest/advanced-usage.html#tls-warnings
  warnings.warn(
/home/comparendos/venv/lib/python3.12/site-packages/urllib3/connectionpool.py:1097: InsecureRequestWarning: Unverified HTTPS request is being made to host 'serviciosdigitales.movilidadavanzadabello.com.co'. Adding certificate verification is strongly advised. See: https://urllib3.readthedocs.io/en/latest/advanced-usage.html#tls-warnings
  warnings.warn(
/home/comparendos/venv/lib/python3.12/site-packages/urllib3/connectionpool.py:1097: InsecureRequestWarning: Unverified HTTPS request is being made to host 'serviciosdigitales.movilidadavanzadabello.com.co'. Adding certificate verification is strongly advised. See: https://urllib3.readthedocs.io/en/latest/advanced-usage.html#tls-warnings
  warnings.warn(
/home/comparendos/venv/lib/python3.12/site-packages/urllib3/connectionpool.py:1097: InsecureRequestWarning: Unverified HTTPS request is being made to host 'serviciosdigitales.movilidadavanzadabello.com.co'. Adding certificate verification is strongly advised. See: https://urllib3.readthedocs.io/en/latest/advanced-usage.html#tls-warnings
  warnings.warn(
/home/comparendos/venv/lib/python3.12/site-packages/urllib3/connectionpool.py:1097: InsecureRequestWarning: Unverified HTTPS request is being made to host 'serviciosdigitales.movilidadavanzadabello.com.co'. Adding certificate verification is strongly advised. See: https://urllib3.readthedocs.io/en/latest/advanced-usage.html#tls-warnings
  warnings.warn(
/home/comparendos/venv/lib/python3.12/site-packages/urllib3/connectionpool.py:1097: InsecureRequestWarning: Unverified HTTPS request is being made to host 'serviciosdigitales.movilidadavanzadabello.com.co'. Adding certificate verification is strongly advised. See: https://urllib3.readthedocs.io/en/latest/advanced-usage.html#tls-warnings
  warnings.warn(
/home/comparendos/venv/lib/python3.12/site-packages/urllib3/connectionpool.py:1097: InsecureRequestWarning: Unverified HTTPS request is being made to host 'serviciosdigitales.movilidadavanzadabello.com.co'. Adding certificate verification is strongly advised. See: https://urllib3.readthedocs.io/en/latest/advanced-usage.html#tls-warnings
  warnings.warn(
/home/comparendos/venv/lib/python3.12/site-packages/urllib3/connectionpool.py:1097: InsecureRequestWarning: Unverified HTTPS request is being made to host 'serviciosdigitales.movilidadavanzadabello.com.co'. Adding certificate verification is strongly advised. See: https://urllib3.readthedocs.io/en/latest/advanced-usage.html#tls-warnings
  warnings.warn(
/home/comparendos/venv/lib/python3.12/site-packages/urllib3/connectionpool.py:1097: InsecureRequestWarning: Unverified HTTPS request is being made to host 'serviciosdigitales.movilidadavanzadabello.com.co'. Adding certificate verification is strongly advised. See: https://urllib3.readthedocs.io/en/latest/advanced-usage.html#tls-warnings
  warnings.warn(
/home/comparendos/venv/lib/python3.12/site-packages/urllib3/connectionpool.py:1097: InsecureRequestWarning: Unverified HTTPS request is being made to host 'serviciosdigitales.movilidadavanzadabello.com.co'. Adding certificate verification is strongly advised. See: https://urllib3.readthedocs.io/en/latest/advanced-usage.html#tls-warnings
  warnings.warn(
/home/comparendos/venv/lib/python3.12/site-packages/urllib3/connectionpool.py:1097: InsecureRequestWarning: Unverified HTTPS request is being made to host 'serviciosdigitales.movilidadavanzadabello.com.co'. Adding certificate verification is strongly advised. See: https://urllib3.readthedocs.io/en/latest/advanced-usage.html#tls-warnings
  warnings.warn(
/home/comparendos/venv/lib/python3.12/site-packages/urllib3/connectionpool.py:1097: InsecureRequestWarning: Unverified HTTPS request is being made to host 'serviciosdigitales.movilidadavanzadabello.com.co'. Adding certificate verification is strongly advised. See: https://urllib3.readthedocs.io/en/latest/advanced-usage.html#tls-warnings
  warnings.warn(
/home/comparendos/venv/lib/python3.12/site-packages/urllib3/connectionpool.py:1097: InsecureRequestWarning: Unverified HTTPS request is being made to host 'serviciosdigitales.movilidadavanzadabello.com.co'. Adding certificate verification is strongly advised. See: https://urllib3.readthedocs.io/en/latest/advanced-usage.html#tls-warnings
  warnings.warn(
/home/comparendos/venv/lib/python3.12/site-packages/urllib3/connectionpool.py:1097: InsecureRequestWarning: Unverified HTTPS request is being made to host 'serviciosdigitales.movilidadavanzadabello.com.co'. Adding certificate verification is strongly advised. See: https://urllib3.readthedocs.io/en/latest/advanced-usage.html#tls-warnings
  warnings.warn(
/home/comparendos/venv/lib/python3.12/site-packages/urllib3/connectionpool.py:1097: InsecureRequestWarning: Unverified HTTPS request is being made to host 'serviciosdigitales.movilidadavanzadabello.com.co'. Adding certificate verification is strongly advised. See: https://urllib3.readthedocs.io/en/latest/advanced-usage.html#tls-warnings
  warnings.warn(
/home/comparendos/venv/lib/python3.12/site-packages/urllib3/connectionpool.py:1097: InsecureRequestWarning: Unverified HTTPS request is being made to host 'serviciosdigitales.movilidadavanzadabello.com.co'. Adding certificate verification is strongly advised. See: https://urllib3.readthedocs.io/en/latest/advanced-usage.html#tls-warnings
  warnings.warn(
/home/comparendos/venv/lib/python3.12/site-packages/urllib3/connectionpool.py:1097: InsecureRequestWarning: Unverified HTTPS request is being made to host 'serviciosdigitales.movilidadavanzadabello.com.co'. Adding certificate verification is strongly advised. See: https://urllib3.readthedocs.io/en/latest/advanced-usage.html#tls-warnings
  warnings.warn(
/home/comparendos/venv/lib/python3.12/site-packages/urllib3/connectionpool.py:1097: InsecureRequestWarning: Unverified HTTPS request is being made to host 'serviciosdigitales.movilidadavanzadabello.com.co'. Adding certificate verification is strongly advised. See: https://urllib3.readthedocs.io/en/latest/advanced-usage.html#tls-warnings
  warnings.warn(
/home/comparendos/venv/lib/python3.12/site-packages/urllib3/connectionpool.py:1097: InsecureRequestWarning: Unverified HTTPS request is being made to host 'serviciosdigitales.movilidadavanzadabello.com.co'. Adding certificate verification is strongly advised. See: https://urllib3.readthedocs.io/en/latest/advanced-usage.html#tls-warnings
  warnings.warn(
/home/comparendos/venv/lib/python3.12/site-packages/urllib3/connectionpool.py:1097: InsecureRequestWarning: Unverified HTTPS request is being made to host 'serviciosdigitales.movilidadavanzadabello.com.co'. Adding certificate verification is strongly advised. See: https://urllib3.readthedocs.io/en/latest/advanced-usage.html#tls-warnings
  warnings.warn(
/home/comparendos/venv/lib/python3.12/site-packages/urllib3/connectionpool.py:1097: InsecureRequestWarning: Unverified HTTPS request is being made to host 'serviciosdigitales.movilidadavanzadabello.com.co'. Adding certificate verification is strongly advised. See: https://urllib3.readthedocs.io/en/latest/advanced-usage.html#tls-warnings
  warnings.warn(
/home/comparendos/venv/lib/python3.12/site-packages/urllib3/connectionpool.py:1097: InsecureRequestWarning: Unverified HTTPS request is being made to host 'serviciosdigitales.movilidadavanzadabello.com.co'. Adding certificate verification is strongly advised. See: https://urllib3.readthedocs.io/en/latest/advanced-usage.html#tls-warnings
  warnings.warn(
/home/comparendos/venv/lib/python3.12/site-packages/urllib3/connectionpool.py:1097: InsecureRequestWarning: Unverified HTTPS request is being made to host 'serviciosdigitales.movilidadavanzadabello.com.co'. Adding certificate verification is strongly advised. See: https://urllib3.readthedocs.io/en/latest/advanced-usage.html#tls-warnings
  warnings.warn(
/home/comparendos/venv/lib/python3.12/site-packages/urllib3/connectionpool.py:1097: InsecureRequestWarning: Unverified HTTPS request is being made to host 'serviciosdigitales.movilidadavanzadabello.com.co'. Adding certificate verification is strongly advised. See: https://urllib3.readthedocs.io/en/latest/advanced-usage.html#tls-warnings
  warnings.warn(
/home/comparendos/venv/lib/python3.12/site-packages/urllib3/connectionpool.py:1097: InsecureRequestWarning: Unverified HTTPS request is being made to host 'serviciosdigitales.movilidadavanzadabello.com.co'. Adding certificate verification is strongly advised. See: https://urllib3.readthedocs.io/en/latest/advanced-usage.html#tls-warnings
  warnings.warn(
/home/comparendos/venv/lib/python3.12/site-packages/urllib3/connectionpool.py:1097: InsecureRequestWarning: Unverified HTTPS request is being made to host 'serviciosdigitales.movilidadavanzadabello.com.co'. Adding certificate verification is strongly advised. See: https://urllib3.readthedocs.io/en/latest/advanced-usage.html#tls-warnings
  warnings.warn(
/home/comparendos/venv/lib/python3.12/site-packages/urllib3/connectionpool.py:1097: InsecureRequestWarning: Unverified HTTPS request is being made to host 'serviciosdigitales.movilidadavanzadabello.com.co'. Adding certificate verification is strongly advised. See: https://urllib3.readthedocs.io/en/latest/advanced-usage.html#tls-warnings
  warnings.warn(
/home/comparendos/venv/lib/python3.12/site-packages/urllib3/connectionpool.py:1097: InsecureRequestWarning: Unverified HTTPS request is being made to host 'serviciosdigitales.movilidadavanzadabello.com.co'. Adding certificate verification is strongly advised. See: https://urllib3.readthedocs.io/en/latest/advanced-usage.html#tls-warnings
  warnings.warn(
/home/comparendos/venv/lib/python3.12/site-packages/urllib3/connectionpool.py:1097: InsecureRequestWarning: Unverified HTTPS request is being made to host 'serviciosdigitales.movilidadavanzadabello.com.co'. Adding certificate verification is strongly advised. See: https://urllib3.readthedocs.io/en/latest/advanced-usage.html#tls-warnings
  warnings.warn(
/home/comparendos/venv/lib/python3.12/site-packages/urllib3/connectionpool.py:1097: InsecureRequestWarning: Unverified HTTPS request is being made to host 'serviciosdigitales.movilidadavanzadabello.com.co'. Adding certificate verification is strongly advised. See: https://urllib3.readthedocs.io/en/latest/advanced-usage.html#tls-warnings
  warnings.warn(
/home/comparendos/venv/lib/python3.12/site-packages/urllib3/connectionpool.py:1097: InsecureRequestWarning: Unverified HTTPS request is being made to host 'serviciosdigitales.movilidadavanzadabello.com.co'. Adding certificate verification is strongly advised. See: https://urllib3.readthedocs.io/en/latest/advanced-usage.html#tls-warnings
  warnings.warn(
/home/comparendos/venv/lib/python3.12/site-packages/urllib3/connectionpool.py:1097: InsecureRequestWarning: Unverified HTTPS request is being made to host 'serviciosdigitales.movilidadavanzadabello.com.co'. Adding certificate verification is strongly advised. See: https://urllib3.readthedocs.io/en/latest/advanced-usage.html#tls-warnings
  warnings.warn(
/home/comparendos/venv/lib/python3.12/site-packages/urllib3/connectionpool.py:1097: InsecureRequestWarning: Unverified HTTPS request is being made to host 'serviciosdigitales.movilidadavanzadabello.com.co'. Adding certificate verification is strongly advised. See: https://urllib3.readthedocs.io/en/latest/advanced-usage.html#tls-warnings
  warnings.warn(
/home/comparendos/venv/lib/python3.12/site-packages/urllib3/connectionpool.py:1097: InsecureRequestWarning: Unverified HTTPS request is being made to host 'serviciosdigitales.movilidadavanzadabello.com.co'. Adding certificate verification is strongly advised. See: https://urllib3.readthedocs.io/en/latest/advanced-usage.html#tls-warnings
  warnings.warn(
/home/comparendos/venv/lib/python3.12/site-packages/urllib3/connectionpool.py:1097: InsecureRequestWarning: Unverified HTTPS request is being made to host 'serviciosdigitales.movilidadavanzadabello.com.co'. Adding certificate verification is strongly advised. See: https://urllib3.readthedocs.io/en/latest/advanced-usage.html#tls-warnings
  warnings.warn(
/home/comparendos/venv/lib/python3.12/site-packages/urllib3/connectionpool.py:1097: InsecureRequestWarning: Unverified HTTPS request is being made to host 'serviciosdigitales.movilidadavanzadabello.com.co'. Adding certificate verification is strongly advised. See: https://urllib3.readthedocs.io/en/latest/advanced-usage.html#tls-warnings
  warnings.warn(
/home/comparendos/venv/lib/python3.12/site-packages/urllib3/connectionpool.py:1097: InsecureRequestWarning: Unverified HTTPS request is being made to host 'serviciosdigitales.movilidadavanzadabello.com.co'. Adding certificate verification is strongly advised. See: https://urllib3.readthedocs.io/en/latest/advanced-usage.html#tls-warnings
  warnings.warn(
/home/comparendos/venv/lib/python3.12/site-packages/urllib3/connectionpool.py:1097: InsecureRequestWarning: Unverified HTTPS request is being made to host 'serviciosdigitales.movilidadavanzadabello.com.co'. Adding certificate verification is strongly advised. See: https://urllib3.readthedocs.io/en/latest/advanced-usage.html#tls-warnings
  warnings.warn(
/home/comparendos/venv/lib/python3.12/site-packages/urllib3/connectionpool.py:1097: InsecureRequestWarning: Unverified HTTPS request is being made to host 'serviciosdigitales.movilidadavanzadabello.com.co'. Adding certificate verification is strongly advised. See: https://urllib3.readthedocs.io/en/latest/advanced-usage.html#tls-warnings
  warnings.warn(
/home/comparendos/venv/lib/python3.12/site-packages/urllib3/connectionpool.py:1097: InsecureRequestWarning: Unverified HTTPS request is being made to host 'serviciosdigitales.movilidadavanzadabello.com.co'. Adding certificate verification is strongly advised. See: https://urllib3.readthedocs.io/en/latest/advanced-usage.html#tls-warnings
  warnings.warn(
/home/comparendos/venv/lib/python3.12/site-packages/urllib3/connectionpool.py:1097: InsecureRequestWarning: Unverified HTTPS request is being made to host 'serviciosdigitales.movilidadavanzadabello.com.co'. Adding certificate verification is strongly advised. See: https://urllib3.readthedocs.io/en/latest/advanced-usage.html#tls-warnings
  warnings.warn(
/home/comparendos/venv/lib/python3.12/site-packages/urllib3/connectionpool.py:1097: InsecureRequestWarning: Unverified HTTPS request is being made to host 'serviciosdigitales.movilidadavanzadabello.com.co'. Adding certificate verification is strongly advised. See: https://urllib3.readthedocs.io/en/latest/advanced-usage.html#tls-warnings
  warnings.warn(
/home/comparendos/venv/lib/python3.12/site-packages/urllib3/connectionpool.py:1097: InsecureRequestWarning: Unverified HTTPS request is being made to host 'serviciosdigitales.movilidadavanzadabello.com.co'. Adding certificate verification is strongly advised. See: https://urllib3.readthedocs.io/en/latest/advanced-usage.html#tls-warnings
  warnings.warn(
/home/comparendos/venv/lib/python3.12/site-packages/urllib3/connectionpool.py:1097: InsecureRequestWarning: Unverified HTTPS request is being made to host 'serviciosdigitales.movilidadavanzadabello.com.co'. Adding certificate verification is strongly advised. See: https://urllib3.readthedocs.io/en/latest/advanced-usage.html#tls-warnings
  warnings.warn(
/home/comparendos/venv/lib/python3.12/site-packages/urllib3/connectionpool.py:1097: InsecureRequestWarning: Unverified HTTPS request is being made to host 'serviciosdigitales.movilidadavanzadabello.com.co'. Adding certificate verification is strongly advised. See: https://urllib3.readthedocs.io/en/latest/advanced-usage.html#tls-warnings
  warnings.warn(
/home/comparendos/venv/lib/python3.12/site-packages/urllib3/connectionpool.py:1097: InsecureRequestWarning: Unverified HTTPS request is being made to host 'serviciosdigitales.movilidadavanzadabello.com.co'. Adding certificate verification is strongly advised. See: https://urllib3.readthedocs.io/en/latest/advanced-usage.html#tls-warnings
  warnings.warn(
/home/comparendos/venv/lib/python3.12/site-packages/urllib3/connectionpool.py:1097: InsecureRequestWarning: Unverified HTTPS request is being made to host 'serviciosdigitales.movilidadavanzadabello.com.co'. Adding certificate verification is strongly advised. See: https://urllib3.readthedocs.io/en/latest/advanced-usage.html#tls-warnings
  warnings.warn(
/home/comparendos/venv/lib/python3.12/site-packages/urllib3/connectionpool.py:1097: InsecureRequestWarning: Unverified HTTPS request is being made to host 'serviciosdigitales.movilidadavanzadabello.com.co'. Adding certificate verification is strongly advised. See: https://urllib3.readthedocs.io/en/latest/advanced-usage.html#tls-warnings
  warnings.warn(
/home/comparendos/venv/lib/python3.12/site-packages/urllib3/connectionpool.py:1097: InsecureRequestWarning: Unverified HTTPS request is being made to host 'serviciosdigitales.movilidadavanzadabello.com.co'. Adding certificate verification is strongly advised. See: https://urllib3.readthedocs.io/en/latest/advanced-usage.html#tls-warnings
  warnings.warn(
/home/comparendos/venv/lib/python3.12/site-packages/urllib3/connectionpool.py:1097: InsecureRequestWarning: Unverified HTTPS request is being made to host 'serviciosdigitales.movilidadavanzadabello.com.co'. Adding certificate verification is strongly advised. See: https://urllib3.readthedocs.io/en/latest/advanced-usage.html#tls-warnings
  warnings.warn(
/home/comparendos/venv/lib/python3.12/site-packages/urllib3/connectionpool.py:1097: InsecureRequestWarning: Unverified HTTPS request is being made to host 'serviciosdigitales.movilidadavanzadabello.com.co'. Adding certificate verification is strongly advised. See: https://urllib3.readthedocs.io/en/latest/advanced-usage.html#tls-warnings
  warnings.warn(
/home/comparendos/venv/lib/python3.12/site-packages/urllib3/connectionpool.py:1097: InsecureRequestWarning: Unverified HTTPS request is being made to host 'serviciosdigitales.movilidadavanzadabello.com.co'. Adding certificate verification is strongly advised. See: https://urllib3.readthedocs.io/en/latest/advanced-usage.html#tls-warnings
  warnings.warn(
/home/comparendos/venv/lib/python3.12/site-packages/urllib3/connectionpool.py:1097: InsecureRequestWarning: Unverified HTTPS request is being made to host 'serviciosdigitales.movilidadavanzadabello.com.co'. Adding certificate verification is strongly advised. See: https://urllib3.readthedocs.io/en/latest/advanced-usage.html#tls-warnings
  warnings.warn(
/home/comparendos/venv/lib/python3.12/site-packages/urllib3/connectionpool.py:1097: InsecureRequestWarning: Unverified HTTPS request is being made to host 'serviciosdigitales.movilidadavanzadabello.com.co'. Adding certificate verification is strongly advised. See: https://urllib3.readthedocs.io/en/latest/advanced-usage.html#tls-warnings
  warnings.warn(
/home/comparendos/venv/lib/python3.12/site-packages/urllib3/connectionpool.py:1097: InsecureRequestWarning: Unverified HTTPS request is being made to host 'serviciosdigitales.movilidadavanzadabello.com.co'. Adding certificate verification is strongly advised. See: https://urllib3.readthedocs.io/en/latest/advanced-usage.html#tls-warnings
  warnings.warn(
/home/comparendos/venv/lib/python3.12/site-packages/urllib3/connectionpool.py:1097: InsecureRequestWarning: Unverified HTTPS request is being made to host 'serviciosdigitales.movilidadavanzadabello.com.co'. Adding certificate verification is strongly advised. See: https://urllib3.readthedocs.io/en/latest/advanced-usage.html#tls-warnings
  warnings.warn(
/home/comparendos/venv/lib/python3.12/site-packages/urllib3/connectionpool.py:1097: InsecureRequestWarning: Unverified HTTPS request is being made to host 'serviciosdigitales.movilidadavanzadabello.com.co'. Adding certificate verification is strongly advised. See: https://urllib3.readthedocs.io/en/latest/advanced-usage.html#tls-warnings
  warnings.warn(
/home/comparendos/venv/lib/python3.12/site-packages/urllib3/connectionpool.py:1097: InsecureRequestWarning: Unverified HTTPS request is being made to host 'serviciosdigitales.movilidadavanzadabello.com.co'. Adding certificate verification is strongly advised. See: https://urllib3.readthedocs.io/en/latest/advanced-usage.html#tls-warnings
  warnings.warn(
/home/comparendos/venv/lib/python3.12/site-packages/urllib3/connectionpool.py:1097: InsecureRequestWarning: Unverified HTTPS request is being made to host 'serviciosdigitales.movilidadavanzadabello.com.co'. Adding certificate verification is strongly advised. See: https://urllib3.readthedocs.io/en/latest/advanced-usage.html#tls-warnings
  warnings.warn(
/home/comparendos/venv/lib/python3.12/site-packages/urllib3/connectionpool.py:1097: InsecureRequestWarning: Unverified HTTPS request is being made to host 'serviciosdigitales.movilidadavanzadabello.com.co'. Adding certificate verification is strongly advised. See: https://urllib3.readthedocs.io/en/latest/advanced-usage.html#tls-warnings
  warnings.warn(
/home/comparendos/venv/lib/python3.12/site-packages/urllib3/connectionpool.py:1097: InsecureRequestWarning: Unverified HTTPS request is being made to host 'serviciosdigitales.movilidadavanzadabello.com.co'. Adding certificate verification is strongly advised. See: https://urllib3.readthedocs.io/en/latest/advanced-usage.html#tls-warnings
  warnings.warn(
/home/comparendos/venv/lib/python3.12/site-packages/urllib3/connectionpool.py:1097: InsecureRequestWarning: Unverified HTTPS request is being made to host 'serviciosdigitales.movilidadavanzadabello.com.co'. Adding certificate verification is strongly advised. See: https://urllib3.readthedocs.io/en/latest/advanced-usage.html#tls-warnings
  warnings.warn(
/home/comparendos/venv/lib/python3.12/site-packages/urllib3/connectionpool.py:1097: InsecureRequestWarning: Unverified HTTPS request is being made to host 'serviciosdigitales.movilidadavanzadabello.com.co'. Adding certificate verification is strongly advised. See: https://urllib3.readthedocs.io/en/latest/advanced-usage.html#tls-warnings
  warnings.warn(
/home/comparendos/venv/lib/python3.12/site-packages/urllib3/connectionpool.py:1097: InsecureRequestWarning: Unverified HTTPS request is being made to host 'serviciosdigitales.movilidadavanzadabello.com.co'. Adding certificate verification is strongly advised. See: https://urllib3.readthedocs.io/en/latest/advanced-usage.html#tls-warnings
  warnings.warn(
/home/comparendos/venv/lib/python3.12/site-packages/urllib3/connectionpool.py:1097: InsecureRequestWarning: Unverified HTTPS request is being made to host 'serviciosdigitales.movilidadavanzadabello.com.co'. Adding certificate verification is strongly advised. See: https://urllib3.readthedocs.io/en/latest/advanced-usage.html#tls-warnings
  warnings.warn(
/home/comparendos/venv/lib/python3.12/site-packages/urllib3/connectionpool.py:1097: InsecureRequestWarning: Unverified HTTPS request is being made to host 'serviciosdigitales.movilidadavanzadabello.com.co'. Adding certificate verification is strongly advised. See: https://urllib3.readthedocs.io/en/latest/advanced-usage.html#tls-warnings
  warnings.warn(
/home/comparendos/venv/lib/python3.12/site-packages/urllib3/connectionpool.py:1097: InsecureRequestWarning: Unverified HTTPS request is being made to host 'serviciosdigitales.movilidadavanzadabello.com.co'. Adding certificate verification is strongly advised. See: https://urllib3.readthedocs.io/en/latest/advanced-usage.html#tls-warnings
  warnings.warn(
/home/comparendos/venv/lib/python3.12/site-packages/urllib3/connectionpool.py:1097: InsecureRequestWarning: Unverified HTTPS request is being made to host 'serviciosdigitales.movilidadavanzadabello.com.co'. Adding certificate verification is strongly advised. See: https://urllib3.readthedocs.io/en/latest/advanced-usage.html#tls-warnings
  warnings.warn(
/home/comparendos/venv/lib/python3.12/site-packages/urllib3/connectionpool.py:1097: InsecureRequestWarning: Unverified HTTPS request is being made to host 'serviciosdigitales.movilidadavanzadabello.com.co'. Adding certificate verification is strongly advised. See: https://urllib3.readthedocs.io/en/latest/advanced-usage.html#tls-warnings
  warnings.warn(
/home/comparendos/venv/lib/python3.12/site-packages/urllib3/connectionpool.py:1097: InsecureRequestWarning: Unverified HTTPS request is being made to host 'serviciosdigitales.movilidadavanzadabello.com.co'. Adding certificate verification is strongly advised. See: https://urllib3.readthedocs.io/en/latest/advanced-usage.html#tls-warnings
  warnings.warn(
/home/comparendos/venv/lib/python3.12/site-packages/urllib3/connectionpool.py:1097: InsecureRequestWarning: Unverified HTTPS request is being made to host 'serviciosdigitales.movilidadavanzadabello.com.co'. Adding certificate verification is strongly advised. See: https://urllib3.readthedocs.io/en/latest/advanced-usage.html#tls-warnings
  warnings.warn(
/home/comparendos/venv/lib/python3.12/site-packages/urllib3/connectionpool.py:1097: InsecureRequestWarning: Unverified HTTPS request is being made to host 'serviciosdigitales.movilidadavanzadabello.com.co'. Adding certificate verification is strongly advised. See: https://urllib3.readthedocs.io/en/latest/advanced-usage.html#tls-warnings
  warnings.warn(
/home/comparendos/venv/lib/python3.12/site-packages/urllib3/connectionpool.py:1097: InsecureRequestWarning: Unverified HTTPS request is being made to host 'serviciosdigitales.movilidadavanzadabello.com.co'. Adding certificate verification is strongly advised. See: https://urllib3.readthedocs.io/en/latest/advanced-usage.html#tls-warnings
  warnings.warn(
/home/comparendos/venv/lib/python3.12/site-packages/urllib3/connectionpool.py:1097: InsecureRequestWarning: Unverified HTTPS request is being made to host 'serviciosdigitales.movilidadavanzadabello.com.co'. Adding certificate verification is strongly advised. See: https://urllib3.readthedocs.io/en/latest/advanced-usage.html#tls-warnings
  warnings.warn(
/home/comparendos/venv/lib/python3.12/site-packages/urllib3/connectionpool.py:1097: InsecureRequestWarning: Unverified HTTPS request is being made to host 'serviciosdigitales.movilidadavanzadabello.com.co'. Adding certificate verification is strongly advised. See: https://urllib3.readthedocs.io/en/latest/advanced-usage.html#tls-warnings
  warnings.warn(
/home/comparendos/venv/lib/python3.12/site-packages/urllib3/connectionpool.py:1097: InsecureRequestWarning: Unverified HTTPS request is being made to host 'serviciosdigitales.movilidadavanzadabello.com.co'. Adding certificate verification is strongly advised. See: https://urllib3.readthedocs.io/en/latest/advanced-usage.html#tls-warnings
  warnings.warn(
/home/comparendos/venv/lib/python3.12/site-packages/urllib3/connectionpool.py:1097: InsecureRequestWarning: Unverified HTTPS request is being made to host 'serviciosdigitales.movilidadavanzadabello.com.co'. Adding certificate verification is strongly advised. See: https://urllib3.readthedocs.io/en/latest/advanced-usage.html#tls-warnings
  warnings.warn(
/home/comparendos/venv/lib/python3.12/site-packages/urllib3/connectionpool.py:1097: InsecureRequestWarning: Unverified HTTPS request is being made to host 'serviciosdigitales.movilidadavanzadabello.com.co'. Adding certificate verification is strongly advised. See: https://urllib3.readthedocs.io/en/latest/advanced-usage.html#tls-warnings
  warnings.warn(
/home/comparendos/venv/lib/python3.12/site-packages/urllib3/connectionpool.py:1097: InsecureRequestWarning: Unverified HTTPS request is being made to host 'serviciosdigitales.movilidadavanzadabello.com.co'. Adding certificate verification is strongly advised. See: https://urllib3.readthedocs.io/en/latest/advanced-usage.html#tls-warnings
  warnings.warn(
/home/comparendos/venv/lib/python3.12/site-packages/urllib3/connectionpool.py:1097: InsecureRequestWarning: Unverified HTTPS request is being made to host 'serviciosdigitales.movilidadavanzadabello.com.co'. Adding certificate verification is strongly advised. See: https://urllib3.readthedocs.io/en/latest/advanced-usage.html#tls-warnings
  warnings.warn(
/home/comparendos/venv/lib/python3.12/site-packages/urllib3/connectionpool.py:1097: InsecureRequestWarning: Unverified HTTPS request is being made to host 'serviciosdigitales.movilidadavanzadabello.com.co'. Adding certificate verification is strongly advised. See: https://urllib3.readthedocs.io/en/latest/advanced-usage.html#tls-warnings
  warnings.warn(
/home/comparendos/venv/lib/python3.12/site-packages/urllib3/connectionpool.py:1097: InsecureRequestWarning: Unverified HTTPS request is being made to host 'serviciosdigitales.movilidadavanzadabello.com.co'. Adding certificate verification is strongly advised. See: https://urllib3.readthedocs.io/en/latest/advanced-usage.html#tls-warnings
  warnings.warn(
/home/comparendos/venv/lib/python3.12/site-packages/urllib3/connectionpool.py:1097: InsecureRequestWarning: Unverified HTTPS request is being made to host 'serviciosdigitales.movilidadavanzadabello.com.co'. Adding certificate verification is strongly advised. See: https://urllib3.readthedocs.io/en/latest/advanced-usage.html#tls-warnings
  warnings.warn(
/home/comparendos/venv/lib/python3.12/site-packages/urllib3/connectionpool.py:1097: InsecureRequestWarning: Unverified HTTPS request is being made to host 'serviciosdigitales.movilidadavanzadabello.com.co'. Adding certificate verification is strongly advised. See: https://urllib3.readthedocs.io/en/latest/advanced-usage.html#tls-warnings
  warnings.warn(
/home/comparendos/venv/lib/python3.12/site-packages/urllib3/connectionpool.py:1097: InsecureRequestWarning: Unverified HTTPS request is being made to host 'serviciosdigitales.movilidadavanzadabello.com.co'. Adding certificate verification is strongly advised. See: https://urllib3.readthedocs.io/en/latest/advanced-usage.html#tls-warnings
  warnings.warn(
/home/comparendos/venv/lib/python3.12/site-packages/urllib3/connectionpool.py:1097: InsecureRequestWarning: Unverified HTTPS request is being made to host 'serviciosdigitales.movilidadavanzadabello.com.co'. Adding certificate verification is strongly advised. See: https://urllib3.readthedocs.io/en/latest/advanced-usage.html#tls-warnings
  warnings.warn(
/home/comparendos/venv/lib/python3.12/site-packages/urllib3/connectionpool.py:1097: InsecureRequestWarning: Unverified HTTPS request is being made to host 'serviciosdigitales.movilidadavanzadabello.com.co'. Adding certificate verification is strongly advised. See: https://urllib3.readthedocs.io/en/latest/advanced-usage.html#tls-warnings
  warnings.warn(
/home/comparendos/venv/lib/python3.12/site-packages/urllib3/connectionpool.py:1097: InsecureRequestWarning: Unverified HTTPS request is being made to host 'serviciosdigitales.movilidadavanzadabello.com.co'. Adding certificate verification is strongly advised. See: https://urllib3.readthedocs.io/en/latest/advanced-usage.html#tls-warnings
  warnings.warn(
/home/comparendos/venv/lib/python3.12/site-packages/urllib3/connectionpool.py:1097: InsecureRequestWarning: Unverified HTTPS request is being made to host 'serviciosdigitales.movilidadavanzadabello.com.co'. Adding certificate verification is strongly advised. See: https://urllib3.readthedocs.io/en/latest/advanced-usage.html#tls-warnings
  warnings.warn(
/home/comparendos/venv/lib/python3.12/site-packages/urllib3/connectionpool.py:1097: InsecureRequestWarning: Unverified HTTPS request is being made to host 'serviciosdigitales.movilidadavanzadabello.com.co'. Adding certificate verification is strongly advised. See: https://urllib3.readthedocs.io/en/latest/advanced-usage.html#tls-warnings
  warnings.warn(
/home/comparendos/venv/lib/python3.12/site-packages/urllib3/connectionpool.py:1097: InsecureRequestWarning: Unverified HTTPS request is being made to host 'serviciosdigitales.movilidadavanzadabello.com.co'. Adding certificate verification is strongly advised. See: https://urllib3.readthedocs.io/en/latest/advanced-usage.html#tls-warnings
  warnings.warn(
/home/comparendos/venv/lib/python3.12/site-packages/urllib3/connectionpool.py:1097: InsecureRequestWarning: Unverified HTTPS request is being made to host 'serviciosdigitales.movilidadavanzadabello.com.co'. Adding certificate verification is strongly advised. See: https://urllib3.readthedocs.io/en/latest/advanced-usage.html#tls-warnings
  warnings.warn(
/home/comparendos/venv/lib/python3.12/site-packages/urllib3/connectionpool.py:1097: InsecureRequestWarning: Unverified HTTPS request is being made to host 'serviciosdigitales.movilidadavanzadabello.com.co'. Adding certificate verification is strongly advised. See: https://urllib3.readthedocs.io/en/latest/advanced-usage.html#tls-warnings
  warnings.warn(
/home/comparendos/venv/lib/python3.12/site-packages/urllib3/connectionpool.py:1097: InsecureRequestWarning: Unverified HTTPS request is being made to host 'serviciosdigitales.movilidadavanzadabello.com.co'. Adding certificate verification is strongly advised. See: https://urllib3.readthedocs.io/en/latest/advanced-usage.html#tls-warnings
  warnings.warn(
/home/comparendos/venv/lib/python3.12/site-packages/urllib3/connectionpool.py:1097: InsecureRequestWarning: Unverified HTTPS request is being made to host 'serviciosdigitales.movilidadavanzadabello.com.co'. Adding certificate verification is strongly advised. See: https://urllib3.readthedocs.io/en/latest/advanced-usage.html#tls-warnings
  warnings.warn(
/home/comparendos/venv/lib/python3.12/site-packages/urllib3/connectionpool.py:1097: InsecureRequestWarning: Unverified HTTPS request is being made to host 'serviciosdigitales.movilidadavanzadabello.com.co'. Adding certificate verification is strongly advised. See: https://urllib3.readthedocs.io/en/latest/advanced-usage.html#tls-warnings
  warnings.warn(
/home/comparendos/venv/lib/python3.12/site-packages/urllib3/connectionpool.py:1097: InsecureRequestWarning: Unverified HTTPS request is being made to host 'serviciosdigitales.movilidadavanzadabello.com.co'. Adding certificate verification is strongly advised. See: https://urllib3.readthedocs.io/en/latest/advanced-usage.html#tls-warnings
  warnings.warn(
/home/comparendos/venv/lib/python3.12/site-packages/urllib3/connectionpool.py:1097: InsecureRequestWarning: Unverified HTTPS request is being made to host 'serviciosdigitales.movilidadavanzadabello.com.co'. Adding certificate verification is strongly advised. See: https://urllib3.readthedocs.io/en/latest/advanced-usage.html#tls-warnings
  warnings.warn(
/home/comparendos/venv/lib/python3.12/site-packages/urllib3/connectionpool.py:1097: InsecureRequestWarning: Unverified HTTPS request is being made to host 'serviciosdigitales.movilidadavanzadabello.com.co'. Adding certificate verification is strongly advised. See: https://urllib3.readthedocs.io/en/latest/advanced-usage.html#tls-warnings
  warnings.warn(
/home/comparendos/venv/lib/python3.12/site-packages/urllib3/connectionpool.py:1097: InsecureRequestWarning: Unverified HTTPS request is being made to host 'serviciosdigitales.movilidadavanzadabello.com.co'. Adding certificate verification is strongly advised. See: https://urllib3.readthedocs.io/en/latest/advanced-usage.html#tls-warnings
  warnings.warn(
/home/comparendos/venv/lib/python3.12/site-packages/urllib3/connectionpool.py:1097: InsecureRequestWarning: Unverified HTTPS request is being made to host 'serviciosdigitales.movilidadavanzadabello.com.co'. Adding certificate verification is strongly advised. See: https://urllib3.readthedocs.io/en/latest/advanced-usage.html#tls-warnings
  warnings.warn(
/home/comparendos/venv/lib/python3.12/site-packages/urllib3/connectionpool.py:1097: InsecureRequestWarning: Unverified HTTPS request is being made to host 'serviciosdigitales.movilidadavanzadabello.com.co'. Adding certificate verification is strongly advised. See: https://urllib3.readthedocs.io/en/latest/advanced-usage.html#tls-warnings
  warnings.warn(
/home/comparendos/venv/lib/python3.12/site-packages/urllib3/connectionpool.py:1097: InsecureRequestWarning: Unverified HTTPS request is being made to host 'serviciosdigitales.movilidadavanzadabello.com.co'. Adding certificate verification is strongly advised. See: https://urllib3.readthedocs.io/en/latest/advanced-usage.html#tls-warnings
  warnings.warn(
/home/comparendos/venv/lib/python3.12/site-packages/urllib3/connectionpool.py:1097: InsecureRequestWarning: Unverified HTTPS request is being made to host 'serviciosdigitales.movilidadavanzadabello.com.co'. Adding certificate verification is strongly advised. See: https://urllib3.readthedocs.io/en/latest/advanced-usage.html#tls-warnings
  warnings.warn(
/home/comparendos/venv/lib/python3.12/site-packages/urllib3/connectionpool.py:1097: InsecureRequestWarning: Unverified HTTPS request is being made to host 'serviciosdigitales.movilidadavanzadabello.com.co'. Adding certificate verification is strongly advised. See: https://urllib3.readthedocs.io/en/latest/advanced-usage.html#tls-warnings
  warnings.warn(
/home/comparendos/venv/lib/python3.12/site-packages/urllib3/connectionpool.py:1097: InsecureRequestWarning: Unverified HTTPS request is being made to host 'serviciosdigitales.movilidadavanzadabello.com.co'. Adding certificate verification is strongly advised. See: https://urllib3.readthedocs.io/en/latest/advanced-usage.html#tls-warnings
  warnings.warn(
/home/comparendos/venv/lib/python3.12/site-packages/urllib3/connectionpool.py:1097: InsecureRequestWarning: Unverified HTTPS request is being made to host 'serviciosdigitales.movilidadavanzadabello.com.co'. Adding certificate verification is strongly advised. See: https://urllib3.readthedocs.io/en/latest/advanced-usage.html#tls-warnings
  warnings.warn(
/home/comparendos/venv/lib/python3.12/site-packages/urllib3/connectionpool.py:1097: InsecureRequestWarning: Unverified HTTPS request is being made to host 'serviciosdigitales.movilidadavanzadabello.com.co'. Adding certificate verification is strongly advised. See: https://urllib3.readthedocs.io/en/latest/advanced-usage.html#tls-warnings
  warnings.warn(
/home/comparendos/venv/lib/python3.12/site-packages/urllib3/connectionpool.py:1097: InsecureRequestWarning: Unverified HTTPS request is being made to host 'serviciosdigitales.movilidadavanzadabello.com.co'. Adding certificate verification is strongly advised. See: https://urllib3.readthedocs.io/en/latest/advanced-usage.html#tls-warnings
  warnings.warn(
/home/comparendos/venv/lib/python3.12/site-packages/urllib3/connectionpool.py:1097: InsecureRequestWarning: Unverified HTTPS request is being made to host 'serviciosdigitales.movilidadavanzadabello.com.co'. Adding certificate verification is strongly advised. See: https://urllib3.readthedocs.io/en/latest/advanced-usage.html#tls-warnings
  warnings.warn(
/home/comparendos/venv/lib/python3.12/site-packages/urllib3/connectionpool.py:1097: InsecureRequestWarning: Unverified HTTPS request is being made to host 'serviciosdigitales.movilidadavanzadabello.com.co'. Adding certificate verification is strongly advised. See: https://urllib3.readthedocs.io/en/latest/advanced-usage.html#tls-warnings
  warnings.warn(
/home/comparendos/venv/lib/python3.12/site-packages/urllib3/connectionpool.py:1097: InsecureRequestWarning: Unverified HTTPS request is being made to host 'serviciosdigitales.movilidadavanzadabello.com.co'. Adding certificate verification is strongly advised. See: https://urllib3.readthedocs.io/en/latest/advanced-usage.html#tls-warnings
  warnings.warn(
/home/comparendos/venv/lib/python3.12/site-packages/urllib3/connectionpool.py:1097: InsecureRequestWarning: Unverified HTTPS request is being made to host 'serviciosdigitales.movilidadavanzadabello.com.co'. Adding certificate verification is strongly advised. See: https://urllib3.readthedocs.io/en/latest/advanced-usage.html#tls-warnings
  warnings.warn(
/home/comparendos/venv/lib/python3.12/site-packages/urllib3/connectionpool.py:1097: InsecureRequestWarning: Unverified HTTPS request is being made to host 'serviciosdigitales.movilidadavanzadabello.com.co'. Adding certificate verification is strongly advised. See: https://urllib3.readthedocs.io/en/latest/advanced-usage.html#tls-warnings
  warnings.warn(
/home/comparendos/venv/lib/python3.12/site-packages/urllib3/connectionpool.py:1097: InsecureRequestWarning: Unverified HTTPS request is being made to host 'serviciosdigitales.movilidadavanzadabello.com.co'. Adding certificate verification is strongly advised. See: https://urllib3.readthedocs.io/en/latest/advanced-usage.html#tls-warnings
  warnings.warn(
/home/comparendos/venv/lib/python3.12/site-packages/urllib3/connectionpool.py:1097: InsecureRequestWarning: Unverified HTTPS request is being made to host 'serviciosdigitales.movilidadavanzadabello.com.co'. Adding certificate verification is strongly advised. See: https://urllib3.readthedocs.io/en/latest/advanced-usage.html#tls-warnings
  warnings.warn(
/home/comparendos/venv/lib/python3.12/site-packages/urllib3/connectionpool.py:1097: InsecureRequestWarning: Unverified HTTPS request is being made to host 'serviciosdigitales.movilidadavanzadabello.com.co'. Adding certificate verification is strongly advised. See: https://urllib3.readthedocs.io/en/latest/advanced-usage.html#tls-warnings
  warnings.warn(
/home/comparendos/venv/lib/python3.12/site-packages/urllib3/connectionpool.py:1097: InsecureRequestWarning: Unverified HTTPS request is being made to host 'serviciosdigitales.movilidadavanzadabello.com.co'. Adding certificate verification is strongly advised. See: https://urllib3.readthedocs.io/en/latest/advanced-usage.html#tls-warnings
  warnings.warn(
/home/comparendos/venv/lib/python3.12/site-packages/urllib3/connectionpool.py:1097: InsecureRequestWarning: Unverified HTTPS request is being made to host 'serviciosdigitales.movilidadavanzadabello.com.co'. Adding certificate verification is strongly advised. See: https://urllib3.readthedocs.io/en/latest/advanced-usage.html#tls-warnings
  warnings.warn(
/home/comparendos/venv/lib/python3.12/site-packages/urllib3/connectionpool.py:1097: InsecureRequestWarning: Unverified HTTPS request is being made to host 'serviciosdigitales.movilidadavanzadabello.com.co'. Adding certificate verification is strongly advised. See: https://urllib3.readthedocs.io/en/latest/advanced-usage.html#tls-warnings
  warnings.warn(
/home/comparendos/venv/lib/python3.12/site-packages/urllib3/connectionpool.py:1097: InsecureRequestWarning: Unverified HTTPS request is being made to host 'serviciosdigitales.movilidadavanzadabello.com.co'. Adding certificate verification is strongly advised. See: https://urllib3.readthedocs.io/en/latest/advanced-usage.html#tls-warnings
  warnings.warn(
/home/comparendos/venv/lib/python3.12/site-packages/urllib3/connectionpool.py:1097: InsecureRequestWarning: Unverified HTTPS request is being made to host 'serviciosdigitales.movilidadavanzadabello.com.co'. Adding certificate verification is strongly advised. See: https://urllib3.readthedocs.io/en/latest/advanced-usage.html#tls-warnings
  warnings.warn(
/home/comparendos/venv/lib/python3.12/site-packages/urllib3/connectionpool.py:1097: InsecureRequestWarning: Unverified HTTPS request is being made to host 'serviciosdigitales.movilidadavanzadabello.com.co'. Adding certificate verification is strongly advised. See: https://urllib3.readthedocs.io/en/latest/advanced-usage.html#tls-warnings
  warnings.warn(
/home/comparendos/venv/lib/python3.12/site-packages/urllib3/connectionpool.py:1097: InsecureRequestWarning: Unverified HTTPS request is being made to host 'serviciosdigitales.movilidadavanzadabello.com.co'. Adding certificate verification is strongly advised. See: https://urllib3.readthedocs.io/en/latest/advanced-usage.html#tls-warnings
  warnings.warn(
/home/comparendos/venv/lib/python3.12/site-packages/urllib3/connectionpool.py:1097: InsecureRequestWarning: Unverified HTTPS request is being made to host 'serviciosdigitales.movilidadavanzadabello.com.co'. Adding certificate verification is strongly advised. See: https://urllib3.readthedocs.io/en/latest/advanced-usage.html#tls-warnings
  warnings.warn(
/home/comparendos/venv/lib/python3.12/site-packages/urllib3/connectionpool.py:1097: InsecureRequestWarning: Unverified HTTPS request is being made to host 'serviciosdigitales.movilidadavanzadabello.com.co'. Adding certificate verification is strongly advised. See: https://urllib3.readthedocs.io/en/latest/advanced-usage.html#tls-warnings
  warnings.warn(
/home/comparendos/venv/lib/python3.12/site-packages/urllib3/connectionpool.py:1097: InsecureRequestWarning: Unverified HTTPS request is being made to host 'serviciosdigitales.movilidadavanzadabello.com.co'. Adding certificate verification is strongly advised. See: https://urllib3.readthedocs.io/en/latest/advanced-usage.html#tls-warnings
  warnings.warn(
/home/comparendos/venv/lib/python3.12/site-packages/urllib3/connectionpool.py:1097: InsecureRequestWarning: Unverified HTTPS request is being made to host 'serviciosdigitales.movilidadavanzadabello.com.co'. Adding certificate verification is strongly advised. See: https://urllib3.readthedocs.io/en/latest/advanced-usage.html#tls-warnings
  warnings.warn(
/home/comparendos/venv/lib/python3.12/site-packages/urllib3/connectionpool.py:1097: InsecureRequestWarning: Unverified HTTPS request is being made to host 'serviciosdigitales.movilidadavanzadabello.com.co'. Adding certificate verification is strongly advised. See: https://urllib3.readthedocs.io/en/latest/advanced-usage.html#tls-warnings
  warnings.warn(
/home/comparendos/venv/lib/python3.12/site-packages/urllib3/connectionpool.py:1097: InsecureRequestWarning: Unverified HTTPS request is being made to host 'serviciosdigitales.movilidadavanzadabello.com.co'. Adding certificate verification is strongly advised. See: https://urllib3.readthedocs.io/en/latest/advanced-usage.html#tls-warnings
  warnings.warn(
/home/comparendos/venv/lib/python3.12/site-packages/urllib3/connectionpool.py:1097: InsecureRequestWarning: Unverified HTTPS request is being made to host 'serviciosdigitales.movilidadavanzadabello.com.co'. Adding certificate verification is strongly advised. See: https://urllib3.readthedocs.io/en/latest/advanced-usage.html#tls-warnings
  warnings.warn(
/home/comparendos/venv/lib/python3.12/site-packages/urllib3/connectionpool.py:1097: InsecureRequestWarning: Unverified HTTPS request is being made to host 'serviciosdigitales.movilidadavanzadabello.com.co'. Adding certificate verification is strongly advised. See: https://urllib3.readthedocs.io/en/latest/advanced-usage.html#tls-warnings
  warnings.warn(
/home/comparendos/venv/lib/python3.12/site-packages/urllib3/connectionpool.py:1097: InsecureRequestWarning: Unverified HTTPS request is being made to host 'serviciosdigitales.movilidadavanzadabello.com.co'. Adding certificate verification is strongly advised. See: https://urllib3.readthedocs.io/en/latest/advanced-usage.html#tls-warnings
  warnings.warn(
/home/comparendos/venv/lib/python3.12/site-packages/urllib3/connectionpool.py:1097: InsecureRequestWarning: Unverified HTTPS request is being made to host 'serviciosdigitales.movilidadavanzadabello.com.co'. Adding certificate verification is strongly advised. See: https://urllib3.readthedocs.io/en/latest/advanced-usage.html#tls-warnings
  warnings.warn(
/home/comparendos/venv/lib/python3.12/site-packages/urllib3/connectionpool.py:1097: InsecureRequestWarning: Unverified HTTPS request is being made to host 'serviciosdigitales.movilidadavanzadabello.com.co'. Adding certificate verification is strongly advised. See: https://urllib3.readthedocs.io/en/latest/advanced-usage.html#tls-warnings
  warnings.warn(
/home/comparendos/venv/lib/python3.12/site-packages/urllib3/connectionpool.py:1097: InsecureRequestWarning: Unverified HTTPS request is being made to host 'serviciosdigitales.movilidadavanzadabello.com.co'. Adding certificate verification is strongly advised. See: https://urllib3.readthedocs.io/en/latest/advanced-usage.html#tls-warnings
  warnings.warn(
/home/comparendos/venv/lib/python3.12/site-packages/urllib3/connectionpool.py:1097: InsecureRequestWarning: Unverified HTTPS request is being made to host 'serviciosdigitales.movilidadavanzadabello.com.co'. Adding certificate verification is strongly advised. See: https://urllib3.readthedocs.io/en/latest/advanced-usage.html#tls-warnings
  warnings.warn(
/home/comparendos/venv/lib/python3.12/site-packages/urllib3/connectionpool.py:1097: InsecureRequestWarning: Unverified HTTPS request is being made to host 'serviciosdigitales.movilidadavanzadabello.com.co'. Adding certificate verification is strongly advised. See: https://urllib3.readthedocs.io/en/latest/advanced-usage.html#tls-warnings
  warnings.warn(
/home/comparendos/venv/lib/python3.12/site-packages/urllib3/connectionpool.py:1097: InsecureRequestWarning: Unverified HTTPS request is being made to host 'serviciosdigitales.movilidadavanzadabello.com.co'. Adding certificate verification is strongly advised. See: https://urllib3.readthedocs.io/en/latest/advanced-usage.html#tls-warnings
  warnings.warn(
/home/comparendos/venv/lib/python3.12/site-packages/urllib3/connectionpool.py:1097: InsecureRequestWarning: Unverified HTTPS request is being made to host 'serviciosdigitales.movilidadavanzadabello.com.co'. Adding certificate verification is strongly advised. See: https://urllib3.readthedocs.io/en/latest/advanced-usage.html#tls-warnings
  warnings.warn(
/home/comparendos/venv/lib/python3.12/site-packages/urllib3/connectionpool.py:1097: InsecureRequestWarning: Unverified HTTPS request is being made to host 'serviciosdigitales.movilidadavanzadabello.com.co'. Adding certificate verification is strongly advised. See: https://urllib3.readthedocs.io/en/latest/advanced-usage.html#tls-warnings
  warnings.warn(
/home/comparendos/venv/lib/python3.12/site-packages/urllib3/connectionpool.py:1097: InsecureRequestWarning: Unverified HTTPS request is being made to host 'serviciosdigitales.movilidadavanzadabello.com.co'. Adding certificate verification is strongly advised. See: https://urllib3.readthedocs.io/en/latest/advanced-usage.html#tls-warnings
  warnings.warn(
/home/comparendos/venv/lib/python3.12/site-packages/urllib3/connectionpool.py:1097: InsecureRequestWarning: Unverified HTTPS request is being made to host 'serviciosdigitales.movilidadavanzadabello.com.co'. Adding certificate verification is strongly advised. See: https://urllib3.readthedocs.io/en/latest/advanced-usage.html#tls-warnings
  warnings.warn(
/home/comparendos/venv/lib/python3.12/site-packages/urllib3/connectionpool.py:1097: InsecureRequestWarning: Unverified HTTPS request is being made to host 'serviciosdigitales.movilidadavanzadabello.com.co'. Adding certificate verification is strongly advised. See: https://urllib3.readthedocs.io/en/latest/advanced-usage.html#tls-warnings
  warnings.warn(
/home/comparendos/venv/lib/python3.12/site-packages/urllib3/connectionpool.py:1097: InsecureRequestWarning: Unverified HTTPS request is being made to host 'serviciosdigitales.movilidadavanzadabello.com.co'. Adding certificate verification is strongly advised. See: https://urllib3.readthedocs.io/en/latest/advanced-usage.html#tls-warnings
  warnings.warn(
/home/comparendos/venv/lib/python3.12/site-packages/urllib3/connectionpool.py:1097: InsecureRequestWarning: Unverified HTTPS request is being made to host 'serviciosdigitales.movilidadavanzadabello.com.co'. Adding certificate verification is strongly advised. See: https://urllib3.readthedocs.io/en/latest/advanced-usage.html#tls-warnings
  warnings.warn(
/home/comparendos/venv/lib/python3.12/site-packages/urllib3/connectionpool.py:1097: InsecureRequestWarning: Unverified HTTPS request is being made to host 'serviciosdigitales.movilidadavanzadabello.com.co'. Adding certificate verification is strongly advised. See: https://urllib3.readthedocs.io/en/latest/advanced-usage.html#tls-warnings
  warnings.warn(
/home/comparendos/venv/lib/python3.12/site-packages/urllib3/connectionpool.py:1097: InsecureRequestWarning: Unverified HTTPS request is being made to host 'serviciosdigitales.movilidadavanzadabello.com.co'. Adding certificate verification is strongly advised. See: https://urllib3.readthedocs.io/en/latest/advanced-usage.html#tls-warnings
  warnings.warn(
/home/comparendos/venv/lib/python3.12/site-packages/urllib3/connectionpool.py:1097: InsecureRequestWarning: Unverified HTTPS request is being made to host 'serviciosdigitales.movilidadavanzadabello.com.co'. Adding certificate verification is strongly advised. See: https://urllib3.readthedocs.io/en/latest/advanced-usage.html#tls-warnings
  warnings.warn(
/home/comparendos/venv/lib/python3.12/site-packages/urllib3/connectionpool.py:1097: InsecureRequestWarning: Unverified HTTPS request is being made to host 'serviciosdigitales.movilidadavanzadabello.com.co'. Adding certificate verification is strongly advised. See: https://urllib3.readthedocs.io/en/latest/advanced-usage.html#tls-warnings
  warnings.warn(
/home/comparendos/venv/lib/python3.12/site-packages/urllib3/connectionpool.py:1097: InsecureRequestWarning: Unverified HTTPS request is being made to host 'serviciosdigitales.movilidadavanzadabello.com.co'. Adding certificate verification is strongly advised. See: https://urllib3.readthedocs.io/en/latest/advanced-usage.html#tls-warnings
  warnings.warn(
/home/comparendos/venv/lib/python3.12/site-packages/urllib3/connectionpool.py:1097: InsecureRequestWarning: Unverified HTTPS request is being made to host 'serviciosdigitales.movilidadavanzadabello.com.co'. Adding certificate verification is strongly advised. See: https://urllib3.readthedocs.io/en/latest/advanced-usage.html#tls-warnings
  warnings.warn(
/home/comparendos/venv/lib/python3.12/site-packages/urllib3/connectionpool.py:1097: InsecureRequestWarning: Unverified HTTPS request is being made to host 'serviciosdigitales.movilidadavanzadabello.com.co'. Adding certificate verification is strongly advised. See: https://urllib3.readthedocs.io/en/latest/advanced-usage.html#tls-warnings
  warnings.warn(
/home/comparendos/venv/lib/python3.12/site-packages/urllib3/connectionpool.py:1097: InsecureRequestWarning: Unverified HTTPS request is being made to host 'serviciosdigitales.movilidadavanzadabello.com.co'. Adding certificate verification is strongly advised. See: https://urllib3.readthedocs.io/en/latest/advanced-usage.html#tls-warnings
  warnings.warn(
/home/comparendos/venv/lib/python3.12/site-packages/urllib3/connectionpool.py:1097: InsecureRequestWarning: Unverified HTTPS request is being made to host 'serviciosdigitales.movilidadavanzadabello.com.co'. Adding certificate verification is strongly advised. See: https://urllib3.readthedocs.io/en/latest/advanced-usage.html#tls-warnings
  warnings.warn(
/home/comparendos/venv/lib/python3.12/site-packages/urllib3/connectionpool.py:1097: InsecureRequestWarning: Unverified HTTPS request is being made to host 'serviciosdigitales.movilidadavanzadabello.com.co'. Adding certificate verification is strongly advised. See: https://urllib3.readthedocs.io/en/latest/advanced-usage.html#tls-warnings
  warnings.warn(
/home/comparendos/venv/lib/python3.12/site-packages/urllib3/connectionpool.py:1097: InsecureRequestWarning: Unverified HTTPS request is being made to host 'serviciosdigitales.movilidadavanzadabello.com.co'. Adding certificate verification is strongly advised. See: https://urllib3.readthedocs.io/en/latest/advanced-usage.html#tls-warnings
  warnings.warn(
/home/comparendos/venv/lib/python3.12/site-packages/urllib3/connectionpool.py:1097: InsecureRequestWarning: Unverified HTTPS request is being made to host 'serviciosdigitales.movilidadavanzadabello.com.co'. Adding certificate verification is strongly advised. See: https://urllib3.readthedocs.io/en/latest/advanced-usage.html#tls-warnings
  warnings.warn(
/home/comparendos/venv/lib/python3.12/site-packages/urllib3/connectionpool.py:1097: InsecureRequestWarning: Unverified HTTPS request is being made to host 'serviciosdigitales.movilidadavanzadabello.com.co'. Adding certificate verification is strongly advised. See: https://urllib3.readthedocs.io/en/latest/advanced-usage.html#tls-warnings
  warnings.warn(
/home/comparendos/venv/lib/python3.12/site-packages/urllib3/connectionpool.py:1097: InsecureRequestWarning: Unverified HTTPS request is being made to host 'serviciosdigitales.movilidadavanzadabello.com.co'. Adding certificate verification is strongly advised. See: https://urllib3.readthedocs.io/en/latest/advanced-usage.html#tls-warnings
  warnings.warn(
/home/comparendos/venv/lib/python3.12/site-packages/urllib3/connectionpool.py:1097: InsecureRequestWarning: Unverified HTTPS request is being made to host 'serviciosdigitales.movilidadavanzadabello.com.co'. Adding certificate verification is strongly advised. See: https://urllib3.readthedocs.io/en/latest/advanced-usage.html#tls-warnings
  warnings.warn(
/home/comparendos/venv/lib/python3.12/site-packages/urllib3/connectionpool.py:1097: InsecureRequestWarning: Unverified HTTPS request is being made to host 'serviciosdigitales.movilidadavanzadabello.com.co'. Adding certificate verification is strongly advised. See: https://urllib3.readthedocs.io/en/latest/advanced-usage.html#tls-warnings
  warnings.warn(
/home/comparendos/venv/lib/python3.12/site-packages/urllib3/connectionpool.py:1097: InsecureRequestWarning: Unverified HTTPS request is being made to host 'serviciosdigitales.movilidadavanzadabello.com.co'. Adding certificate verification is strongly advised. See: https://urllib3.readthedocs.io/en/latest/advanced-usage.html#tls-warnings
  warnings.warn(
/home/comparendos/venv/lib/python3.12/site-packages/urllib3/connectionpool.py:1097: InsecureRequestWarning: Unverified HTTPS request is being made to host 'serviciosdigitales.movilidadavanzadabello.com.co'. Adding certificate verification is strongly advised. See: https://urllib3.readthedocs.io/en/latest/advanced-usage.html#tls-warnings
  warnings.warn(
/home/comparendos/venv/lib/python3.12/site-packages/urllib3/connectionpool.py:1097: InsecureRequestWarning: Unverified HTTPS request is being made to host 'serviciosdigitales.movilidadavanzadabello.com.co'. Adding certificate verification is strongly advised. See: https://urllib3.readthedocs.io/en/latest/advanced-usage.html#tls-warnings
  warnings.warn(
/home/comparendos/venv/lib/python3.12/site-packages/urllib3/connectionpool.py:1097: InsecureRequestWarning: Unverified HTTPS request is being made to host 'serviciosdigitales.movilidadavanzadabello.com.co'. Adding certificate verification is strongly advised. See: https://urllib3.readthedocs.io/en/latest/advanced-usage.html#tls-warnings
  warnings.warn(
/home/comparendos/venv/lib/python3.12/site-packages/urllib3/connectionpool.py:1097: InsecureRequestWarning: Unverified HTTPS request is being made to host 'serviciosdigitales.movilidadavanzadabello.com.co'. Adding certificate verification is strongly advised. See: https://urllib3.readthedocs.io/en/latest/advanced-usage.html#tls-warnings
  warnings.warn(
/home/comparendos/venv/lib/python3.12/site-packages/urllib3/connectionpool.py:1097: InsecureRequestWarning: Unverified HTTPS request is being made to host 'serviciosdigitales.movilidadavanzadabello.com.co'. Adding certificate verification is strongly advised. See: https://urllib3.readthedocs.io/en/latest/advanced-usage.html#tls-warnings
  warnings.warn(
/home/comparendos/venv/lib/python3.12/site-packages/urllib3/connectionpool.py:1097: InsecureRequestWarning: Unverified HTTPS request is being made to host 'serviciosdigitales.movilidadavanzadabello.com.co'. Adding certificate verification is strongly advised. See: https://urllib3.readthedocs.io/en/latest/advanced-usage.html#tls-warnings
  warnings.warn(
/home/comparendos/venv/lib/python3.12/site-packages/urllib3/connectionpool.py:1097: InsecureRequestWarning: Unverified HTTPS request is being made to host 'serviciosdigitales.movilidadavanzadabello.com.co'. Adding certificate verification is strongly advised. See: https://urllib3.readthedocs.io/en/latest/advanced-usage.html#tls-warnings
  warnings.warn(
/home/comparendos/venv/lib/python3.12/site-packages/urllib3/connectionpool.py:1097: InsecureRequestWarning: Unverified HTTPS request is being made to host 'serviciosdigitales.movilidadavanzadabello.com.co'. Adding certificate verification is strongly advised. See: https://urllib3.readthedocs.io/en/latest/advanced-usage.html#tls-warnings
  warnings.warn(
/home/comparendos/venv/lib/python3.12/site-packages/urllib3/connectionpool.py:1097: InsecureRequestWarning: Unverified HTTPS request is being made to host 'serviciosdigitales.movilidadavanzadabello.com.co'. Adding certificate verification is strongly advised. See: https://urllib3.readthedocs.io/en/latest/advanced-usage.html#tls-warnings
  warnings.warn(
/home/comparendos/venv/lib/python3.12/site-packages/urllib3/connectionpool.py:1097: InsecureRequestWarning: Unverified HTTPS request is being made to host 'serviciosdigitales.movilidadavanzadabello.com.co'. Adding certificate verification is strongly advised. See: https://urllib3.readthedocs.io/en/latest/advanced-usage.html#tls-warnings
  warnings.warn(
/home/comparendos/venv/lib/python3.12/site-packages/urllib3/connectionpool.py:1097: InsecureRequestWarning: Unverified HTTPS request is being made to host 'serviciosdigitales.movilidadavanzadabello.com.co'. Adding certificate verification is strongly advised. See: https://urllib3.readthedocs.io/en/latest/advanced-usage.html#tls-warnings
  warnings.warn(
/home/comparendos/venv/lib/python3.12/site-packages/urllib3/connectionpool.py:1097: InsecureRequestWarning: Unverified HTTPS request is being made to host 'serviciosdigitales.movilidadavanzadabello.com.co'. Adding certificate verification is strongly advised. See: https://urllib3.readthedocs.io/en/latest/advanced-usage.html#tls-warnings
  warnings.warn(
/home/comparendos/venv/lib/python3.12/site-packages/urllib3/connectionpool.py:1097: InsecureRequestWarning: Unverified HTTPS request is being made to host 'serviciosdigitales.movilidadavanzadabello.com.co'. Adding certificate verification is strongly advised. See: https://urllib3.readthedocs.io/en/latest/advanced-usage.html#tls-warnings
  warnings.warn(
/home/comparendos/venv/lib/python3.12/site-packages/urllib3/connectionpool.py:1097: InsecureRequestWarning: Unverified HTTPS request is being made to host 'serviciosdigitales.movilidadavanzadabello.com.co'. Adding certificate verification is strongly advised. See: https://urllib3.readthedocs.io/en/latest/advanced-usage.html#tls-warnings
  warnings.warn(
/home/comparendos/venv/lib/python3.12/site-packages/urllib3/connectionpool.py:1097: InsecureRequestWarning: Unverified HTTPS request is being made to host 'serviciosdigitales.movilidadavanzadabello.com.co'. Adding certificate verification is strongly advised. See: https://urllib3.readthedocs.io/en/latest/advanced-usage.html#tls-warnings
  warnings.warn(
/home/comparendos/venv/lib/python3.12/site-packages/urllib3/connectionpool.py:1097: InsecureRequestWarning: Unverified HTTPS request is being made to host 'serviciosdigitales.movilidadavanzadabello.com.co'. Adding certificate verification is strongly advised. See: https://urllib3.readthedocs.io/en/latest/advanced-usage.html#tls-warnings
  warnings.warn(
/home/comparendos/venv/lib/python3.12/site-packages/urllib3/connectionpool.py:1097: InsecureRequestWarning: Unverified HTTPS request is being made to host 'serviciosdigitales.movilidadavanzadabello.com.co'. Adding certificate verification is strongly advised. See: https://urllib3.readthedocs.io/en/latest/advanced-usage.html#tls-warnings
  warnings.warn(
/home/comparendos/venv/lib/python3.12/site-packages/urllib3/connectionpool.py:1097: InsecureRequestWarning: Unverified HTTPS request is being made to host 'serviciosdigitales.movilidadavanzadabello.com.co'. Adding certificate verification is strongly advised. See: https://urllib3.readthedocs.io/en/latest/advanced-usage.html#tls-warnings
  warnings.warn(
/home/comparendos/venv/lib/python3.12/site-packages/urllib3/connectionpool.py:1097: InsecureRequestWarning: Unverified HTTPS request is being made to host 'serviciosdigitales.movilidadavanzadabello.com.co'. Adding certificate verification is strongly advised. See: https://urllib3.readthedocs.io/en/latest/advanced-usage.html#tls-warnings
  warnings.warn(
/home/comparendos/venv/lib/python3.12/site-packages/urllib3/connectionpool.py:1097: InsecureRequestWarning: Unverified HTTPS request is being made to host 'serviciosdigitales.movilidadavanzadabello.com.co'. Adding certificate verification is strongly advised. See: https://urllib3.readthedocs.io/en/latest/advanced-usage.html#tls-warnings
  warnings.warn(
/home/comparendos/venv/lib/python3.12/site-packages/urllib3/connectionpool.py:1097: InsecureRequestWarning: Unverified HTTPS request is being made to host 'serviciosdigitales.movilidadavanzadabello.com.co'. Adding certificate verification is strongly advised. See: https://urllib3.readthedocs.io/en/latest/advanced-usage.html#tls-warnings
  warnings.warn(
/home/comparendos/venv/lib/python3.12/site-packages/urllib3/connectionpool.py:1097: InsecureRequestWarning: Unverified HTTPS request is being made to host 'serviciosdigitales.movilidadavanzadabello.com.co'. Adding certificate verification is strongly advised. See: https://urllib3.readthedocs.io/en/latest/advanced-usage.html#tls-warnings
  warnings.warn(
/home/comparendos/venv/lib/python3.12/site-packages/urllib3/connectionpool.py:1097: InsecureRequestWarning: Unverified HTTPS request is being made to host 'serviciosdigitales.movilidadavanzadabello.com.co'. Adding certificate verification is strongly advised. See: https://urllib3.readthedocs.io/en/latest/advanced-usage.html#tls-warnings
  warnings.warn(

[2026-07-10 10:14:57] Enviando 7 templates.
[2026-07-10 10:14:57] Respuesta del envío: True - 
Error en consulta_info_home_public para MEDELLIN: ('Connection aborted.', RemoteDisconnected('Remote end closed connection without response'))
Error en MEDELLIN: 'NoneType' object has no attribute 'json'
El comparendo ya fue notificado previamente Documento: 42870619 Comparendo: D05001000000054704689
Error en consulta_info_home_public para MEDELLIN: ('Connection aborted.', RemoteDisconnected('Remote end closed connection without response'))
Error en MEDELLIN: 'NoneType' object has no attribute 'json'
[2026-07-10 10:29:11] Enviando 10 templates para el bloque (process_template_id: loJ9mDXKJgmX)
Payload para el envío loJ9mDXKJgmX:
{
  "users": [
    {
      "phone": "+573156473367",
      "parameters": [
        {
          "order": 0,
          "parameter": "MEDELLIN"
        },
        {
          "order": 1,
          "parameter": "2026-03-11"
        },
        {
          "order": 2,
          "parameter": "NHW323"
        },
        {
          "order": 3,
          "parameter": "D02"
        },
        {
          "order": 4,
          "parameter": "Conducir sin portar los seguros ordenados por la ley. Además, el vehículo será inmovilizado"
        }
      ]
    },
    {
      "phone": "+573156473367",
      "parameters": [
        {
          "order": 0,
          "parameter": "MEDELLIN"
        },
        {
          "order": 1,
          "parameter": "2026-05-07"
        },
        {
          "order": 2,
          "parameter": "NHW323"
        },
        {
          "order": 3,
          "parameter": "D02"
        },
        {
          "order": 4,
          "parameter": "Conducir sin portar los seguros ordenados por la ley. Además, el vehículo será inmovilizado"
        }
      ]
    },
    {
      "phone": "+573156473367",
      "parameters": [
        {
          "order": 0,
          "parameter": "MEDELLIN"
        },
        {
          "order": 1,
          "parameter": "2026-04-22"
        },
        {
          "order": 2,
          "parameter": "NHW323"
        },
        {
          "order": 3,
          "parameter": "D02"
        },
        {
          "order": 4,
          "parameter": "Conducir sin portar los seguros ordenados por la ley. Además, el vehículo será inmovilizado"
        }
      ]
    },
    {
      "phone": "+573156473367",
      "parameters": [
        {
          "order": 0,
          "parameter": "MEDELLIN"
        },
        {
          "order": 1,
          "parameter": "2026-02-26"
        },
        {
          "order": 2,
          "parameter": "NHW323"
        },
        {
          "order": 3,
          "parameter": "D02"
        },
        {
          "order": 4,
          "parameter": "Conducir sin portar los seguros ordenados por la ley. Además, el vehículo será inmovilizado"
        }
      ]
    },
    {
      "phone": "+573156473367",
      "parameters": [
        {
          "order": 0,
          "parameter": "MEDELLIN"
        },
        {
          "order": 1,
          "parameter": "2026-04-08"
        },
        {
          "order": 2,
          "parameter": "NHW323"
        },
        {
          "order": 3,
          "parameter": "D02"
        },
        {
          "order": 4,
          "parameter": "Conducir sin portar los seguros ordenados por la ley. Además, el vehículo será inmovilizado"
        }
      ]
    },
    {
      "phone": "+573103782612",
      "parameters": [
        {
          "order": 0,
          "parameter": "MEDELLIN"
        },
        {
          "order": 1,
          "parameter": "2026-04-10"
        },
        {
          "order": 2,
          "parameter": "INO217"
        },
        {
          "order": 3,
          "parameter": "C29"
        },
        {
          "order": 4,
          "parameter": "Conducir un vehículo a velocidad superior a la máxima permitida"
        }
      ]
    },
    {
      "phone": "+573103782612",
      "parameters": [
        {
          "order": 0,
          "parameter": "MEDELLIN"
        },
        {
          "order": 1,
          "parameter": "2026-03-15"
        },
        {
          "order": 2,
          "parameter": "INO217"
        },
        {
          "order": 3,
          "parameter": "C29"
        },
        {
          "order": 4,
          "parameter": "Conducir un vehículo a velocidad superior a la máxima permitida"
        }
      ]
    },
    {
      "phone": "+573007733960",
      "parameters": [
        {
          "order": 0,
          "parameter": "MEDELLIN"
        },
        {
          "order": 1,
          "parameter": "2025-11-25"
        },
        {
          "order": 2,
          "parameter": "ANQ72B"
        },
        {
          "order": 3,
          "parameter": "C14"
        },
        {
          "order": 4,
          "parameter": "Transitar por sitios restringidos o en horas prohibidas por la autoridad competente. Además, el vehículo será inmovilizado"
        }
      ]
    },
    {
      "phone": "+573104423586",
      "parameters": [
        {
          "order": 0,
          "parameter": "MEDELLIN"
        },
        {
          "order": 1,
          "parameter": "2026-06-14"
        },
        {
          "order": 2,
          "parameter": "NNT513"
        },
        {
          "order": 3,
          "parameter": "C29"
        },
        {
          "order": 4,
          "parameter": "Conducir un vehículo a velocidad superior a la máxima permitida"
        }
      ]
    },
    {
      "phone": "+573116026647",
      "parameters": [
        {
          "order": 0,
          "parameter": "MEDELLIN"
        },
        {
          "order": 1,
          "parameter": "2026-04-30"
        },
        {
          "order": 2,
          "parameter": "RFT99C"
        },
        {
          "order": 3,
          "parameter": "C14"
        },
        {
          "order": 4,
          "parameter": "Transitar por sitios restringidos o en horas prohibidas por la autoridad competente. Además, el vehículo será inmovilizado"
        }
      ]
    }
  ],
  "SaveInfo": false,
  "origin": "API",
  "templateName": "notificacion_comparendos",
  "language": "ES",
  "sender": "School Center",
  "ParametersName": []
}
[2026-07-10 10:29:15] Enviando 10 templates.
[2026-07-10 10:29:15] Respuesta del envío: True - 
Error en BELLO: Expecting value: line 1 column 1 (char 0)
El comparendo ya fue notificado previamente Documento: 70040410 Comparendo: D05001000000054444758
El comparendo ya fue notificado previamente Documento: 70050734 Comparendo: D05001000000051523628
El comparendo ya fue notificado previamente Documento: 70055035 Comparendo: D05001000000051286523
El comparendo ya fue notificado previamente Documento: 70075406 Comparendo: D05001000000054540518
El comparendo ya fue notificado previamente Documento: 70093250 Comparendo: D05001000000054478574
El comparendo ya fue notificado previamente Documento: 70095265 Comparendo: D05088000000055791326
El comparendo ya fue notificado previamente Documento: 70095265 Comparendo: D05001000000054686027
El comparendo ya fue notificado previamente Documento: 70095265 Comparendo: D05001000000054532561
El comparendo ya fue notificado previamente Documento: 70095265 Comparendo: D05001000000054688029
El comparendo ya fue notificado previamente Documento: 70095265 Comparendo: D05001000000054673827
Error en consulta_info_home_public para MEDELLIN: ('Connection aborted.', RemoteDisconnected('Remote end closed connection without response'))
Error en MEDELLIN: 'NoneType' object has no attribute 'json'
[2026-07-10 10:49:31] Enviando 12 templates para el bloque (process_template_id: Imx9mo5CYl91)
Payload para el envío Imx9mo5CYl91:
{
  "users": [
    {
      "phone": "+573006180825",
      "parameters": [
        {
          "order": 0,
          "parameter": "MEDELLIN"
        },
        {
          "order": 1,
          "parameter": "2025-12-30"
        },
        {
          "order": 2,
          "parameter": "QKP691"
        },
        {
          "order": 3,
          "parameter": "C29"
        },
        {
          "order": 4,
          "parameter": "Conducir un vehículo a velocidad superior a la máxima permitida"
        }
      ]
    },
    {
      "phone": "+573006180825",
      "parameters": [
        {
          "order": 0,
          "parameter": "MEDELLIN"
        },
        {
          "order": 1,
          "parameter": "2025-12-01"
        },
        {
          "order": 2,
          "parameter": "KHO524"
        },
        {
          "order": 3,
          "parameter": "C35"
        },
        {
          "order": 4,
          "parameter": "No realizar la revisión técnico-mecánica en el plazo legal establecido o cuando el vehículo no se encuentre en adecuadas condiciones técnico-mecánicas o de emisiones contaminantes, aun cuando porte los certificados correspondientes, además el vehículo será inmovilizado."
        }
      ]
    },
    {
      "phone": "+573006180825",
      "parameters": [
        {
          "order": 0,
          "parameter": "MEDELLIN"
        },
        {
          "order": 1,
          "parameter": "2025-12-01"
        },
        {
          "order": 2,
          "parameter": "KHO524"
        },
        {
          "order": 3,
          "parameter": "D02"
        },
        {
          "order": 4,
          "parameter": "Conducir sin portar los seguros ordenados por la ley. Además, el vehículo será inmovilizado"
        }
      ]
    },
    {
      "phone": "+573185098447",
      "parameters": [
        {
          "order": 0,
          "parameter": "MEDELLIN"
        },
        {
          "order": 1,
          "parameter": "2026-04-29"
        },
        {
          "order": 2,
          "parameter": "QOY686"
        },
        {
          "order": 3,
          "parameter": "C29"
        },
        {
          "order": 4,
          "parameter": "Conducir un vehículo a velocidad superior a la máxima permitida"
        }
      ]
    },
    {
      "phone": "+573113311860",
      "parameters": [
        {
          "order": 0,
          "parameter": "MEDELLIN"
        },
        {
          "order": 1,
          "parameter": "2026-03-22"
        },
        {
          "order": 2,
          "parameter": "EIN516"
        },
        {
          "order": 3,
          "parameter": "C29"
        },
        {
          "order": 4,
          "parameter": "Conducir un vehículo a velocidad superior a la máxima permitida"
        }
      ]
    },
    {
      "phone": "+573163452209",
      "parameters": [
        {
          "order": 0,
          "parameter": "MEDELLIN"
        },
        {
          "order": 1,
          "parameter": "2026-05-19"
        },
        {
          "order": 2,
          "parameter": "OQS17D"
        },
        {
          "order": 3,
          "parameter": "C29"
        },
        {
          "order": 4,
          "parameter": "Conducir un vehículo a velocidad superior a la máxima permitida"
        }
      ]
    },
    {
      "phone": "+573152824580",
      "parameters": [
        {
          "order": 0,
          "parameter": "MEDELLIN"
        },
        {
          "order": 1,
          "parameter": "2026-06-02"
        },
        {
          "order": 2,
          "parameter": "TMY318"
        },
        {
          "order": 3,
          "parameter": "C06"
        },
        {
          "order": 4,
          "parameter": "No utilizar el Cinturón de seguridad por parte  de los ocupantes del vehículo y los cinturones de seguridad en los asientos traseros en los vehículos fabricados a partir del año 2004. "
        }
      ]
    },
    {
      "phone": "+573104268358",
      "parameters": [
        {
          "order": 0,
          "parameter": "MEDELLIN"
        },
        {
          "order": 1,
          "parameter": "2026-03-03"
        },
        {
          "order": 2,
          "parameter": "NTS594"
        },
        {
          "order": 3,
          "parameter": "C29"
        },
        {
          "order": 4,
          "parameter": "Conducir un vehículo a velocidad superior a la máxima permitida"
        }
      ]
    },
    {
      "phone": "+573104268358",
      "parameters": [
        {
          "order": 0,
          "parameter": "MEDELLIN"
        },
        {
          "order": 1,
          "parameter": "2026-03-10"
        },
        {
          "order": 2,
          "parameter": "NTS594"
        },
        {
          "order": 3,
          "parameter": "C29"
        },
        {
          "order": 4,
          "parameter": "Conducir un vehículo a velocidad superior a la máxima permitida"
        }
      ]
    },
    {
      "phone": "+573205968734",
      "parameters": [
        {
          "order": 0,
          "parameter": "ITAGUI"
        },
        {
          "order": 1,
          "parameter": "2026-06-20"
        },
        {
          "order": 2,
          "parameter": "BXR108"
        },
        {
          "order": 3,
          "parameter": "D04"
        },
        {
          "order": 4,
          "parameter": "No detenerse ante una luz roja o amarilla de semáforo, una señal de \"PARE\" o un semáforo intermitente en rojo."
        }
      ]
    },
    {
      "phone": "+573205968734",
      "parameters": [
        {
          "order": 0,
          "parameter": "MEDELLIN"
        },
        {
          "order": 1,
          "parameter": "2025-09-10"
        },
        {
          "order": 2,
          "parameter": "BXR108"
        },
        {
          "order": 3,
          "parameter": "C14"
        },
        {
          "order": 4,
          "parameter": "Transitar por sitios restringidos o en horas prohibidas por la autoridad competente. Además, el vehículo será inmovilizado"
        }
      ]
    },
    {
      "phone": "+573205968734",
      "parameters": [
        {
          "order": 0,
          "parameter": "MEDELLIN"
        },
        {
          "order": 1,
          "parameter": "2026-05-22"
        },
        {
          "order": 2,
          "parameter": "BXR108"
        },
        {
          "order": 3,
          "parameter": "C14"
        },
        {
          "order": 4,
          "parameter": "Transitar por sitios restringidos o en horas prohibidas por la autoridad competente. Además, el vehículo será inmovilizado"
        }
      ]
    }
  ],
  "SaveInfo": false,
  "origin": "API",
  "templateName": "notificacion_comparendos",
  "language": "ES",
  "sender": "School Center",
  "ParametersName": []
}/home/comparendos/venv/lib/python3.12/site-packages/urllib3/connectionpool.py:1097: InsecureRequestWarning: Unverified HTTPS request is being made to host 'serviciosdigitales.movilidadavanzadabello.com.co'. Adding certificate verification is strongly advised. See: https://urllib3.readthedocs.io/en/latest/advanced-usage.html#tls-warnings
  warnings.warn(
/home/comparendos/venv/lib/python3.12/site-packages/urllib3/connectionpool.py:1097: InsecureRequestWarning: Unverified HTTPS request is being made to host 'serviciosdigitales.movilidadavanzadabello.com.co'. Adding certificate verification is strongly advised. See: https://urllib3.readthedocs.io/en/latest/advanced-usage.html#tls-warnings
  warnings.warn(
/home/comparendos/venv/lib/python3.12/site-packages/urllib3/connectionpool.py:1097: InsecureRequestWarning: Unverified HTTPS request is being made to host 'serviciosdigitales.movilidadavanzadabello.com.co'. Adding certificate verification is strongly advised. See: https://urllib3.readthedocs.io/en/latest/advanced-usage.html#tls-warnings
  warnings.warn(
/home/comparendos/venv/lib/python3.12/site-packages/urllib3/connectionpool.py:1097: InsecureRequestWarning: Unverified HTTPS request is being made to host 'serviciosdigitales.movilidadavanzadabello.com.co'. Adding certificate verification is strongly advised. See: https://urllib3.readthedocs.io/en/latest/advanced-usage.html#tls-warnings
  warnings.warn(
/home/comparendos/venv/lib/python3.12/site-packages/urllib3/connectionpool.py:1097: InsecureRequestWarning: Unverified HTTPS request is being made to host 'serviciosdigitales.movilidadavanzadabello.com.co'. Adding certificate verification is strongly advised. See: https://urllib3.readthedocs.io/en/latest/advanced-usage.html#tls-warnings
  warnings.warn(
/home/comparendos/venv/lib/python3.12/site-packages/urllib3/connectionpool.py:1097: InsecureRequestWarning: Unverified HTTPS request is being made to host 'serviciosdigitales.movilidadavanzadabello.com.co'. Adding certificate verification is strongly advised. See: https://urllib3.readthedocs.io/en/latest/advanced-usage.html#tls-warnings
  warnings.warn(
/home/comparendos/venv/lib/python3.12/site-packages/urllib3/connectionpool.py:1097: InsecureRequestWarning: Unverified HTTPS request is being made to host 'serviciosdigitales.movilidadavanzadabello.com.co'. Adding certificate verification is strongly advised. See: https://urllib3.readthedocs.io/en/latest/advanced-usage.html#tls-warnings
  warnings.warn(
/home/comparendos/venv/lib/python3.12/site-packages/urllib3/connectionpool.py:1097: InsecureRequestWarning: Unverified HTTPS request is being made to host 'serviciosdigitales.movilidadavanzadabello.com.co'. Adding certificate verification is strongly advised. See: https://urllib3.readthedocs.io/en/latest/advanced-usage.html#tls-warnings
  warnings.warn(
/home/comparendos/venv/lib/python3.12/site-packages/urllib3/connectionpool.py:1097: InsecureRequestWarning: Unverified HTTPS request is being made to host 'serviciosdigitales.movilidadavanzadabello.com.co'. Adding certificate verification is strongly advised. See: https://urllib3.readthedocs.io/en/latest/advanced-usage.html#tls-warnings
  warnings.warn(
/home/comparendos/venv/lib/python3.12/site-packages/urllib3/connectionpool.py:1097: InsecureRequestWarning: Unverified HTTPS request is being made to host 'serviciosdigitales.movilidadavanzadabello.com.co'. Adding certificate verification is strongly advised. See: https://urllib3.readthedocs.io/en/latest/advanced-usage.html#tls-warnings
  warnings.warn(
/home/comparendos/venv/lib/python3.12/site-packages/urllib3/connectionpool.py:1097: InsecureRequestWarning: Unverified HTTPS request is being made to host 'serviciosdigitales.movilidadavanzadabello.com.co'. Adding certificate verification is strongly advised. See: https://urllib3.readthedocs.io/en/latest/advanced-usage.html#tls-warnings
  warnings.warn(
/home/comparendos/venv/lib/python3.12/site-packages/urllib3/connectionpool.py:1097: InsecureRequestWarning: Unverified HTTPS request is being made to host 'serviciosdigitales.movilidadavanzadabello.com.co'. Adding certificate verification is strongly advised. See: https://urllib3.readthedocs.io/en/latest/advanced-usage.html#tls-warnings
  warnings.warn(
/home/comparendos/venv/lib/python3.12/site-packages/urllib3/connectionpool.py:1097: InsecureRequestWarning: Unverified HTTPS request is being made to host 'serviciosdigitales.movilidadavanzadabello.com.co'. Adding certificate verification is strongly advised. See: https://urllib3.readthedocs.io/en/latest/advanced-usage.html#tls-warnings
  warnings.warn(
/home/comparendos/venv/lib/python3.12/site-packages/urllib3/connectionpool.py:1097: InsecureRequestWarning: Unverified HTTPS request is being made to host 'serviciosdigitales.movilidadavanzadabello.com.co'. Adding certificate verification is strongly advised. See: https://urllib3.readthedocs.io/en/latest/advanced-usage.html#tls-warnings
  warnings.warn(
/home/comparendos/venv/lib/python3.12/site-packages/urllib3/connectionpool.py:1097: InsecureRequestWarning: Unverified HTTPS request is being made to host 'serviciosdigitales.movilidadavanzadabello.com.co'. Adding certificate verification is strongly advised. See: https://urllib3.readthedocs.io/en/latest/advanced-usage.html#tls-warnings
  warnings.warn(
/home/comparendos/venv/lib/python3.12/site-packages/urllib3/connectionpool.py:1097: InsecureRequestWarning: Unverified HTTPS request is being made to host 'serviciosdigitales.movilidadavanzadabello.com.co'. Adding certificate verification is strongly advised. See: https://urllib3.readthedocs.io/en/latest/advanced-usage.html#tls-warnings
  warnings.warn(
/home/comparendos/venv/lib/python3.12/site-packages/urllib3/connectionpool.py:1097: InsecureRequestWarning: Unverified HTTPS request is being made to host 'serviciosdigitales.movilidadavanzadabello.com.co'. Adding certificate verification is strongly advised. See: https://urllib3.readthedocs.io/en/latest/advanced-usage.html#tls-warnings
  warnings.warn(
/home/comparendos/venv/lib/python3.12/site-packages/urllib3/connectionpool.py:1097: InsecureRequestWarning: Unverified HTTPS request is being made to host 'serviciosdigitales.movilidadavanzadabello.com.co'. Adding certificate verification is strongly advised. See: https://urllib3.readthedocs.io/en/latest/advanced-usage.html#tls-warnings
  warnings.warn(
/home/comparendos/venv/lib/python3.12/site-packages/urllib3/connectionpool.py:1097: InsecureRequestWarning: Unverified HTTPS request is being made to host 'serviciosdigitales.movilidadavanzadabello.com.co'. Adding certificate verification is strongly advised. See: https://urllib3.readthedocs.io/en/latest/advanced-usage.html#tls-warnings
  warnings.warn(
/home/comparendos/venv/lib/python3.12/site-packages/urllib3/connectionpool.py:1097: InsecureRequestWarning: Unverified HTTPS request is being made to host 'serviciosdigitales.movilidadavanzadabello.com.co'. Adding certificate verification is strongly advised. See: https://urllib3.readthedocs.io/en/latest/advanced-usage.html#tls-warnings
  warnings.warn(
/home/comparendos/venv/lib/python3.12/site-packages/urllib3/connectionpool.py:1097: InsecureRequestWarning: Unverified HTTPS request is being made to host 'serviciosdigitales.movilidadavanzadabello.com.co'. Adding certificate verification is strongly advised. See: https://urllib3.readthedocs.io/en/latest/advanced-usage.html#tls-warnings
  warnings.warn(
/home/comparendos/venv/lib/python3.12/site-packages/urllib3/connectionpool.py:1097: InsecureRequestWarning: Unverified HTTPS request is being made to host 'serviciosdigitales.movilidadavanzadabello.com.co'. Adding certificate verification is strongly advised. See: https://urllib3.readthedocs.io/en/latest/advanced-usage.html#tls-warnings
  warnings.warn(
/home/comparendos/venv/lib/python3.12/site-packages/urllib3/connectionpool.py:1097: InsecureRequestWarning: Unverified HTTPS request is being made to host 'serviciosdigitales.movilidadavanzadabello.com.co'. Adding certificate verification is strongly advised. See: https://urllib3.readthedocs.io/en/latest/advanced-usage.html#tls-warnings
  warnings.warn(
/home/comparendos/venv/lib/python3.12/site-packages/urllib3/connectionpool.py:1097: InsecureRequestWarning: Unverified HTTPS request is being made to host 'serviciosdigitales.movilidadavanzadabello.com.co'. Adding certificate verification is strongly advised. See: https://urllib3.readthedocs.io/en/latest/advanced-usage.html#tls-warnings
  warnings.warn(
/home/comparendos/venv/lib/python3.12/site-packages/urllib3/connectionpool.py:1097: InsecureRequestWarning: Unverified HTTPS request is being made to host 'serviciosdigitales.movilidadavanzadabello.com.co'. Adding certificate verification is strongly advised. See: https://urllib3.readthedocs.io/en/latest/advanced-usage.html#tls-warnings
  warnings.warn(
/home/comparendos/venv/lib/python3.12/site-packages/urllib3/connectionpool.py:1097: InsecureRequestWarning: Unverified HTTPS request is being made to host 'serviciosdigitales.movilidadavanzadabello.com.co'. Adding certificate verification is strongly advised. See: https://urllib3.readthedocs.io/en/latest/advanced-usage.html#tls-warnings
  warnings.warn(
/home/comparendos/venv/lib/python3.12/site-packages/urllib3/connectionpool.py:1097: InsecureRequestWarning: Unverified HTTPS request is being made to host 'serviciosdigitales.movilidadavanzadabello.com.co'. Adding certificate verification is strongly advised. See: https://urllib3.readthedocs.io/en/latest/advanced-usage.html#tls-warnings
  warnings.warn(
/home/comparendos/venv/lib/python3.12/site-packages/urllib3/connectionpool.py:1097: InsecureRequestWarning: Unverified HTTPS request is being made to host 'serviciosdigitales.movilidadavanzadabello.com.co'. Adding certificate verification is strongly advised. See: https://urllib3.readthedocs.io/en/latest/advanced-usage.html#tls-warnings
  warnings.warn(
/home/comparendos/venv/lib/python3.12/site-packages/urllib3/connectionpool.py:1097: InsecureRequestWarning: Unverified HTTPS request is being made to host 'serviciosdigitales.movilidadavanzadabello.com.co'. Adding certificate verification is strongly advised. See: https://urllib3.readthedocs.io/en/latest/advanced-usage.html#tls-warnings
  warnings.warn(
/home/comparendos/venv/lib/python3.12/site-packages/urllib3/connectionpool.py:1097: InsecureRequestWarning: Unverified HTTPS request is being made to host 'serviciosdigitales.movilidadavanzadabello.com.co'. Adding certificate verification is strongly advised. See: https://urllib3.readthedocs.io/en/latest/advanced-usage.html#tls-warnings
  warnings.warn(
/home/comparendos/venv/lib/python3.12/site-packages/urllib3/connectionpool.py:1097: InsecureRequestWarning: Unverified HTTPS request is being made to host 'serviciosdigitales.movilidadavanzadabello.com.co'. Adding certificate verification is strongly advised. See: https://urllib3.readthedocs.io/en/latest/advanced-usage.html#tls-warnings
  warnings.warn(
/home/comparendos/venv/lib/python3.12/site-packages/urllib3/connectionpool.py:1097: InsecureRequestWarning: Unverified HTTPS request is being made to host 'serviciosdigitales.movilidadavanzadabello.com.co'. Adding certificate verification is strongly advised. See: https://urllib3.readthedocs.io/en/latest/advanced-usage.html#tls-warnings
  warnings.warn(
/home/comparendos/venv/lib/python3.12/site-packages/urllib3/connectionpool.py:1097: InsecureRequestWarning: Unverified HTTPS request is being made to host 'serviciosdigitales.movilidadavanzadabello.com.co'. Adding certificate verification is strongly advised. See: https://urllib3.readthedocs.io/en/latest/advanced-usage.html#tls-warnings
  warnings.warn(
/home/comparendos/venv/lib/python3.12/site-packages/urllib3/connectionpool.py:1097: InsecureRequestWarning: Unverified HTTPS request is being made to host 'serviciosdigitales.movilidadavanzadabello.com.co'. Adding certificate verification is strongly advised. See: https://urllib3.readthedocs.io/en/latest/advanced-usage.html#tls-warnings
  warnings.warn(
/home/comparendos/venv/lib/python3.12/site-packages/urllib3/connectionpool.py:1097: InsecureRequestWarning: Unverified HTTPS request is being made to host 'serviciosdigitales.movilidadavanzadabello.com.co'. Adding certificate verification is strongly advised. See: https://urllib3.readthedocs.io/en/latest/advanced-usage.html#tls-warnings
  warnings.warn(
/home/comparendos/venv/lib/python3.12/site-packages/urllib3/connectionpool.py:1097: InsecureRequestWarning: Unverified HTTPS request is being made to host 'serviciosdigitales.movilidadavanzadabello.com.co'. Adding certificate verification is strongly advised. See: https://urllib3.readthedocs.io/en/latest/advanced-usage.html#tls-warnings
  warnings.warn(
/home/comparendos/venv/lib/python3.12/site-packages/urllib3/connectionpool.py:1097: InsecureRequestWarning: Unverified HTTPS request is being made to host 'serviciosdigitales.movilidadavanzadabello.com.co'. Adding certificate verification is strongly advised. See: https://urllib3.readthedocs.io/en/latest/advanced-usage.html#tls-warnings
  warnings.warn(
/home/comparendos/venv/lib/python3.12/site-packages/urllib3/connectionpool.py:1097: InsecureRequestWarning: Unverified HTTPS request is being made to host 'serviciosdigitales.movilidadavanzadabello.com.co'. Adding certificate verification is strongly advised. See: https://urllib3.readthedocs.io/en/latest/advanced-usage.html#tls-warnings
  warnings.warn(
/home/comparendos/venv/lib/python3.12/site-packages/urllib3/connectionpool.py:1097: InsecureRequestWarning: Unverified HTTPS request is being made to host 'serviciosdigitales.movilidadavanzadabello.com.co'. Adding certificate verification is strongly advised. See: https://urllib3.readthedocs.io/en/latest/advanced-usage.html#tls-warnings
  warnings.warn(
/home/comparendos/venv/lib/python3.12/site-packages/urllib3/connectionpool.py:1097: InsecureRequestWarning: Unverified HTTPS request is being made to host 'serviciosdigitales.movilidadavanzadabello.com.co'. Adding certificate verification is strongly advised. See: https://urllib3.readthedocs.io/en/latest/advanced-usage.html#tls-warnings
  warnings.warn(
/home/comparendos/venv/lib/python3.12/site-packages/urllib3/connectionpool.py:1097: InsecureRequestWarning: Unverified HTTPS request is being made to host 'serviciosdigitales.movilidadavanzadabello.com.co'. Adding certificate verification is strongly advised. See: https://urllib3.readthedocs.io/en/latest/advanced-usage.html#tls-warnings
  warnings.warn(
/home/comparendos/venv/lib/python3.12/site-packages/urllib3/connectionpool.py:1097: InsecureRequestWarning: Unverified HTTPS request is being made to host 'serviciosdigitales.movilidadavanzadabello.com.co'. Adding certificate verification is strongly advised. See: https://urllib3.readthedocs.io/en/latest/advanced-usage.html#tls-warnings
  warnings.warn(
/home/comparendos/venv/lib/python3.12/site-packages/urllib3/connectionpool.py:1097: InsecureRequestWarning: Unverified HTTPS request is being made to host 'serviciosdigitales.movilidadavanzadabello.com.co'. Adding certificate verification is strongly advised. See: https://urllib3.readthedocs.io/en/latest/advanced-usage.html#tls-warnings
  warnings.warn(
/home/comparendos/venv/lib/python3.12/site-packages/urllib3/connectionpool.py:1097: InsecureRequestWarning: Unverified HTTPS request is being made to host 'serviciosdigitales.movilidadavanzadabello.com.co'. Adding certificate verification is strongly advised. See: https://urllib3.readthedocs.io/en/latest/advanced-usage.html#tls-warnings
  warnings.warn(
/home/comparendos/venv/lib/python3.12/site-packages/urllib3/connectionpool.py:1097: InsecureRequestWarning: Unverified HTTPS request is being made to host 'serviciosdigitales.movilidadavanzadabello.com.co'. Adding certificate verification is strongly advised. See: https://urllib3.readthedocs.io/en/latest/advanced-usage.html#tls-warnings
  warnings.warn(
/home/comparendos/venv/lib/python3.12/site-packages/urllib3/connectionpool.py:1097: InsecureRequestWarning: Unverified HTTPS request is being made to host 'serviciosdigitales.movilidadavanzadabello.com.co'. Adding certificate verification is strongly advised. See: https://urllib3.readthedocs.io/en/latest/advanced-usage.html#tls-warnings
  warnings.warn(
/home/comparendos/venv/lib/python3.12/site-packages/urllib3/connectionpool.py:1097: InsecureRequestWarning: Unverified HTTPS request is being made to host 'serviciosdigitales.movilidadavanzadabello.com.co'. Adding certificate verification is strongly advised. See: https://urllib3.readthedocs.io/en/latest/advanced-usage.html#tls-warnings
  warnings.warn(
/home/comparendos/venv/lib/python3.12/site-packages/urllib3/connectionpool.py:1097: InsecureRequestWarning: Unverified HTTPS request is being made to host 'serviciosdigitales.movilidadavanzadabello.com.co'. Adding certificate verification is strongly advised. See: https://urllib3.readthedocs.io/en/latest/advanced-usage.html#tls-warnings
  warnings.warn(
/home/comparendos/venv/lib/python3.12/site-packages/urllib3/connectionpool.py:1097: InsecureRequestWarning: Unverified HTTPS request is being made to host 'serviciosdigitales.movilidadavanzadabello.com.co'. Adding certificate verification is strongly advised. See: https://urllib3.readthedocs.io/en/latest/advanced-usage.html#tls-warnings
  warnings.warn(
/home/comparendos/venv/lib/python3.12/site-packages/urllib3/connectionpool.py:1097: InsecureRequestWarning: Unverified HTTPS request is being made to host 'serviciosdigitales.movilidadavanzadabello.com.co'. Adding certificate verification is strongly advised. See: https://urllib3.readthedocs.io/en/latest/advanced-usage.html#tls-warnings
  warnings.warn(
/home/comparendos/venv/lib/python3.12/site-packages/urllib3/connectionpool.py:1097: InsecureRequestWarning: Unverified HTTPS request is being made to host 'serviciosdigitales.movilidadavanzadabello.com.co'. Adding certificate verification is strongly advised. See: https://urllib3.readthedocs.io/en/latest/advanced-usage.html#tls-warnings
  warnings.warn(
/home/comparendos/venv/lib/python3.12/site-packages/urllib3/connectionpool.py:1097: InsecureRequestWarning: Unverified HTTPS request is being made to host 'serviciosdigitales.movilidadavanzadabello.com.co'. Adding certificate verification is strongly advised. See: https://urllib3.readthedocs.io/en/latest/advanced-usage.html#tls-warnings
  warnings.warn(
/home/comparendos/venv/lib/python3.12/site-packages/urllib3/connectionpool.py:1097: InsecureRequestWarning: Unverified HTTPS request is being made to host 'serviciosdigitales.movilidadavanzadabello.com.co'. Adding certificate verification is strongly advised. See: https://urllib3.readthedocs.io/en/latest/advanced-usage.html#tls-warnings
  warnings.warn(
/home/comparendos/venv/lib/python3.12/site-packages/urllib3/connectionpool.py:1097: InsecureRequestWarning: Unverified HTTPS request is being made to host 'serviciosdigitales.movilidadavanzadabello.com.co'. Adding certificate verification is strongly advised. See: https://urllib3.readthedocs.io/en/latest/advanced-usage.html#tls-warnings
  warnings.warn(
/home/comparendos/venv/lib/python3.12/site-packages/urllib3/connectionpool.py:1097: InsecureRequestWarning: Unverified HTTPS request is being made to host 'serviciosdigitales.movilidadavanzadabello.com.co'. Adding certificate verification is strongly advised. See: https://urllib3.readthedocs.io/en/latest/advanced-usage.html#tls-warnings
  warnings.warn(
/home/comparendos/venv/lib/python3.12/site-packages/urllib3/connectionpool.py:1097: InsecureRequestWarning: Unverified HTTPS request is being made to host 'serviciosdigitales.movilidadavanzadabello.com.co'. Adding certificate verification is strongly advised. See: https://urllib3.readthedocs.io/en/latest/advanced-usage.html#tls-warnings
  warnings.warn(
/home/comparendos/venv/lib/python3.12/site-packages/urllib3/connectionpool.py:1097: InsecureRequestWarning: Unverified HTTPS request is being made to host 'serviciosdigitales.movilidadavanzadabello.com.co'. Adding certificate verification is strongly advised. See: https://urllib3.readthedocs.io/en/latest/advanced-usage.html#tls-warnings
  warnings.warn(
/home/comparendos/venv/lib/python3.12/site-packages/urllib3/connectionpool.py:1097: InsecureRequestWarning: Unverified HTTPS request is being made to host 'serviciosdigitales.movilidadavanzadabello.com.co'. Adding certificate verification is strongly advised. See: https://urllib3.readthedocs.io/en/latest/advanced-usage.html#tls-warnings
  warnings.warn(
/home/comparendos/venv/lib/python3.12/site-packages/urllib3/connectionpool.py:1097: InsecureRequestWarning: Unverified HTTPS request is being made to host 'serviciosdigitales.movilidadavanzadabello.com.co'. Adding certificate verification is strongly advised. See: https://urllib3.readthedocs.io/en/latest/advanced-usage.html#tls-warnings
  warnings.warn(
/home/comparendos/venv/lib/python3.12/site-packages/urllib3/connectionpool.py:1097: InsecureRequestWarning: Unverified HTTPS request is being made to host 'serviciosdigitales.movilidadavanzadabello.com.co'. Adding certificate verification is strongly advised. See: https://urllib3.readthedocs.io/en/latest/advanced-usage.html#tls-warnings
  warnings.warn(
/home/comparendos/venv/lib/python3.12/site-packages/urllib3/connectionpool.py:1097: InsecureRequestWarning: Unverified HTTPS request is being made to host 'serviciosdigitales.movilidadavanzadabello.com.co'. Adding certificate verification is strongly advised. See: https://urllib3.readthedocs.io/en/latest/advanced-usage.html#tls-warnings
  warnings.warn(
/home/comparendos/venv/lib/python3.12/site-packages/urllib3/connectionpool.py:1097: InsecureRequestWarning: Unverified HTTPS request is being made to host 'serviciosdigitales.movilidadavanzadabello.com.co'. Adding certificate verification is strongly advised. See: https://urllib3.readthedocs.io/en/latest/advanced-usage.html#tls-warnings
  warnings.warn(
/home/comparendos/venv/lib/python3.12/site-packages/urllib3/connectionpool.py:1097: InsecureRequestWarning: Unverified HTTPS request is being made to host 'serviciosdigitales.movilidadavanzadabello.com.co'. Adding certificate verification is strongly advised. See: https://urllib3.readthedocs.io/en/latest/advanced-usage.html#tls-warnings
  warnings.warn(
/home/comparendos/venv/lib/python3.12/site-packages/urllib3/connectionpool.py:1097: InsecureRequestWarning: Unverified HTTPS request is being made to host 'serviciosdigitales.movilidadavanzadabello.com.co'. Adding certificate verification is strongly advised. See: https://urllib3.readthedocs.io/en/latest/advanced-usage.html#tls-warnings
  warnings.warn(
/home/comparendos/venv/lib/python3.12/site-packages/urllib3/connectionpool.py:1097: InsecureRequestWarning: Unverified HTTPS request is being made to host 'serviciosdigitales.movilidadavanzadabello.com.co'. Adding certificate verification is strongly advised. See: https://urllib3.readthedocs.io/en/latest/advanced-usage.html#tls-warnings
  warnings.warn(
/home/comparendos/venv/lib/python3.12/site-packages/urllib3/connectionpool.py:1097: InsecureRequestWarning: Unverified HTTPS request is being made to host 'serviciosdigitales.movilidadavanzadabello.com.co'. Adding certificate verification is strongly advised. See: https://urllib3.readthedocs.io/en/latest/advanced-usage.html#tls-warnings
  warnings.warn(
/home/comparendos/venv/lib/python3.12/site-packages/urllib3/connectionpool.py:1097: InsecureRequestWarning: Unverified HTTPS request is being made to host 'serviciosdigitales.movilidadavanzadabello.com.co'. Adding certificate verification is strongly advised. See: https://urllib3.readthedocs.io/en/latest/advanced-usage.html#tls-warnings
  warnings.warn(
/home/comparendos/venv/lib/python3.12/site-packages/urllib3/connectionpool.py:1097: InsecureRequestWarning: Unverified HTTPS request is being made to host 'serviciosdigitales.movilidadavanzadabello.com.co'. Adding certificate verification is strongly advised. See: https://urllib3.readthedocs.io/en/latest/advanced-usage.html#tls-warnings
  warnings.warn(
/home/comparendos/venv/lib/python3.12/site-packages/urllib3/connectionpool.py:1097: InsecureRequestWarning: Unverified HTTPS request is being made to host 'serviciosdigitales.movilidadavanzadabello.com.co'. Adding certificate verification is strongly advised. See: https://urllib3.readthedocs.io/en/latest/advanced-usage.html#tls-warnings
  warnings.warn(
/home/comparendos/venv/lib/python3.12/site-packages/urllib3/connectionpool.py:1097: InsecureRequestWarning: Unverified HTTPS request is being made to host 'serviciosdigitales.movilidadavanzadabello.com.co'. Adding certificate verification is strongly advised. See: https://urllib3.readthedocs.io/en/latest/advanced-usage.html#tls-warnings
  warnings.warn(
/home/comparendos/venv/lib/python3.12/site-packages/urllib3/connectionpool.py:1097: InsecureRequestWarning: Unverified HTTPS request is being made to host 'serviciosdigitales.movilidadavanzadabello.com.co'. Adding certificate verification is strongly advised. See: https://urllib3.readthedocs.io/en/latest/advanced-usage.html#tls-warnings
  warnings.warn(
/home/comparendos/venv/lib/python3.12/site-packages/urllib3/connectionpool.py:1097: InsecureRequestWarning: Unverified HTTPS request is being made to host 'serviciosdigitales.movilidadavanzadabello.com.co'. Adding certificate verification is strongly advised. See: https://urllib3.readthedocs.io/en/latest/advanced-usage.html#tls-warnings
  warnings.warn(
/home/comparendos/venv/lib/python3.12/site-packages/urllib3/connectionpool.py:1097: InsecureRequestWarning: Unverified HTTPS request is being made to host 'serviciosdigitales.movilidadavanzadabello.com.co'. Adding certificate verification is strongly advised. See: https://urllib3.readthedocs.io/en/latest/advanced-usage.html#tls-warnings
  warnings.warn(
/home/comparendos/venv/lib/python3.12/site-packages/urllib3/connectionpool.py:1097: InsecureRequestWarning: Unverified HTTPS request is being made to host 'serviciosdigitales.movilidadavanzadabello.com.co'. Adding certificate verification is strongly advised. See: https://urllib3.readthedocs.io/en/latest/advanced-usage.html#tls-warnings
  warnings.warn(
/home/comparendos/venv/lib/python3.12/site-packages/urllib3/connectionpool.py:1097: InsecureRequestWarning: Unverified HTTPS request is being made to host 'serviciosdigitales.movilidadavanzadabello.com.co'. Adding certificate verification is strongly advised. See: https://urllib3.readthedocs.io/en/latest/advanced-usage.html#tls-warnings
  warnings.warn(
/home/comparendos/venv/lib/python3.12/site-packages/urllib3/connectionpool.py:1097: InsecureRequestWarning: Unverified HTTPS request is being made to host 'serviciosdigitales.movilidadavanzadabello.com.co'. Adding certificate verification is strongly advised. See: https://urllib3.readthedocs.io/en/latest/advanced-usage.html#tls-warnings
  warnings.warn(
/home/comparendos/venv/lib/python3.12/site-packages/urllib3/connectionpool.py:1097: InsecureRequestWarning: Unverified HTTPS request is being made to host 'serviciosdigitales.movilidadavanzadabello.com.co'. Adding certificate verification is strongly advised. See: https://urllib3.readthedocs.io/en/latest/advanced-usage.html#tls-warnings
  warnings.warn(
/home/comparendos/venv/lib/python3.12/site-packages/urllib3/connectionpool.py:1097: InsecureRequestWarning: Unverified HTTPS request is being made to host 'serviciosdigitales.movilidadavanzadabello.com.co'. Adding certificate verification is strongly advised. See: https://urllib3.readthedocs.io/en/latest/advanced-usage.html#tls-warnings
  warnings.warn(
/home/comparendos/venv/lib/python3.12/site-packages/urllib3/connectionpool.py:1097: InsecureRequestWarning: Unverified HTTPS request is being made to host 'serviciosdigitales.movilidadavanzadabello.com.co'. Adding certificate verification is strongly advised. See: https://urllib3.readthedocs.io/en/latest/advanced-usage.html#tls-warnings
  warnings.warn(
/home/comparendos/venv/lib/python3.12/site-packages/urllib3/connectionpool.py:1097: InsecureRequestWarning: Unverified HTTPS request is being made to host 'serviciosdigitales.movilidadavanzadabello.com.co'. Adding certificate verification is strongly advised. See: https://urllib3.readthedocs.io/en/latest/advanced-usage.html#tls-warnings
  warnings.warn(
/home/comparendos/venv/lib/python3.12/site-packages/urllib3/connectionpool.py:1097: InsecureRequestWarning: Unverified HTTPS request is being made to host 'serviciosdigitales.movilidadavanzadabello.com.co'. Adding certificate verification is strongly advised. See: https://urllib3.readthedocs.io/en/latest/advanced-usage.html#tls-warnings
  warnings.warn(
/home/comparendos/venv/lib/python3.12/site-packages/urllib3/connectionpool.py:1097: InsecureRequestWarning: Unverified HTTPS request is being made to host 'serviciosdigitales.movilidadavanzadabello.com.co'. Adding certificate verification is strongly advised. See: https://urllib3.readthedocs.io/en/latest/advanced-usage.html#tls-warnings
  warnings.warn(
/home/comparendos/venv/lib/python3.12/site-packages/urllib3/connectionpool.py:1097: InsecureRequestWarning: Unverified HTTPS request is being made to host 'serviciosdigitales.movilidadavanzadabello.com.co'. Adding certificate verification is strongly advised. See: https://urllib3.readthedocs.io/en/latest/advanced-usage.html#tls-warnings
  warnings.warn(
/home/comparendos/venv/lib/python3.12/site-packages/urllib3/connectionpool.py:1097: InsecureRequestWarning: Unverified HTTPS request is being made to host 'serviciosdigitales.movilidadavanzadabello.com.co'. Adding certificate verification is strongly advised. See: https://urllib3.readthedocs.io/en/latest/advanced-usage.html#tls-warnings
  warnings.warn(
/home/comparendos/venv/lib/python3.12/site-packages/urllib3/connectionpool.py:1097: InsecureRequestWarning: Unverified HTTPS request is being made to host 'serviciosdigitales.movilidadavanzadabello.com.co'. Adding certificate verification is strongly advised. See: https://urllib3.readthedocs.io/en/latest/advanced-usage.html#tls-warnings
  warnings.warn(
/home/comparendos/venv/lib/python3.12/site-packages/urllib3/connectionpool.py:1097: InsecureRequestWarning: Unverified HTTPS request is being made to host 'serviciosdigitales.movilidadavanzadabello.com.co'. Adding certificate verification is strongly advised. See: https://urllib3.readthedocs.io/en/latest/advanced-usage.html#tls-warnings
  warnings.warn(
/home/comparendos/venv/lib/python3.12/site-packages/urllib3/connectionpool.py:1097: InsecureRequestWarning: Unverified HTTPS request is being made to host 'serviciosdigitales.movilidadavanzadabello.com.co'. Adding certificate verification is strongly advised. See: https://urllib3.readthedocs.io/en/latest/advanced-usage.html#tls-warnings
  warnings.warn(
/home/comparendos/venv/lib/python3.12/site-packages/urllib3/connectionpool.py:1097: InsecureRequestWarning: Unverified HTTPS request is being made to host 'serviciosdigitales.movilidadavanzadabello.com.co'. Adding certificate verification is strongly advised. See: https://urllib3.readthedocs.io/en/latest/advanced-usage.html#tls-warnings
  warnings.warn(
/home/comparendos/venv/lib/python3.12/site-packages/urllib3/connectionpool.py:1097: InsecureRequestWarning: Unverified HTTPS request is being made to host 'serviciosdigitales.movilidadavanzadabello.com.co'. Adding certificate verification is strongly advised. See: https://urllib3.readthedocs.io/en/latest/advanced-usage.html#tls-warnings
  warnings.warn(
/home/comparendos/venv/lib/python3.12/site-packages/urllib3/connectionpool.py:1097: InsecureRequestWarning: Unverified HTTPS request is being made to host 'serviciosdigitales.movilidadavanzadabello.com.co'. Adding certificate verification is strongly advised. See: https://urllib3.readthedocs.io/en/latest/advanced-usage.html#tls-warnings
  warnings.warn(
/home/comparendos/venv/lib/python3.12/site-packages/urllib3/connectionpool.py:1097: InsecureRequestWarning: Unverified HTTPS request is being made to host 'serviciosdigitales.movilidadavanzadabello.com.co'. Adding certificate verification is strongly advised. See: https://urllib3.readthedocs.io/en/latest/advanced-usage.html#tls-warnings
  warnings.warn(
/home/comparendos/venv/lib/python3.12/site-packages/urllib3/connectionpool.py:1097: InsecureRequestWarning: Unverified HTTPS request is being made to host 'serviciosdigitales.movilidadavanzadabello.com.co'. Adding certificate verification is strongly advised. See: https://urllib3.readthedocs.io/en/latest/advanced-usage.html#tls-warnings
  warnings.warn(
/home/comparendos/venv/lib/python3.12/site-packages/urllib3/connectionpool.py:1097: InsecureRequestWarning: Unverified HTTPS request is being made to host 'serviciosdigitales.movilidadavanzadabello.com.co'. Adding certificate verification is strongly advised. See: https://urllib3.readthedocs.io/en/latest/advanced-usage.html#tls-warnings
  warnings.warn(
/home/comparendos/venv/lib/python3.12/site-packages/urllib3/connectionpool.py:1097: InsecureRequestWarning: Unverified HTTPS request is being made to host 'serviciosdigitales.movilidadavanzadabello.com.co'. Adding certificate verification is strongly advised. See: https://urllib3.readthedocs.io/en/latest/advanced-usage.html#tls-warnings
  warnings.warn(
/home/comparendos/venv/lib/python3.12/site-packages/urllib3/connectionpool.py:1097: InsecureRequestWarning: Unverified HTTPS request is being made to host 'serviciosdigitales.movilidadavanzadabello.com.co'. Adding certificate verification is strongly advised. See: https://urllib3.readthedocs.io/en/latest/advanced-usage.html#tls-warnings
  warnings.warn(
/home/comparendos/venv/lib/python3.12/site-packages/urllib3/connectionpool.py:1097: InsecureRequestWarning: Unverified HTTPS request is being made to host 'serviciosdigitales.movilidadavanzadabello.com.co'. Adding certificate verification is strongly advised. See: https://urllib3.readthedocs.io/en/latest/advanced-usage.html#tls-warnings
  warnings.warn(
/home/comparendos/venv/lib/python3.12/site-packages/urllib3/connectionpool.py:1097: InsecureRequestWarning: Unverified HTTPS request is being made to host 'serviciosdigitales.movilidadavanzadabello.com.co'. Adding certificate verification is strongly advised. See: https://urllib3.readthedocs.io/en/latest/advanced-usage.html#tls-warnings
  warnings.warn(
/home/comparendos/venv/lib/python3.12/site-packages/urllib3/connectionpool.py:1097: InsecureRequestWarning: Unverified HTTPS request is being made to host 'serviciosdigitales.movilidadavanzadabello.com.co'. Adding certificate verification is strongly advised. See: https://urllib3.readthedocs.io/en/latest/advanced-usage.html#tls-warnings
  warnings.warn(
/home/comparendos/venv/lib/python3.12/site-packages/urllib3/connectionpool.py:1097: InsecureRequestWarning: Unverified HTTPS request is being made to host 'serviciosdigitales.movilidadavanzadabello.com.co'. Adding certificate verification is strongly advised. See: https://urllib3.readthedocs.io/en/latest/advanced-usage.html#tls-warnings
  warnings.warn(
/home/comparendos/venv/lib/python3.12/site-packages/urllib3/connectionpool.py:1097: InsecureRequestWarning: Unverified HTTPS request is being made to host 'serviciosdigitales.movilidadavanzadabello.com.co'. Adding certificate verification is strongly advised. See: https://urllib3.readthedocs.io/en/latest/advanced-usage.html#tls-warnings
  warnings.warn(

[2026-07-10 10:49:36] Enviando 12 templates.
[2026-07-10 10:49:36] Respuesta del envío: True - 
Error en consulta_info_home_public para MEDELLIN: ('Connection aborted.', RemoteDisconnected('Remote end closed connection without response'))
Error en MEDELLIN: 'NoneType' object has no attribute 'json'
El comparendo ya fue notificado previamente Documento: 8278323 Comparendo: D05001000000054329578
Error en consulta_info_home_public para MEDELLIN: HTTPSConnectionPool(host='www.medellin.gov.co', port=443): Read timed out. (read timeout=30)
Error en MEDELLIN: 'NoneType' object has no attribute 'json'
Error en consulta_info_home_public para MEDELLIN: HTTPSConnectionPool(host='www.medellin.gov.co', port=443): Read timed out. (read timeout=30)
Error en MEDELLIN: 'NoneType' object has no attribute 'json'
Error en consulta_info_home_public para MEDELLIN: HTTPSConnectionPool(host='www.medellin.gov.co', port=443): Read timed out. (read timeout=30)
Error en MEDELLIN: 'NoneType' object has no attribute 'json'
Error en consulta_info_home_public para MEDELLIN: HTTPSConnectionPool(host='www.medellin.gov.co', port=443): Read timed out. (read timeout=30)
Error en MEDELLIN: 'NoneType' object has no attribute 'json'
Error en consulta_info_home_public para MEDELLIN: HTTPSConnectionPool(host='www.medellin.gov.co', port=443): Read timed out. (read timeout=30)
Error en MEDELLIN: 'NoneType' object has no attribute 'json'
Error en consulta_info_home_public para MEDELLIN: HTTPSConnectionPool(host='www.medellin.gov.co', port=443): Read timed out. (read timeout=30)
Error en MEDELLIN: 'NoneType' object has no attribute 'json'
Error en MEDELLIN: Expecting value: line 1 column 1 (char 0)
Error en consulta_info_home_public para MEDELLIN: ('Connection aborted.', RemoteDisconnected('Remote end closed connection without response'))
Error en MEDELLIN: 'NoneType' object has no attribute 'json'
[2026-07-10 11:12:39] Enviando 17 templates para el bloque (process_template_id: jlj498NOWx2N)
Payload para el envío jlj498NOWx2N:
{
  "users": [
    {
      "phone": "+573195552397",
      "parameters": [
        {
          "order": 0,
          "parameter": "MEDELLIN"
        },
        {
          "order": 1,
          "parameter": "2026-02-03"
        },
        {
          "order": 2,
          "parameter": "KTY665"
        },
        {
          "order": 3,
          "parameter": "D02"
        },
        {
          "order": 4,
          "parameter": "Conducir sin portar los seguros ordenados por la ley. Además, el vehículo será inmovilizado"
        }
      ]
    },
    {
      "phone": "+573195552397",
      "parameters": [
        {
          "order": 0,
          "parameter": "MEDELLIN"
        },
        {
          "order": 1,
          "parameter": "2026-02-17"
        },
        {
          "order": 2,
          "parameter": "KTY665"
        },
        {
          "order": 3,
          "parameter": "D02"
        },
        {
          "order": 4,
          "parameter": "Conducir sin portar los seguros ordenados por la ley. Además, el vehículo será inmovilizado"
        }
      ]
    },
    {
      "phone": "+573132452381",
      "parameters": [
        {
          "order": 0,
          "parameter": "MEDELLIN"
        },
        {
          "order": 1,
          "parameter": "2026-05-11"
        },
        {
          "order": 2,
          "parameter": "EKS733"
        },
        {
          "order": 3,
          "parameter": "D02"
        },
        {
          "order": 4,
          "parameter": "Conducir sin portar los seguros ordenados por la ley. Además, el vehículo será inmovilizado"
        }
      ]
    },
    {
      "phone": "+573132452381",
      "parameters": [
        {
          "order": 0,
          "parameter": "MEDELLIN"
        },
        {
          "order": 1,
          "parameter": "2025-10-25"
        },
        {
          "order": 2,
          "parameter": "EKS733"
        },
        {
          "order": 3,
          "parameter": "C29"
        },
        {
          "order": 4,
          "parameter": "Conducir un vehículo a velocidad superior a la máxima permitida"
        }
      ]
    },
    {
      "phone": "+573132452381",
      "parameters": [
        {
          "order": 0,
          "parameter": "MEDELLIN"
        },
        {
          "order": 1,
          "parameter": "2026-04-17"
        },
        {
          "order": 2,
          "parameter": "EKS733"
        },
        {
          "order": 3,
          "parameter": "D02"
        },
        {
          "order": 4,
          "parameter": "Conducir sin portar los seguros ordenados por la ley. Además, el vehículo será inmovilizado"
        }
      ]
    },
    {
      "phone": "+573132452381",
      "parameters": [
        {
          "order": 0,
          "parameter": "MEDELLIN"
        },
        {
          "order": 1,
          "parameter": "2025-12-10"
        },
        {
          "order": 2,
          "parameter": "EKS733"
        },
        {
          "order": 3,
          "parameter": "C35"
        },
        {
          "order": 4,
          "parameter": "No realizar la revisión técnico-mecánica en el plazo legal establecido o cuando el vehículo no se encuentre en adecuadas condiciones técnico-mecánicas o de emisiones contaminantes, aun cuando porte los certificados correspondientes, además el vehículo será inmovilizado."
        }
      ]
    },
    {
      "phone": "+573012039022",
      "parameters": [
        {
          "order": 0,
          "parameter": "MEDELLIN"
        },
        {
          "order": 1,
          "parameter": "2025-11-13"
        },
        {
          "order": 2,
          "parameter": "MNL872"
        },
        {
          "order": 3,
          "parameter": "C14"
        },
        {
          "order": 4,
          "parameter": "Transitar por sitios restringidos o en horas prohibidas por la autoridad competente. Además, el vehículo será inmovilizado"
        }
      ]
    },
    {
      "phone": "+573206863753",
      "parameters": [
        {
          "order": 0,
          "parameter": "MEDELLIN"
        },
        {
          "order": 1,
          "parameter": "2026-05-15"
        },
        {
          "order": 2,
          "parameter": "LAT334"
        },
        {
          "order": 3,
          "parameter": "C29"
        },
        {
          "order": 4,
          "parameter": "Conducir un vehículo a velocidad superior a la máxima permitida"
        }
      ]
    },
    {
      "phone": "+573022491003",
      "parameters": [
        {
          "order": 0,
          "parameter": "MEDELLIN"
        },
        {
          "order": 1,
          "parameter": "2025-10-24"
        },
        {
          "order": 2,
          "parameter": "GKY401"
        },
        {
          "order": 3,
          "parameter": "C35"
        },
        {
          "order": 4,
          "parameter": "No realizar la revisión técnico-mecánica en el plazo legal establecido o cuando el vehículo no se encuentre en adecuadas condiciones técnico-mecánicas o de emisiones contaminantes, aun cuando porte los certificados correspondientes, además el vehículo será inmovilizado."
        }
      ]
    },
    {
      "phone": "+573022491003",
      "parameters": [
        {
          "order": 0,
          "parameter": "MEDELLIN"
        },
        {
          "order": 1,
          "parameter": "2025-09-20"
        },
        {
          "order": 2,
          "parameter": "DEW295"
        },
        {
          "order": 3,
          "parameter": "C29"
        },
        {
          "order": 4,
          "parameter": "Conducir un vehículo a velocidad superior a la máxima permitida"
        }
      ]
    },
    {
      "phone": "+573022491003",
      "parameters": [
        {
          "order": 0,
          "parameter": "MEDELLIN"
        },
        {
          "order": 1,
          "parameter": "2026-03-15"
        },
        {
          "order": 2,
          "parameter": "DEW295"
        },
        {
          "order": 3,
          "parameter": "C29"
        },
        {
          "order": 4,
          "parameter": "Conducir un vehículo a velocidad superior a la máxima permitida"
        }
      ]
    },
    {
      "phone": "+573022491003",
      "parameters": [
        {
          "order": 0,
          "parameter": "MEDELLIN"
        },
        {
          "order": 1,
          "parameter": "2025-09-13"
        },
        {
          "order": 2,
          "parameter": "GKY401"
        },
        {
          "order": 3,
          "parameter": "C35"
        },
        {
          "order": 4,
          "parameter": "No realizar la revisión técnico-mecánica en el plazo legal establecido o cuando el vehículo no se encuentre en adecuadas condiciones técnico-mecánicas o de emisiones contaminantes, aun cuando porte los certificados correspondientes, además el vehículo será inmovilizado."
        }
      ]
    },
    {
      "phone": "+573022491003",
      "parameters": [
        {
          "order": 0,
          "parameter": "MEDELLIN"
        },
        {
          "order": 1,
          "parameter": "2025-09-25"
        },
        {
          "order": 2,
          "parameter": "GKY401"
        },
        {
          "order": 3,
          "parameter": "C35"
        },
        {
          "order": 4,
          "parameter": "No realizar la revisión técnico-mecánica en el plazo legal establecido o cuando el vehículo no se encuentre en adecuadas condiciones técnico-mecánicas o de emisiones contaminantes, aun cuando porte los certificados correspondientes, además el vehículo será inmovilizado."
        }
      ]
    },
    {
      "phone": "+573206892091",
      "parameters": [
        {
          "order": 0,
          "parameter": "MEDELLIN"
        },
        {
          "order": 1,
          "parameter": "2026-04-20"
        },
        {
          "order": 2,
          "parameter": "JJK752"
        },
        {
          "order": 3,
          "parameter": "B03"
        },
        {
          "order": 4,
          "parameter": "Conducir un vehículo sin placas, no portarlas en el extremo delantero o trasero, portarlas con obstáculos o en condiciones que dificulten su plena identificación, portar en el lugar destinado  a las placas, distintivos similares a estas o que la imiten, o que correspondan a placas de otros países."
        }
      ]
    },
    {
      "phone": "+573108753865",
      "parameters": [
        {
          "order": 0,
          "parameter": "MEDELLIN"
        },
        {
          "order": 1,
          "parameter": "2026-06-28"
        },
        {
          "order": 2,
          "parameter": "MNU603"
        },
        {
          "order": 3,
          "parameter": "D04"
        },
        {
          "order": 4,
          "parameter": "No detenerse ante una luz roja o amarilla de semáforo, una señal de \"PARE\" o un semáforo intermitente en rojo."
        }
      ]
    },
    {
      "phone": "+573013744599",
      "parameters": [
        {
          "order": 0,
          "parameter": "MEDELLIN"
        },
        {
          "order": 1,
          "parameter": "2026-05-23"
        },
        {
          "order": 2,
          "parameter": "LXL211"
        },
        {
          "order": 3,
          "parameter": "D02"
        },
        {
          "order": 4,
          "parameter": "Conducir sin portar los seguros ordenados por la ley. Además, el vehículo será inmovilizado"
        }
      ]
    },
    {
      "phone": "+573176474438",
      "parameters": [
        {
          "order": 0,
          "parameter": "MEDELLIN"
        },
        {
          "order": 1,
          "parameter": "2026-02-22"
        },
        {
          "order": 2,
          "parameter": "HAQ119"
        },
        {
          "order": 3,
          "parameter": "C29"
        },
        {
          "order": 4,
          "parameter": "Conducir un vehículo a velocidad superior a la máxima permitida"
        }
      ]
    }
  ],
  "SaveInfo": false,
  "origin": "API",
  "templateName": "notificacion_comparendos",
  "language": "ES",
  "sender": "School Center",
  "ParametersName": []
}/home/comparendos/venv/lib/python3.12/site-packages/urllib3/connectionpool.py:1097: InsecureRequestWarning: Unverified HTTPS request is being made to host 'serviciosdigitales.movilidadavanzadabello.com.co'. Adding certificate verification is strongly advised. See: https://urllib3.readthedocs.io/en/latest/advanced-usage.html#tls-warnings
  warnings.warn(
/home/comparendos/venv/lib/python3.12/site-packages/urllib3/connectionpool.py:1097: InsecureRequestWarning: Unverified HTTPS request is being made to host 'serviciosdigitales.movilidadavanzadabello.com.co'. Adding certificate verification is strongly advised. See: https://urllib3.readthedocs.io/en/latest/advanced-usage.html#tls-warnings
  warnings.warn(
/home/comparendos/venv/lib/python3.12/site-packages/urllib3/connectionpool.py:1097: InsecureRequestWarning: Unverified HTTPS request is being made to host 'serviciosdigitales.movilidadavanzadabello.com.co'. Adding certificate verification is strongly advised. See: https://urllib3.readthedocs.io/en/latest/advanced-usage.html#tls-warnings
  warnings.warn(
/home/comparendos/venv/lib/python3.12/site-packages/urllib3/connectionpool.py:1097: InsecureRequestWarning: Unverified HTTPS request is being made to host 'serviciosdigitales.movilidadavanzadabello.com.co'. Adding certificate verification is strongly advised. See: https://urllib3.readthedocs.io/en/latest/advanced-usage.html#tls-warnings
  warnings.warn(
/home/comparendos/venv/lib/python3.12/site-packages/urllib3/connectionpool.py:1097: InsecureRequestWarning: Unverified HTTPS request is being made to host 'serviciosdigitales.movilidadavanzadabello.com.co'. Adding certificate verification is strongly advised. See: https://urllib3.readthedocs.io/en/latest/advanced-usage.html#tls-warnings
  warnings.warn(
/home/comparendos/venv/lib/python3.12/site-packages/urllib3/connectionpool.py:1097: InsecureRequestWarning: Unverified HTTPS request is being made to host 'serviciosdigitales.movilidadavanzadabello.com.co'. Adding certificate verification is strongly advised. See: https://urllib3.readthedocs.io/en/latest/advanced-usage.html#tls-warnings
  warnings.warn(
/home/comparendos/venv/lib/python3.12/site-packages/urllib3/connectionpool.py:1097: InsecureRequestWarning: Unverified HTTPS request is being made to host 'serviciosdigitales.movilidadavanzadabello.com.co'. Adding certificate verification is strongly advised. See: https://urllib3.readthedocs.io/en/latest/advanced-usage.html#tls-warnings
  warnings.warn(
/home/comparendos/venv/lib/python3.12/site-packages/urllib3/connectionpool.py:1097: InsecureRequestWarning: Unverified HTTPS request is being made to host 'serviciosdigitales.movilidadavanzadabello.com.co'. Adding certificate verification is strongly advised. See: https://urllib3.readthedocs.io/en/latest/advanced-usage.html#tls-warnings
  warnings.warn(
/home/comparendos/venv/lib/python3.12/site-packages/urllib3/connectionpool.py:1097: InsecureRequestWarning: Unverified HTTPS request is being made to host 'serviciosdigitales.movilidadavanzadabello.com.co'. Adding certificate verification is strongly advised. See: https://urllib3.readthedocs.io/en/latest/advanced-usage.html#tls-warnings
  warnings.warn(
/home/comparendos/venv/lib/python3.12/site-packages/urllib3/connectionpool.py:1097: InsecureRequestWarning: Unverified HTTPS request is being made to host 'serviciosdigitales.movilidadavanzadabello.com.co'. Adding certificate verification is strongly advised. See: https://urllib3.readthedocs.io/en/latest/advanced-usage.html#tls-warnings
  warnings.warn(
/home/comparendos/venv/lib/python3.12/site-packages/urllib3/connectionpool.py:1097: InsecureRequestWarning: Unverified HTTPS request is being made to host 'serviciosdigitales.movilidadavanzadabello.com.co'. Adding certificate verification is strongly advised. See: https://urllib3.readthedocs.io/en/latest/advanced-usage.html#tls-warnings
  warnings.warn(
/home/comparendos/venv/lib/python3.12/site-packages/urllib3/connectionpool.py:1097: InsecureRequestWarning: Unverified HTTPS request is being made to host 'serviciosdigitales.movilidadavanzadabello.com.co'. Adding certificate verification is strongly advised. See: https://urllib3.readthedocs.io/en/latest/advanced-usage.html#tls-warnings
  warnings.warn(
/home/comparendos/venv/lib/python3.12/site-packages/urllib3/connectionpool.py:1097: InsecureRequestWarning: Unverified HTTPS request is being made to host 'serviciosdigitales.movilidadavanzadabello.com.co'. Adding certificate verification is strongly advised. See: https://urllib3.readthedocs.io/en/latest/advanced-usage.html#tls-warnings
  warnings.warn(
/home/comparendos/venv/lib/python3.12/site-packages/urllib3/connectionpool.py:1097: InsecureRequestWarning: Unverified HTTPS request is being made to host 'serviciosdigitales.movilidadavanzadabello.com.co'. Adding certificate verification is strongly advised. See: https://urllib3.readthedocs.io/en/latest/advanced-usage.html#tls-warnings
  warnings.warn(
/home/comparendos/venv/lib/python3.12/site-packages/urllib3/connectionpool.py:1097: InsecureRequestWarning: Unverified HTTPS request is being made to host 'serviciosdigitales.movilidadavanzadabello.com.co'. Adding certificate verification is strongly advised. See: https://urllib3.readthedocs.io/en/latest/advanced-usage.html#tls-warnings
  warnings.warn(
/home/comparendos/venv/lib/python3.12/site-packages/urllib3/connectionpool.py:1097: InsecureRequestWarning: Unverified HTTPS request is being made to host 'serviciosdigitales.movilidadavanzadabello.com.co'. Adding certificate verification is strongly advised. See: https://urllib3.readthedocs.io/en/latest/advanced-usage.html#tls-warnings
  warnings.warn(
/home/comparendos/venv/lib/python3.12/site-packages/urllib3/connectionpool.py:1097: InsecureRequestWarning: Unverified HTTPS request is being made to host 'serviciosdigitales.movilidadavanzadabello.com.co'. Adding certificate verification is strongly advised. See: https://urllib3.readthedocs.io/en/latest/advanced-usage.html#tls-warnings
  warnings.warn(
/home/comparendos/venv/lib/python3.12/site-packages/urllib3/connectionpool.py:1097: InsecureRequestWarning: Unverified HTTPS request is being made to host 'serviciosdigitales.movilidadavanzadabello.com.co'. Adding certificate verification is strongly advised. See: https://urllib3.readthedocs.io/en/latest/advanced-usage.html#tls-warnings
  warnings.warn(
/home/comparendos/venv/lib/python3.12/site-packages/urllib3/connectionpool.py:1097: InsecureRequestWarning: Unverified HTTPS request is being made to host 'serviciosdigitales.movilidadavanzadabello.com.co'. Adding certificate verification is strongly advised. See: https://urllib3.readthedocs.io/en/latest/advanced-usage.html#tls-warnings
  warnings.warn(
/home/comparendos/venv/lib/python3.12/site-packages/urllib3/connectionpool.py:1097: InsecureRequestWarning: Unverified HTTPS request is being made to host 'serviciosdigitales.movilidadavanzadabello.com.co'. Adding certificate verification is strongly advised. See: https://urllib3.readthedocs.io/en/latest/advanced-usage.html#tls-warnings
  warnings.warn(
/home/comparendos/venv/lib/python3.12/site-packages/urllib3/connectionpool.py:1097: InsecureRequestWarning: Unverified HTTPS request is being made to host 'serviciosdigitales.movilidadavanzadabello.com.co'. Adding certificate verification is strongly advised. See: https://urllib3.readthedocs.io/en/latest/advanced-usage.html#tls-warnings
  warnings.warn(
/home/comparendos/venv/lib/python3.12/site-packages/urllib3/connectionpool.py:1097: InsecureRequestWarning: Unverified HTTPS request is being made to host 'serviciosdigitales.movilidadavanzadabello.com.co'. Adding certificate verification is strongly advised. See: https://urllib3.readthedocs.io/en/latest/advanced-usage.html#tls-warnings
  warnings.warn(
/home/comparendos/venv/lib/python3.12/site-packages/urllib3/connectionpool.py:1097: InsecureRequestWarning: Unverified HTTPS request is being made to host 'serviciosdigitales.movilidadavanzadabello.com.co'. Adding certificate verification is strongly advised. See: https://urllib3.readthedocs.io/en/latest/advanced-usage.html#tls-warnings
  warnings.warn(
/home/comparendos/venv/lib/python3.12/site-packages/urllib3/connectionpool.py:1097: InsecureRequestWarning: Unverified HTTPS request is being made to host 'serviciosdigitales.movilidadavanzadabello.com.co'. Adding certificate verification is strongly advised. See: https://urllib3.readthedocs.io/en/latest/advanced-usage.html#tls-warnings
  warnings.warn(
/home/comparendos/venv/lib/python3.12/site-packages/urllib3/connectionpool.py:1097: InsecureRequestWarning: Unverified HTTPS request is being made to host 'serviciosdigitales.movilidadavanzadabello.com.co'. Adding certificate verification is strongly advised. See: https://urllib3.readthedocs.io/en/latest/advanced-usage.html#tls-warnings
  warnings.warn(
/home/comparendos/venv/lib/python3.12/site-packages/urllib3/connectionpool.py:1097: InsecureRequestWarning: Unverified HTTPS request is being made to host 'serviciosdigitales.movilidadavanzadabello.com.co'. Adding certificate verification is strongly advised. See: https://urllib3.readthedocs.io/en/latest/advanced-usage.html#tls-warnings
  warnings.warn(
/home/comparendos/venv/lib/python3.12/site-packages/urllib3/connectionpool.py:1097: InsecureRequestWarning: Unverified HTTPS request is being made to host 'serviciosdigitales.movilidadavanzadabello.com.co'. Adding certificate verification is strongly advised. See: https://urllib3.readthedocs.io/en/latest/advanced-usage.html#tls-warnings
  warnings.warn(
/home/comparendos/venv/lib/python3.12/site-packages/urllib3/connectionpool.py:1097: InsecureRequestWarning: Unverified HTTPS request is being made to host 'serviciosdigitales.movilidadavanzadabello.com.co'. Adding certificate verification is strongly advised. See: https://urllib3.readthedocs.io/en/latest/advanced-usage.html#tls-warnings
  warnings.warn(
/home/comparendos/venv/lib/python3.12/site-packages/urllib3/connectionpool.py:1097: InsecureRequestWarning: Unverified HTTPS request is being made to host 'serviciosdigitales.movilidadavanzadabello.com.co'. Adding certificate verification is strongly advised. See: https://urllib3.readthedocs.io/en/latest/advanced-usage.html#tls-warnings
  warnings.warn(
/home/comparendos/venv/lib/python3.12/site-packages/urllib3/connectionpool.py:1097: InsecureRequestWarning: Unverified HTTPS request is being made to host 'serviciosdigitales.movilidadavanzadabello.com.co'. Adding certificate verification is strongly advised. See: https://urllib3.readthedocs.io/en/latest/advanced-usage.html#tls-warnings
  warnings.warn(
/home/comparendos/venv/lib/python3.12/site-packages/urllib3/connectionpool.py:1097: InsecureRequestWarning: Unverified HTTPS request is being made to host 'serviciosdigitales.movilidadavanzadabello.com.co'. Adding certificate verification is strongly advised. See: https://urllib3.readthedocs.io/en/latest/advanced-usage.html#tls-warnings
  warnings.warn(
/home/comparendos/venv/lib/python3.12/site-packages/urllib3/connectionpool.py:1097: InsecureRequestWarning: Unverified HTTPS request is being made to host 'serviciosdigitales.movilidadavanzadabello.com.co'. Adding certificate verification is strongly advised. See: https://urllib3.readthedocs.io/en/latest/advanced-usage.html#tls-warnings
  warnings.warn(
/home/comparendos/venv/lib/python3.12/site-packages/urllib3/connectionpool.py:1097: InsecureRequestWarning: Unverified HTTPS request is being made to host 'serviciosdigitales.movilidadavanzadabello.com.co'. Adding certificate verification is strongly advised. See: https://urllib3.readthedocs.io/en/latest/advanced-usage.html#tls-warnings
  warnings.warn(
/home/comparendos/venv/lib/python3.12/site-packages/urllib3/connectionpool.py:1097: InsecureRequestWarning: Unverified HTTPS request is being made to host 'serviciosdigitales.movilidadavanzadabello.com.co'. Adding certificate verification is strongly advised. See: https://urllib3.readthedocs.io/en/latest/advanced-usage.html#tls-warnings
  warnings.warn(
/home/comparendos/venv/lib/python3.12/site-packages/urllib3/connectionpool.py:1097: InsecureRequestWarning: Unverified HTTPS request is being made to host 'serviciosdigitales.movilidadavanzadabello.com.co'. Adding certificate verification is strongly advised. See: https://urllib3.readthedocs.io/en/latest/advanced-usage.html#tls-warnings
  warnings.warn(
/home/comparendos/venv/lib/python3.12/site-packages/urllib3/connectionpool.py:1097: InsecureRequestWarning: Unverified HTTPS request is being made to host 'serviciosdigitales.movilidadavanzadabello.com.co'. Adding certificate verification is strongly advised. See: https://urllib3.readthedocs.io/en/latest/advanced-usage.html#tls-warnings
  warnings.warn(
/home/comparendos/venv/lib/python3.12/site-packages/urllib3/connectionpool.py:1097: InsecureRequestWarning: Unverified HTTPS request is being made to host 'serviciosdigitales.movilidadavanzadabello.com.co'. Adding certificate verification is strongly advised. See: https://urllib3.readthedocs.io/en/latest/advanced-usage.html#tls-warnings
  warnings.warn(
/home/comparendos/venv/lib/python3.12/site-packages/urllib3/connectionpool.py:1097: InsecureRequestWarning: Unverified HTTPS request is being made to host 'serviciosdigitales.movilidadavanzadabello.com.co'. Adding certificate verification is strongly advised. See: https://urllib3.readthedocs.io/en/latest/advanced-usage.html#tls-warnings
  warnings.warn(
/home/comparendos/venv/lib/python3.12/site-packages/urllib3/connectionpool.py:1097: InsecureRequestWarning: Unverified HTTPS request is being made to host 'serviciosdigitales.movilidadavanzadabello.com.co'. Adding certificate verification is strongly advised. See: https://urllib3.readthedocs.io/en/latest/advanced-usage.html#tls-warnings
  warnings.warn(
/home/comparendos/venv/lib/python3.12/site-packages/urllib3/connectionpool.py:1097: InsecureRequestWarning: Unverified HTTPS request is being made to host 'serviciosdigitales.movilidadavanzadabello.com.co'. Adding certificate verification is strongly advised. See: https://urllib3.readthedocs.io/en/latest/advanced-usage.html#tls-warnings
  warnings.warn(
/home/comparendos/venv/lib/python3.12/site-packages/urllib3/connectionpool.py:1097: InsecureRequestWarning: Unverified HTTPS request is being made to host 'serviciosdigitales.movilidadavanzadabello.com.co'. Adding certificate verification is strongly advised. See: https://urllib3.readthedocs.io/en/latest/advanced-usage.html#tls-warnings
  warnings.warn(
/home/comparendos/venv/lib/python3.12/site-packages/urllib3/connectionpool.py:1097: InsecureRequestWarning: Unverified HTTPS request is being made to host 'serviciosdigitales.movilidadavanzadabello.com.co'. Adding certificate verification is strongly advised. See: https://urllib3.readthedocs.io/en/latest/advanced-usage.html#tls-warnings
  warnings.warn(
/home/comparendos/venv/lib/python3.12/site-packages/urllib3/connectionpool.py:1097: InsecureRequestWarning: Unverified HTTPS request is being made to host 'serviciosdigitales.movilidadavanzadabello.com.co'. Adding certificate verification is strongly advised. See: https://urllib3.readthedocs.io/en/latest/advanced-usage.html#tls-warnings
  warnings.warn(
/home/comparendos/venv/lib/python3.12/site-packages/urllib3/connectionpool.py:1097: InsecureRequestWarning: Unverified HTTPS request is being made to host 'serviciosdigitales.movilidadavanzadabello.com.co'. Adding certificate verification is strongly advised. See: https://urllib3.readthedocs.io/en/latest/advanced-usage.html#tls-warnings
  warnings.warn(
/home/comparendos/venv/lib/python3.12/site-packages/urllib3/connectionpool.py:1097: InsecureRequestWarning: Unverified HTTPS request is being made to host 'serviciosdigitales.movilidadavanzadabello.com.co'. Adding certificate verification is strongly advised. See: https://urllib3.readthedocs.io/en/latest/advanced-usage.html#tls-warnings
  warnings.warn(
/home/comparendos/venv/lib/python3.12/site-packages/urllib3/connectionpool.py:1097: InsecureRequestWarning: Unverified HTTPS request is being made to host 'serviciosdigitales.movilidadavanzadabello.com.co'. Adding certificate verification is strongly advised. See: https://urllib3.readthedocs.io/en/latest/advanced-usage.html#tls-warnings
  warnings.warn(
/home/comparendos/venv/lib/python3.12/site-packages/urllib3/connectionpool.py:1097: InsecureRequestWarning: Unverified HTTPS request is being made to host 'serviciosdigitales.movilidadavanzadabello.com.co'. Adding certificate verification is strongly advised. See: https://urllib3.readthedocs.io/en/latest/advanced-usage.html#tls-warnings
  warnings.warn(
/home/comparendos/venv/lib/python3.12/site-packages/urllib3/connectionpool.py:1097: InsecureRequestWarning: Unverified HTTPS request is being made to host 'serviciosdigitales.movilidadavanzadabello.com.co'. Adding certificate verification is strongly advised. See: https://urllib3.readthedocs.io/en/latest/advanced-usage.html#tls-warnings
  warnings.warn(
/home/comparendos/venv/lib/python3.12/site-packages/urllib3/connectionpool.py:1097: InsecureRequestWarning: Unverified HTTPS request is being made to host 'serviciosdigitales.movilidadavanzadabello.com.co'. Adding certificate verification is strongly advised. See: https://urllib3.readthedocs.io/en/latest/advanced-usage.html#tls-warnings
  warnings.warn(
/home/comparendos/venv/lib/python3.12/site-packages/urllib3/connectionpool.py:1097: InsecureRequestWarning: Unverified HTTPS request is being made to host 'serviciosdigitales.movilidadavanzadabello.com.co'. Adding certificate verification is strongly advised. See: https://urllib3.readthedocs.io/en/latest/advanced-usage.html#tls-warnings
  warnings.warn(
/home/comparendos/venv/lib/python3.12/site-packages/urllib3/connectionpool.py:1097: InsecureRequestWarning: Unverified HTTPS request is being made to host 'serviciosdigitales.movilidadavanzadabello.com.co'. Adding certificate verification is strongly advised. See: https://urllib3.readthedocs.io/en/latest/advanced-usage.html#tls-warnings
  warnings.warn(
/home/comparendos/venv/lib/python3.12/site-packages/urllib3/connectionpool.py:1097: InsecureRequestWarning: Unverified HTTPS request is being made to host 'serviciosdigitales.movilidadavanzadabello.com.co'. Adding certificate verification is strongly advised. See: https://urllib3.readthedocs.io/en/latest/advanced-usage.html#tls-warnings
  warnings.warn(
/home/comparendos/venv/lib/python3.12/site-packages/urllib3/connectionpool.py:1097: InsecureRequestWarning: Unverified HTTPS request is being made to host 'serviciosdigitales.movilidadavanzadabello.com.co'. Adding certificate verification is strongly advised. See: https://urllib3.readthedocs.io/en/latest/advanced-usage.html#tls-warnings
  warnings.warn(
/home/comparendos/venv/lib/python3.12/site-packages/urllib3/connectionpool.py:1097: InsecureRequestWarning: Unverified HTTPS request is being made to host 'serviciosdigitales.movilidadavanzadabello.com.co'. Adding certificate verification is strongly advised. See: https://urllib3.readthedocs.io/en/latest/advanced-usage.html#tls-warnings
  warnings.warn(
/home/comparendos/venv/lib/python3.12/site-packages/urllib3/connectionpool.py:1097: InsecureRequestWarning: Unverified HTTPS request is being made to host 'serviciosdigitales.movilidadavanzadabello.com.co'. Adding certificate verification is strongly advised. See: https://urllib3.readthedocs.io/en/latest/advanced-usage.html#tls-warnings
  warnings.warn(
/home/comparendos/venv/lib/python3.12/site-packages/urllib3/connectionpool.py:1097: InsecureRequestWarning: Unverified HTTPS request is being made to host 'serviciosdigitales.movilidadavanzadabello.com.co'. Adding certificate verification is strongly advised. See: https://urllib3.readthedocs.io/en/latest/advanced-usage.html#tls-warnings
  warnings.warn(
/home/comparendos/venv/lib/python3.12/site-packages/urllib3/connectionpool.py:1097: InsecureRequestWarning: Unverified HTTPS request is being made to host 'serviciosdigitales.movilidadavanzadabello.com.co'. Adding certificate verification is strongly advised. See: https://urllib3.readthedocs.io/en/latest/advanced-usage.html#tls-warnings
  warnings.warn(
/home/comparendos/venv/lib/python3.12/site-packages/urllib3/connectionpool.py:1097: InsecureRequestWarning: Unverified HTTPS request is being made to host 'serviciosdigitales.movilidadavanzadabello.com.co'. Adding certificate verification is strongly advised. See: https://urllib3.readthedocs.io/en/latest/advanced-usage.html#tls-warnings
  warnings.warn(
/home/comparendos/venv/lib/python3.12/site-packages/urllib3/connectionpool.py:1097: InsecureRequestWarning: Unverified HTTPS request is being made to host 'serviciosdigitales.movilidadavanzadabello.com.co'. Adding certificate verification is strongly advised. See: https://urllib3.readthedocs.io/en/latest/advanced-usage.html#tls-warnings
  warnings.warn(
/home/comparendos/venv/lib/python3.12/site-packages/urllib3/connectionpool.py:1097: InsecureRequestWarning: Unverified HTTPS request is being made to host 'serviciosdigitales.movilidadavanzadabello.com.co'. Adding certificate verification is strongly advised. See: https://urllib3.readthedocs.io/en/latest/advanced-usage.html#tls-warnings
  warnings.warn(
/home/comparendos/venv/lib/python3.12/site-packages/urllib3/connectionpool.py:1097: InsecureRequestWarning: Unverified HTTPS request is being made to host 'serviciosdigitales.movilidadavanzadabello.com.co'. Adding certificate verification is strongly advised. See: https://urllib3.readthedocs.io/en/latest/advanced-usage.html#tls-warnings
  warnings.warn(
/home/comparendos/venv/lib/python3.12/site-packages/urllib3/connectionpool.py:1097: InsecureRequestWarning: Unverified HTTPS request is being made to host 'serviciosdigitales.movilidadavanzadabello.com.co'. Adding certificate verification is strongly advised. See: https://urllib3.readthedocs.io/en/latest/advanced-usage.html#tls-warnings
  warnings.warn(
/home/comparendos/venv/lib/python3.12/site-packages/urllib3/connectionpool.py:1097: InsecureRequestWarning: Unverified HTTPS request is being made to host 'serviciosdigitales.movilidadavanzadabello.com.co'. Adding certificate verification is strongly advised. See: https://urllib3.readthedocs.io/en/latest/advanced-usage.html#tls-warnings
  warnings.warn(
/home/comparendos/venv/lib/python3.12/site-packages/urllib3/connectionpool.py:1097: InsecureRequestWarning: Unverified HTTPS request is being made to host 'serviciosdigitales.movilidadavanzadabello.com.co'. Adding certificate verification is strongly advised. See: https://urllib3.readthedocs.io/en/latest/advanced-usage.html#tls-warnings
  warnings.warn(
/home/comparendos/venv/lib/python3.12/site-packages/urllib3/connectionpool.py:1097: InsecureRequestWarning: Unverified HTTPS request is being made to host 'serviciosdigitales.movilidadavanzadabello.com.co'. Adding certificate verification is strongly advised. See: https://urllib3.readthedocs.io/en/latest/advanced-usage.html#tls-warnings
  warnings.warn(
/home/comparendos/venv/lib/python3.12/site-packages/urllib3/connectionpool.py:1097: InsecureRequestWarning: Unverified HTTPS request is being made to host 'serviciosdigitales.movilidadavanzadabello.com.co'. Adding certificate verification is strongly advised. See: https://urllib3.readthedocs.io/en/latest/advanced-usage.html#tls-warnings
  warnings.warn(
/home/comparendos/venv/lib/python3.12/site-packages/urllib3/connectionpool.py:1097: InsecureRequestWarning: Unverified HTTPS request is being made to host 'serviciosdigitales.movilidadavanzadabello.com.co'. Adding certificate verification is strongly advised. See: https://urllib3.readthedocs.io/en/latest/advanced-usage.html#tls-warnings
  warnings.warn(
/home/comparendos/venv/lib/python3.12/site-packages/urllib3/connectionpool.py:1097: InsecureRequestWarning: Unverified HTTPS request is being made to host 'serviciosdigitales.movilidadavanzadabello.com.co'. Adding certificate verification is strongly advised. See: https://urllib3.readthedocs.io/en/latest/advanced-usage.html#tls-warnings
  warnings.warn(
/home/comparendos/venv/lib/python3.12/site-packages/urllib3/connectionpool.py:1097: InsecureRequestWarning: Unverified HTTPS request is being made to host 'serviciosdigitales.movilidadavanzadabello.com.co'. Adding certificate verification is strongly advised. See: https://urllib3.readthedocs.io/en/latest/advanced-usage.html#tls-warnings
  warnings.warn(

[2026-07-10 11:12:46] Enviando 17 templates.
[2026-07-10 11:12:46] Respuesta del envío: True - 
Error en consulta_info_home_public para MEDELLIN: HTTPSConnectionPool(host='www.medellin.gov.co', port=443): Read timed out. (read timeout=30)
Error en MEDELLIN: 'NoneType' object has no attribute 'json'
Error en MEDELLIN: Expecting value: line 1 column 1 (char 0)
Error en consulta_info_home_public para MEDELLIN: ('Connection aborted.', RemoteDisconnected('Remote end closed connection without response'))
Error en MEDELLIN: 'NoneType' object has no attribute 'json'
Error en consulta_info_home_public para MEDELLIN: HTTPSConnectionPool(host='www.medellin.gov.co', port=443): Read timed out. (read timeout=30)
Error en MEDELLIN: 'NoneType' object has no attribute 'json'
Error en consulta_info_home_public para MEDELLIN: HTTPSConnectionPool(host='www.medellin.gov.co', port=443): Read timed out. (read timeout=30)
Error en MEDELLIN: 'NoneType' object has no attribute 'json'
Error en consulta_info_home_public para MEDELLIN: HTTPSConnectionPool(host='www.medellin.gov.co', port=443): Read timed out. (read timeout=30)
Error en MEDELLIN: 'NoneType' object has no attribute 'json'
Error en consulta_info_home_public para MEDELLIN: HTTPSConnectionPool(host='www.medellin.gov.co', port=443): Read timed out. (read timeout=30)
Error en MEDELLIN: 'NoneType' object has no attribute 'json'
Error en consulta_info_home_public para MEDELLIN: HTTPSConnectionPool(host='www.medellin.gov.co', port=443): Read timed out. (read timeout=30)
Error en MEDELLIN: 'NoneType' object has no attribute 'json'
Error en consulta_info_home_public para MEDELLIN: HTTPSConnectionPool(host='www.medellin.gov.co', port=443): Read timed out. (read timeout=30)
Error en MEDELLIN: 'NoneType' object has no attribute 'json'
Error en consulta_info_home_public para MEDELLIN: HTTPSConnectionPool(host='www.medellin.gov.co', port=443): Read timed out. (read timeout=30)
Error en MEDELLIN: 'NoneType' object has no attribute 'json'
Error en MEDELLIN: Expecting value: line 1 column 1 (char 0)
Error en consulta_info_home_public para MEDELLIN: ('Connection aborted.', RemoteDisconnected('Remote end closed connection without response'))
Error en MEDELLIN: 'NoneType' object has no attribute 'json'
Error en MEDELLIN: Expecting value: line 1 column 1 (char 0)
Error en consulta_info_home_public para MEDELLIN: ('Connection aborted.', RemoteDisconnected('Remote end closed connection without response'))
Error en MEDELLIN: 'NoneType' object has no attribute 'json'
Error en consulta_info_home_public para MEDELLIN: HTTPSConnectionPool(host='www.medellin.gov.co', port=443): Read timed out. (read timeout=30)
Error en MEDELLIN: 'NoneType' object has no attribute 'json'
Error en MEDELLIN: Expecting value: line 1 column 1 (char 0)
Error en MEDELLIN: Expecting value: line 1 column 1 (char 0)
Error en consulta_info_home_public para MEDELLIN: HTTPSConnectionPool(host='www.medellin.gov.co', port=443): Read timed out. (read timeout=30)
Error en MEDELLIN: 'NoneType' object has no attribute 'json'
Error en MEDELLIN: Expecting value: line 1 column 1 (char 0)
Error en consulta_info_home_public para MEDELLIN: ('Connection aborted.', RemoteDisconnected('Remote end closed connection without response'))
Error en MEDELLIN: 'NoneType' object has no attribute 'json'
Error en consulta_info_home_public para MEDELLIN: HTTPSConnectionPool(host='www.medellin.gov.co', port=443): Read timed out. (read timeout=30)
Error en MEDELLIN: 'NoneType' object has no attribute 'json'
Error en MEDELLIN: Expecting value: line 1 column 1 (char 0)
Error en consulta_info_home_public para MEDELLIN: ('Connection aborted.', RemoteDisconnected('Remote end closed connection without response'))
Error en MEDELLIN: 'NoneType' object has no attribute 'json'
Error en consulta_info_home_public para MEDELLIN: HTTPSConnectionPool(host='www.medellin.gov.co', port=443): Read timed out. (read timeout=30)
Error en MEDELLIN: 'NoneType' object has no attribute 'json'
Error en consulta_info_home_public para MEDELLIN: HTTPSConnectionPool(host='www.medellin.gov.co', port=443): Read timed out. (read timeout=30)
Error en MEDELLIN: 'NoneType' object has no attribute 'json'
Error en MEDELLIN: Expecting value: line 1 column 1 (char 0)
Error en consulta_info_home_public para MEDELLIN: ('Connection aborted.', RemoteDisconnected('Remote end closed connection without response'))
Error en MEDELLIN: 'NoneType' object has no attribute 'json'
Error en MEDELLIN: Expecting value: line 1 column 1 (char 0)
Error en consulta_info_home_public para MEDELLIN: ('Connection aborted.', RemoteDisconnected('Remote end closed connection without response'))
Error en MEDELLIN: 'NoneType' object has no attribute 'json'
Error en consulta_info_home_public para MEDELLIN: HTTPSConnectionPool(host='www.medellin.gov.co', port=443): Read timed out. (read timeout=30)
Error en MEDELLIN: 'NoneType' object has no attribute 'json'
Error en MEDELLIN: Expecting value: line 1 column 1 (char 0)
Error en consulta_info_home_public para MEDELLIN: ('Connection aborted.', RemoteDisconnected('Remote end closed connection without response'))
Error en MEDELLIN: 'NoneType' object has no attribute 'json'
Error en MEDELLIN: Expecting value: line 1 column 1 (char 0)
Error en consulta_info_home_public para MEDELLIN: ('Connection aborted.', RemoteDisconnected('Remote end closed connection without response'))
Error en MEDELLIN: 'NoneType' object has no attribute 'json'
Error en consulta_info_home_public para MEDELLIN: HTTPSConnectionPool(host='www.medellin.gov.co', port=443): Read timed out. (read timeout=30)
Error en MEDELLIN: 'NoneType' object has no attribute 'json'
Error en MEDELLIN: Expecting value: line 1 column 1 (char 0)
Error en consulta_info_home_public para MEDELLIN: ('Connection aborted.', RemoteDisconnected('Remote end closed connection without response'))
Error en MEDELLIN: 'NoneType' object has no attribute 'json'
Error en MEDELLIN: Expecting value: line 1 column 1 (char 0)
Error en MEDELLIN: Expecting value: line 1 column 1 (char 0)
Error en MEDELLIN: Expecting value: line 1 column 1 (char 0)
Error en consulta_info_home_public para MEDELLIN: ('Connection aborted.', RemoteDisconnected('Remote end closed connection without response'))
Error en MEDELLIN: 'NoneType' object has no attribute 'json'
Error en MEDELLIN: Expecting value: line 1 column 1 (char 0)
Error en MEDELLIN: Expecting value: line 1 column 1 (char 0)
Error en consulta_info_home_public para MEDELLIN: HTTPSConnectionPool(host='www.medellin.gov.co', port=443): Read timed out. (read timeout=30)
Error en MEDELLIN: 'NoneType' object has no attribute 'json'
Error en consulta_info_home_public para MEDELLIN: HTTPSConnectionPool(host='www.medellin.gov.co', port=443): Read timed out. (read timeout=30)
Error en MEDELLIN: 'NoneType' object has no attribute 'json'
Error en consulta_info_home_public para MEDELLIN: HTTPSConnectionPool(host='www.medellin.gov.co', port=443): Read timed out. (read timeout=30)
Error en MEDELLIN: 'NoneType' object has no attribute 'json'
Error en MEDELLIN: Expecting value: line 1 column 1 (char 0)
Error en consulta_info_home_public para MEDELLIN: ('Connection aborted.', RemoteDisconnected('Remote end closed connection without response'))
Error en MEDELLIN: 'NoneType' object has no attribute 'json'
Error en consulta_info_home_public para MEDELLIN: HTTPSConnectionPool(host='www.medellin.gov.co', port=443): Read timed out. (read timeout=30)
Error en MEDELLIN: 'NoneType' object has no attribute 'json'
Error en consulta_info_home_public para MEDELLIN: HTTPSConnectionPool(host='www.medellin.gov.co', port=443): Read timed out. (read timeout=30)
Error en MEDELLIN: 'NoneType' object has no attribute 'json'
Error en consulta_info_home_public para MEDELLIN: HTTPSConnectionPool(host='www.medellin.gov.co', port=443): Read timed out. (read timeout=30)
Error en MEDELLIN: 'NoneType' object has no attribute 'json'
Error en consulta_info_home_public para MEDELLIN: HTTPSConnectionPool(host='www.medellin.gov.co', port=443): Read timed out. (read timeout=30)
Error en MEDELLIN: 'NoneType' object has no attribute 'json'
Error en MEDELLIN: Expecting value: line 1 column 1 (char 0)/home/comparendos/venv/lib/python3.12/site-packages/urllib3/connectionpool.py:1097: InsecureRequestWarning: Unverified HTTPS request is being made to host 'serviciosdigitales.movilidadavanzadabello.com.co'. Adding certificate verification is strongly advised. See: https://urllib3.readthedocs.io/en/latest/advanced-usage.html#tls-warnings
  warnings.warn(
/home/comparendos/venv/lib/python3.12/site-packages/urllib3/connectionpool.py:1097: InsecureRequestWarning: Unverified HTTPS request is being made to host 'serviciosdigitales.movilidadavanzadabello.com.co'. Adding certificate verification is strongly advised. See: https://urllib3.readthedocs.io/en/latest/advanced-usage.html#tls-warnings
  warnings.warn(
/home/comparendos/venv/lib/python3.12/site-packages/urllib3/connectionpool.py:1097: InsecureRequestWarning: Unverified HTTPS request is being made to host 'serviciosdigitales.movilidadavanzadabello.com.co'. Adding certificate verification is strongly advised. See: https://urllib3.readthedocs.io/en/latest/advanced-usage.html#tls-warnings
  warnings.warn(
/home/comparendos/venv/lib/python3.12/site-packages/urllib3/connectionpool.py:1097: InsecureRequestWarning: Unverified HTTPS request is being made to host 'serviciosdigitales.movilidadavanzadabello.com.co'. Adding certificate verification is strongly advised. See: https://urllib3.readthedocs.io/en/latest/advanced-usage.html#tls-warnings
  warnings.warn(
/home/comparendos/venv/lib/python3.12/site-packages/urllib3/connectionpool.py:1097: InsecureRequestWarning: Unverified HTTPS request is being made to host 'serviciosdigitales.movilidadavanzadabello.com.co'. Adding certificate verification is strongly advised. See: https://urllib3.readthedocs.io/en/latest/advanced-usage.html#tls-warnings
  warnings.warn(
/home/comparendos/venv/lib/python3.12/site-packages/urllib3/connectionpool.py:1097: InsecureRequestWarning: Unverified HTTPS request is being made to host 'serviciosdigitales.movilidadavanzadabello.com.co'. Adding certificate verification is strongly advised. See: https://urllib3.readthedocs.io/en/latest/advanced-usage.html#tls-warnings
  warnings.warn(
/home/comparendos/venv/lib/python3.12/site-packages/urllib3/connectionpool.py:1097: InsecureRequestWarning: Unverified HTTPS request is being made to host 'serviciosdigitales.movilidadavanzadabello.com.co'. Adding certificate verification is strongly advised. See: https://urllib3.readthedocs.io/en/latest/advanced-usage.html#tls-warnings
  warnings.warn(
/home/comparendos/venv/lib/python3.12/site-packages/urllib3/connectionpool.py:1097: InsecureRequestWarning: Unverified HTTPS request is being made to host 'serviciosdigitales.movilidadavanzadabello.com.co'. Adding certificate verification is strongly advised. See: https://urllib3.readthedocs.io/en/latest/advanced-usage.html#tls-warnings
  warnings.warn(
/home/comparendos/venv/lib/python3.12/site-packages/urllib3/connectionpool.py:1097: InsecureRequestWarning: Unverified HTTPS request is being made to host 'serviciosdigitales.movilidadavanzadabello.com.co'. Adding certificate verification is strongly advised. See: https://urllib3.readthedocs.io/en/latest/advanced-usage.html#tls-warnings
  warnings.warn(
/home/comparendos/venv/lib/python3.12/site-packages/urllib3/connectionpool.py:1097: InsecureRequestWarning: Unverified HTTPS request is being made to host 'serviciosdigitales.movilidadavanzadabello.com.co'. Adding certificate verification is strongly advised. See: https://urllib3.readthedocs.io/en/latest/advanced-usage.html#tls-warnings
  warnings.warn(
/home/comparendos/venv/lib/python3.12/site-packages/urllib3/connectionpool.py:1097: InsecureRequestWarning: Unverified HTTPS request is being made to host 'serviciosdigitales.movilidadavanzadabello.com.co'. Adding certificate verification is strongly advised. See: https://urllib3.readthedocs.io/en/latest/advanced-usage.html#tls-warnings
  warnings.warn(
/home/comparendos/venv/lib/python3.12/site-packages/urllib3/connectionpool.py:1097: InsecureRequestWarning: Unverified HTTPS request is being made to host 'serviciosdigitales.movilidadavanzadabello.com.co'. Adding certificate verification is strongly advised. See: https://urllib3.readthedocs.io/en/latest/advanced-usage.html#tls-warnings
  warnings.warn(
/home/comparendos/venv/lib/python3.12/site-packages/urllib3/connectionpool.py:1097: InsecureRequestWarning: Unverified HTTPS request is being made to host 'serviciosdigitales.movilidadavanzadabello.com.co'. Adding certificate verification is strongly advised. See: https://urllib3.readthedocs.io/en/latest/advanced-usage.html#tls-warnings
  warnings.warn(
/home/comparendos/venv/lib/python3.12/site-packages/urllib3/connectionpool.py:1097: InsecureRequestWarning: Unverified HTTPS request is being made to host 'serviciosdigitales.movilidadavanzadabello.com.co'. Adding certificate verification is strongly advised. See: https://urllib3.readthedocs.io/en/latest/advanced-usage.html#tls-warnings
  warnings.warn(
/home/comparendos/venv/lib/python3.12/site-packages/urllib3/connectionpool.py:1097: InsecureRequestWarning: Unverified HTTPS request is being made to host 'serviciosdigitales.movilidadavanzadabello.com.co'. Adding certificate verification is strongly advised. See: https://urllib3.readthedocs.io/en/latest/advanced-usage.html#tls-warnings
  warnings.warn(
/home/comparendos/venv/lib/python3.12/site-packages/urllib3/connectionpool.py:1097: InsecureRequestWarning: Unverified HTTPS request is being made to host 'serviciosdigitales.movilidadavanzadabello.com.co'. Adding certificate verification is strongly advised. See: https://urllib3.readthedocs.io/en/latest/advanced-usage.html#tls-warnings
  warnings.warn(
/home/comparendos/venv/lib/python3.12/site-packages/urllib3/connectionpool.py:1097: InsecureRequestWarning: Unverified HTTPS request is being made to host 'serviciosdigitales.movilidadavanzadabello.com.co'. Adding certificate verification is strongly advised. See: https://urllib3.readthedocs.io/en/latest/advanced-usage.html#tls-warnings
  warnings.warn(
/home/comparendos/venv/lib/python3.12/site-packages/urllib3/connectionpool.py:1097: InsecureRequestWarning: Unverified HTTPS request is being made to host 'serviciosdigitales.movilidadavanzadabello.com.co'. Adding certificate verification is strongly advised. See: https://urllib3.readthedocs.io/en/latest/advanced-usage.html#tls-warnings
  warnings.warn(
/home/comparendos/venv/lib/python3.12/site-packages/urllib3/connectionpool.py:1097: InsecureRequestWarning: Unverified HTTPS request is being made to host 'serviciosdigitales.movilidadavanzadabello.com.co'. Adding certificate verification is strongly advised. See: https://urllib3.readthedocs.io/en/latest/advanced-usage.html#tls-warnings
  warnings.warn(
/home/comparendos/venv/lib/python3.12/site-packages/urllib3/connectionpool.py:1097: InsecureRequestWarning: Unverified HTTPS request is being made to host 'serviciosdigitales.movilidadavanzadabello.com.co'. Adding certificate verification is strongly advised. See: https://urllib3.readthedocs.io/en/latest/advanced-usage.html#tls-warnings
  warnings.warn(

Error en consulta_info_home_public para MEDELLIN: ('Connection aborted.', RemoteDisconnected('Remote end closed connection without response'))
Error en MEDELLIN: 'NoneType' object has no attribute 'json'
Error en consulta_info_home_public para MEDELLIN: HTTPSConnectionPool(host='www.medellin.gov.co', port=443): Read timed out. (read timeout=30)
Error en MEDELLIN: 'NoneType' object has no attribute 'json'
Error en MEDELLIN: Expecting value: line 1 column 1 (char 0)
Error en consulta_info_home_public para MEDELLIN: ('Connection aborted.', RemoteDisconnected('Remote end closed connection without response'))
Error en MEDELLIN: 'NoneType' object has no attribute 'json'
Error en consulta_info_home_public para MEDELLIN: HTTPSConnectionPool(host='www.medellin.gov.co', port=443): Read timed out. (read timeout=30)
Error en MEDELLIN: 'NoneType' object has no attribute 'json'
Error en consulta_info_home_public para MEDELLIN: HTTPSConnectionPool(host='www.medellin.gov.co', port=443): Read timed out. (read timeout=30)
Error en MEDELLIN: 'NoneType' object has no attribute 'json'
Error en MEDELLIN: Expecting value: line 1 column 1 (char 0)
Error en consulta_info_home_public para MEDELLIN: ('Connection aborted.', RemoteDisconnected('Remote end closed connection without response'))
Error en MEDELLIN: 'NoneType' object has no attribute 'json'
Error en consulta_info_home_public para MEDELLIN: HTTPSConnectionPool(host='www.medellin.gov.co', port=443): Read timed out. (read timeout=30)
Error en MEDELLIN: 'NoneType' object has no attribute 'json'
Error en consulta_info_home_public para MEDELLIN: HTTPSConnectionPool(host='www.medellin.gov.co', port=443): Read timed out. (read timeout=30)
Error en MEDELLIN: 'NoneType' object has no attribute 'json'
Error en consulta_info_home_public para MEDELLIN: HTTPSConnectionPool(host='www.medellin.gov.co', port=443): Read timed out. (read timeout=30)
Error en MEDELLIN: 'NoneType' object has no attribute 'json'
Error en MEDELLIN: Expecting value: line 1 column 1 (char 0)
Error en consulta_info_home_public para MEDELLIN: ('Connection aborted.', RemoteDisconnected('Remote end closed connection without response'))
Error en MEDELLIN: 'NoneType' object has no attribute 'json'
Error en consulta_info_home_public para MEDELLIN: HTTPSConnectionPool(host='www.medellin.gov.co', port=443): Read timed out. (read timeout=30)
Error en MEDELLIN: 'NoneType' object has no attribute 'json'
Error en consulta_info_home_public para MEDELLIN: HTTPSConnectionPool(host='www.medellin.gov.co', port=443): Read timed out. (read timeout=30)
Error en MEDELLIN: 'NoneType' object has no attribute 'json'
Error en consulta_info_home_public para MEDELLIN: HTTPSConnectionPool(host='www.medellin.gov.co', port=443): Read timed out. (read timeout=30)
Error en MEDELLIN: 'NoneType' object has no attribute 'json'
Fin del proceso diario: [2026-07-10 11:59:27]
